input_text,mismatch,predicted_mismatch
"Channel: Chat | Priority: Low | Pricing tiers - Mr Hi Support, What are your support operating hours? Letter single step physical table level result.",0,0
"Channel: Email | Priority: Medium | Product question - Effect Hi Support, Is there a roadmap for new features this year? During local rather herself.",1,1
"Channel: Chat | Priority: High | Profile update - Car Hi Support, I want to permanently delete my account and data. Who human benefit glass likely recognize another west.",1,1
"Channel: Email | Priority: Low | Office location - Choose Hi Support, What are your support operating hours? Around edge fact chair order.",0,0
"Channel: Email | Priority: Medium | Subscription upgrade - Family Hi Support, My profile picture is not updating. Dream end show teach shoulder.",0,0
"Channel: Email | Priority: High | Suspicious charge - Election Hi Support, I requested a refund 5 days ago, where is it? Tough front car each everybody hope perhaps investment.",1,1
"Channel: Email | Priority: Low | Office location - Ready Hi Support, Is there a roadmap for new features this year? Only center leave result play agreement.",0,0
"Channel: Email | Priority: High | Profile update - Fill Hi Support, I lost my phone and cannot pass the 2FA check. Sense wife unit.",0,0
"Channel: Chat | Priority: High | App crashing - Past Hi Support, We are receiving a 500 Internal Server Error on the API endpoint. Father stock attack leg budget claim follow.",0,0
"Channel: Chat | Priority: Low | Screen freezes - Forget Hi Support, I cannot log into my account even after resetting the password. Certain defense certain beautiful stuff.",1,1
"Channel: Chat | Priority: Low | Login failed - Heart Hi Support, We are receiving a 500 Internal Server Error on the API endpoint. Spring open entire federal.",1,1
"Channel: Web Form | Priority: Medium | Data not syncing - Follow Hi Support, How do I install the latest patch on Windows 11? Wide trouble either sure debate cup.",1,0
"Channel: Web Form | Priority: High | Installation issue - Knowledge Hi Support, We are receiving a 500 Internal Server Error on the API endpoint. Level whole family over ground this them small.",0,0
"Channel: Web Form | Priority: Low | Pricing tiers - Human Hi Support, Where is your headquarters located? Create suddenly item rise answer true.",0,0
"Channel: Email | Priority: Medium | Suspicious charge - Good Hi Support, Why is my bill higher than the agreed amount? Painting anything certainly yes address.",0,0
"Channel: Web Form | Priority: High | App crashing - Billion Hi Support, We are receiving a 500 Internal Server Error on the API endpoint. Memory not director conference as relate.",0,0
"Channel: Chat | Priority: Medium | Password reset - Wrong Hi Support, How do I upgrade to the Enterprise plan? Answer space like according dream federal when.",0,0
"Channel: Email | Priority: Medium | Charged twice - Build Hi Support, Can you send me the invoice for transaction #99283? Form school tree campaign help.",0,0
"Channel: Email | Priority: High | Login failed - Door Hi Support, How do I install the latest patch on Windows 11? Mission report article piece choose meet author.",0,1
"Channel: Chat | Priority: Low | Profile update - Any Hi Support, I am not receiving the password reset email. Although myself take certainly material article.",1,1
"Channel: Email | Priority: Low | Charged twice - By Hi Support, I requested a refund 5 days ago, where is it? Its real season foot.",0,1
"Channel: Chat | Priority: Low | Login failed - Until Hi Support, I cannot log into my account even after resetting the password. Fall pick school theory clear gun face.",1,1
"Channel: Email | Priority: Medium | Product question - Too Hi Support, How does the team pricing tier work? Late probably we today sell new street teacher.",0,1
"Channel: Email | Priority: Low | Demo request - Time Hi Support, Do you offer a discount for non-profits? Chair case bed month fine.",0,0
"Channel: Chat | Priority: High | Account hacked - Decision Hi Support, I received a suspicious email claiming to be support. Citizen newspaper open will these.",0,0
"Channel: Email | Priority: Critical | Unrecognized login - Important Hi Support, I received a login alert from a device in Russia, which wasn't me. Body political more office expert stay miss drug.",1,1
"Channel: Chat | Priority: Critical | Login failed - Where Hi Support, The application crashes every time I open the settings tab. Show determine friend up.",0,0
"Channel: Chat | Priority: Critical | Screen freezes - Turn Hi Support, We are receiving a 500 Internal Server Error on the API endpoint. Lay evening too air itself.",0,0
"Channel: Web Form | Priority: Medium | Screen freezes - Deal Hi Support, How do I install the latest patch on Windows 11? Evidence write kid level so less girl involve.",0,0
"Channel: Web Form | Priority: Low | Delete account - Music Hi Support, I lost my phone and cannot pass the 2FA check. Under memory window word until send.",1,1
"Channel: Chat | Priority: Low | Feature request - Another Hi Support, Where is your headquarters located? Enjoy including into difficult resource road space watch.",0,0
"Channel: Chat | Priority: Low | Password reset - Rich Hi Support, How do I upgrade to the Enterprise plan? Population establish view month Mr system reality.",0,0
"Channel: Email | Priority: Critical | App crashing - Site Hi Support, We are receiving a 500 Internal Server Error on the API endpoint. Time tell campaign.",0,0
"Channel: Chat | Priority: Low | 2FA issues - Her Hi Support, How do I upgrade to the Enterprise plan? Black director hit ask.",0,0
"Channel: Web Form | Priority: Medium | Payment failed - Test Hi Support, Why is my bill higher than the agreed amount? Necessary positive exactly shake price system.",0,0
"Channel: Email | Priority: Low | Product question - Thought Hi Support, Do you offer a discount for non-profits? Debate perhaps hold.",0,0
"Channel: Web Form | Priority: High | Payment failed - Who Hi Support, My subscription renewed automatically, but I wanted to cancel. Life language future race note already suffer add.",0,0
"Channel: Chat | Priority: Medium | Charged twice - If Hi Support, I noticed a double charge on my statement for last month. Meeting style yeah.",0,0
"Channel: Email | Priority: Medium | Feature request - Seat Hi Support, What are your support operating hours? Each TV simple certain ball.",0,0
"Channel: Chat | Priority: Low | Invoice discrepancy - Life Hi Support, I noticed a double charge on my statement for last month. Act tonight he human break age.",0,0
"Channel: Chat | Priority: Low | Installation issue - Assume Hi Support, I cannot log into my account even after resetting the password. Military field simple structure popular contain.",1,1
"Channel: Web Form | Priority: High | Demo request - Something Hi Support, How does the team pricing tier work? Baby decide plant forward.",1,1
"Channel: Email | Priority: High | Office location - Season Hi Support, Is there a roadmap for new features this year? Need white pressure determine head throw despite something.",1,1
"Channel: Chat | Priority: Medium | Password reset - Body Hi Support, How do I upgrade to the Enterprise plan? Effect bad upon edge wall.",0,0
"Channel: Email | Priority: Medium | Installation issue - Article Hi Support, I cannot log into my account even after resetting the password. Book me fight standard lay believe.",0,0
"Channel: Chat | Priority: High | Stolen card - Different Hi Support, I think my account has been compromised. Fire century finally ago TV low wife.",0,0
"Channel: Email | Priority: High | API Error 500 - Family Hi Support, The dashboard is not loading any data, just a spinning wheel. Woman call well again color community.",0,0
"Channel: Chat | Priority: High | Payment failed - Page Hi Support, Why is my bill higher than the agreed amount? Travel since about.",0,0
"Channel: Chat | Priority: Low | Feature request - Authority Hi Support, Do you offer a discount for non-profits? Owner however win analysis fact.",0,0
"Channel: Chat | Priority: Low | Delete account - Level Hi Support, My profile picture is not updating. Tv third wrong hour.",1,1
"Channel: Web Form | Priority: Medium | Pricing tiers - Too Hi Support, What are your support operating hours? Paper campaign president right front officer.",0,0
"Channel: Web Form | Priority: Medium | Refund status - Full Hi Support, I have been trying to update my payment method but it keeps failing. Cause arm sister range order drive trade.",0,0
"Channel: Email | Priority: Medium | Subscription upgrade - Guess Hi Support, Please help me change the email address associated with my account. Power talk beyond may professor push raise.",0,0
"Channel: Web Form | Priority: Medium | App crashing - Affect Hi Support, How do I install the latest patch on Windows 11? Be friend eye impact line.",0,0
"Channel: Email | Priority: High | Installation issue - No Hi Support, How do I install the latest patch on Windows 11? Option agent so.",1,1
"Channel: Web Form | Priority: Low | Demo request - Wind Hi Support, What are your support operating hours? Already movie career.",0,0
"Channel: Email | Priority: High | Refund status - And Hi Support, My subscription renewed automatically, but I wanted to cancel. Institution forward beyond first street positive maintain.",1,0
"Channel: Chat | Priority: Low | Hours of operation - High Hi Support, How does the team pricing tier work? Line keep again brother among.",0,0
"Channel: Web Form | Priority: Low | Update credit card - Less Hi Support, I requested a refund 5 days ago, where is it? Reality ok challenge marriage.",0,0
"Channel: Web Form | Priority: Medium | Password reset - Husband Hi Support, I am not receiving the password reset email. Century my attack development according.",0,0
"Channel: Email | Priority: Critical | Account hacked - Lay Hi Support, Someone used my card to make a purchase on your site. Institution our rich produce body.",1,0
"Channel: Email | Priority: Low | Login failed - Strong Hi Support, My data hasn't synced to the cloud for 24 hours. Truth director quite analysis may almost.",1,1
"Channel: Web Form | Priority: Medium | Feature request - Catch Hi Support, I would like to request a demo for my team. Send time across medical high.",0,1
"Channel: Web Form | Priority: Low | Suspicious charge - Recent Hi Support, I noticed a double charge on my statement for last month. Most hot beyond father.",0,0
"Channel: Web Form | Priority: Medium | Refund status - Enjoy Hi Support, I have been trying to update my payment method but it keeps failing. Feel full rich create black week answer.",0,0
"Channel: Chat | Priority: Medium | Refund status - Hair Hi Support, I have been trying to update my payment method but it keeps failing. Reality cover stand store president attorney threat natural.",0,0
"Channel: Email | Priority: Low | Subscription upgrade - Benefit Hi Support, I am not receiving the password reset email. Fact market win model half.",0,0
"Channel: Web Form | Priority: Low | Office location - Put Hi Support, How does the team pricing tier work? Provide technology standard cover we store.",0,0
"Channel: Email | Priority: Medium | Screen freezes - Trip Hi Support, We are receiving a 500 Internal Server Error on the API endpoint. Democratic thus recent majority.",1,1
"Channel: Chat | Priority: Medium | Installation issue - Of Hi Support, The application crashes every time I open the settings tab. Huge national wind.",1,1
"Channel: Chat | Priority: High | Installation issue - Collection Hi Support, The application crashes every time I open the settings tab. Standard else nation herself.",0,0
"Channel: Web Form | Priority: High | Account hacked - Already Hi Support, I received a suspicious email claiming to be support. High plan always agree article power board.",0,0
"Channel: Email | Priority: Low | Update credit card - Sell Hi Support, I have been trying to update my payment method but it keeps failing. Form reason sign win military cause data.",1,1
"Channel: Chat | Priority: High | Login failed - Central Hi Support, We are receiving a 500 Internal Server Error on the API endpoint. Deep place create free hope.",0,0
"Channel: Chat | Priority: Medium | Profile update - Window Hi Support, Please help me change the email address associated with my account. Should here upon.",0,0
"Channel: Email | Priority: Low | Password reset - Act Hi Support, How do I upgrade to the Enterprise plan? Weight evidence lead value spend recent.",0,0
"Channel: Email | Priority: Medium | Demo request - Medical Hi Support, Do you offer a discount for non-profits? Month watch should her huge.",0,0
"Channel: Web Form | Priority: High | API Error 500 - Apply Hi Support, My data hasn't synced to the cloud for 24 hours. Produce century Mr name.",0,0
"Channel: Email | Priority: Medium | Payment failed - Gas Hi Support, Why is my bill higher than the agreed amount? Nation throughout tend bank everybody they door.",0,0
"Channel: Chat | Priority: Low | Demo request - Alone Hi Support, Do you offer a discount for non-profits? Sing sister west across truth.",0,0
"Channel: Web Form | Priority: Low | Feature request - Member Hi Support, Where is your headquarters located? West especially as eat raise discuss believe medical.",0,0
"Channel: Web Form | Priority: Medium | Pricing tiers - Page Hi Support, Do you offer a discount for non-profits? Least local while yes cultural.",0,0
"Channel: Web Form | Priority: Low | Subscription upgrade - Although Hi Support, How do I upgrade to the Enterprise plan? Off food street each certainly group.",0,0
"Channel: Chat | Priority: High | Screen freezes - Member Hi Support, How do I install the latest patch on Windows 11? Movement important author section suffer.",1,1
"Channel: Chat | Priority: Medium | Pricing tiers - Increase Hi Support, What are your support operating hours? Drive decade require either economy.",0,0
"Channel: Email | Priority: Medium | API Error 500 - Center Hi Support, The dashboard is not loading any data, just a spinning wheel. Throw speak air attack quite section light.",1,1
"Channel: Chat | Priority: High | Suspicious charge - Any Hi Support, I noticed a double charge on my statement for last month. Direction investment eight type table pay small.",1,1
"Channel: Web Form | Priority: High | Suspicious activity - Power Hi Support, I received a login alert from a device in Russia, which wasn't me. Story baby however statement control friend.",0,0
"Channel: Web Form | Priority: Medium | Profile update - Federal Hi Support, I want to permanently delete my account and data. Word less partner never.",0,0
"Channel: Web Form | Priority: Low | Hours of operation - Cold Hi Support, Is there a roadmap for new features this year? Again will either degree require.",0,0
"Channel: Web Form | Priority: Low | Demo request - Bring Hi Support, I would like to request a demo for my team. Themselves down air care with.",0,0
"Channel: Web Form | Priority: Low | Profile update - Easy Hi Support, I want to permanently delete my account and data. Some huge single.",1,1
"Channel: Email | Priority: Low | Delete account - Run Hi Support, My profile picture is not updating. Issue summer enjoy box.",0,1
"Channel: Web Form | Priority: Medium | Charged twice - Oil Hi Support, I noticed a double charge on my statement for last month. Strong as into idea catch well hold.",0,0
"Channel: Web Form | Priority: Medium | 2FA issues - Call Hi Support, Please help me change the email address associated with my account. Quickly PM affect whose Republican campaign.",0,0
"Channel: Chat | Priority: Low | Subscription upgrade - Say Hi Support, How do I upgrade to the Enterprise plan? National available Mrs safe.",0,0
"Channel: Chat | Priority: Medium | 2FA issues - Here Hi Support, I want to permanently delete my account and data. Chance half month seem yeah voice chair.",0,0
"Channel: Chat | Priority: Low | Pricing tiers - Determine Hi Support, Is there a roadmap for new features this year? Reveal summer yourself break brother.",0,0
"Channel: Email | Priority: Low | API Error 500 - Though Hi Support, We are receiving a 500 Internal Server Error on the API endpoint. Executive hard computer run nor participant.",1,1
"Channel: Chat | Priority: Medium | Login failed - Mr Hi Support, We are receiving a 500 Internal Server Error on the API endpoint. Society oil majority kid whole back reality.",1,1
"Channel: Chat | Priority: Medium | Suspicious charge - Memory Hi Support, I requested a refund 5 days ago, where is it? Prevent rule away blood recognize shoulder brother.",0,0
"Channel: Chat | Priority: High | API Error 500 - How Hi Support, We are receiving a 500 Internal Server Error on the API endpoint. View perhaps option shoulder attack recently often.",0,0
"Channel: Email | Priority: Low | Hours of operation - Weight Hi Support, How does the team pricing tier work? Board specific side wear.",0,0
"Channel: Chat | Priority: Critical | Phishing attempt - Occur Hi Support, Someone used my card to make a purchase on your site. Dark place one population far thank when eat.",1,1
"Channel: Web Form | Priority: Medium | API Error 500 - Eye Hi Support, I cannot log into my account even after resetting the password. Company structure cause group class.",0,1
"Channel: Chat | Priority: Low | Delete account - Stay Hi Support, I lost my phone and cannot pass the 2FA check. Sure information ahead concern believe.",0,1
"Channel: Web Form | Priority: Medium | Product question - Analysis Hi Support, Where is your headquarters located? Nothing order wait law base.",0,1
"Channel: Chat | Priority: Medium | Payment failed - Nearly Hi Support, I requested a refund 5 days ago, where is it? Determine former should great president difficult.",0,0
"Channel: Chat | Priority: Low | Update credit card - Off Hi Support, I requested a refund 5 days ago, where is it? Teacher picture hair.",1,0
"Channel: Chat | Priority: High | Login failed - Concern Hi Support, My data hasn't synced to the cloud for 24 hours. They arm very against.",0,0
"Channel: Chat | Priority: High | App crashing - Second Hi Support, We are receiving a 500 Internal Server Error on the API endpoint. Hotel situation compare such.",0,0
"Channel: Email | Priority: Low | Charged twice - Team Hi Support, My subscription renewed automatically, but I wanted to cancel. Read account a over week until.",1,1
"Channel: Chat | Priority: Medium | Installation issue - Door Hi Support, The application crashes every time I open the settings tab. If follow go hold room contain work.",1,0
"Channel: Email | Priority: Low | Profile update - Even Hi Support, I lost my phone and cannot pass the 2FA check. Senior father happy south friend suddenly.",1,1
"Channel: Email | Priority: Medium | Refund status - Study Hi Support, Why is my bill higher than the agreed amount? Around already worry first factor.",0,0
"Channel: Email | Priority: Low | Feature request - Key Hi Support, Is there a roadmap for new features this year? Officer fine think car letter step.",0,0
"Channel: Email | Priority: Medium | Profile update - Training Hi Support, I lost my phone and cannot pass the 2FA check. Our might here explain would between event.",0,0
"Channel: Web Form | Priority: High | App crashing - Thus Hi Support, The dashboard is not loading any data, just a spinning wheel. Use it represent particularly institution protect enjoy.",0,0
"Channel: Email | Priority: Low | Pricing tiers - Rate Hi Support, Where is your headquarters located? Program side seat west home.",0,0
"Channel: Email | Priority: Medium | Hours of operation - Value Hi Support, I would like to request a demo for my team. New move perhaps around him.",0,0
"Channel: Chat | Priority: Medium | Subscription upgrade - Dinner Hi Support, My profile picture is not updating. Mission focus up mention because training.",0,0
"Channel: Web Form | Priority: Medium | App crashing - Civil Hi Support, The application crashes every time I open the settings tab. Clearly product often day from animal test.",0,1
"Channel: Web Form | Priority: Low | Delete account - Thousand Hi Support, I am not receiving the password reset email. Human past white cut dog view painting.",1,1
"Channel: Web Form | Priority: Low | Suspicious charge - With Hi Support, I have been trying to update my payment method but it keeps failing. Point defense officer ago.",1,1
"Channel: Web Form | Priority: Medium | Profile update - Concern Hi Support, How do I upgrade to the Enterprise plan? Use may crime across season pay and.",0,1
"Channel: Web Form | Priority: High | Phishing attempt - Side Hi Support, Why is there a new device added to my trusted list? The when fall speak full.",0,0
"Channel: Email | Priority: Medium | Suspicious charge - Record Hi Support, My subscription renewed automatically, but I wanted to cancel. West Mr difficult vote school everyone.",0,0
"Channel: Email | Priority: High | Installation issue - Position Hi Support, We are receiving a 500 Internal Server Error on the API endpoint. Garden born building example long system.",0,0
"Channel: Chat | Priority: Low | Charged twice - Memory Hi Support, Can you send me the invoice for transaction #99283? Serious send line medical together director.",1,1
"Channel: Web Form | Priority: Medium | 2FA issues - Near Hi Support, How do I upgrade to the Enterprise plan? Own fly city a much.",1,1
"Channel: Web Form | Priority: Low | App crashing - Fast Hi Support, We are receiving a 500 Internal Server Error on the API endpoint. Strong what phone rock.",1,1
"Channel: Email | Priority: Medium | Feature request - Hospital Hi Support, Is there a roadmap for new features this year? Fly authority structure.",1,1
"Channel: Web Form | Priority: Low | API Error 500 - Special Hi Support, My data hasn't synced to the cloud for 24 hours. Floor personal office inside if.",1,1
"Channel: Web Form | Priority: Medium | Screen freezes - Work Hi Support, How do I install the latest patch on Windows 11? Go board follow meet.",0,0
"Channel: Chat | Priority: Low | Hours of operation - Inside Hi Support, I would like to request a demo for my team. Common civil subject similar cold else.",0,0
"Channel: Email | Priority: Medium | Refund status - Fish Hi Support, I requested a refund 5 days ago, where is it? He receive cut open form best.",0,0
"Channel: Email | Priority: Low | Password reset - Along Hi Support, Please help me change the email address associated with my account. Wife improve personal science.",0,0
"Channel: Web Form | Priority: Critical | Account hacked - Culture Hi Support, Someone used my card to make a purchase on your site. Economy conference reach person book.",1,0
"Channel: Web Form | Priority: Low | Profile update - Network Hi Support, How do I upgrade to the Enterprise plan? List magazine boy woman husband.",0,0
"Channel: Email | Priority: Medium | Suspicious charge - Eight Hi Support, Can you send me the invoice for transaction #99283? Fast store chance plan finish respond stage.",0,0
"Channel: Chat | Priority: Low | Update credit card - Whole Hi Support, Why is my bill higher than the agreed amount? One people we enjoy realize oil ability.",0,0
"Channel: Chat | Priority: Medium | Demo request - Data Hi Support, Do you offer a discount for non-profits? Affect husband follow develop political.",1,1
"Channel: Chat | Priority: Low | Update credit card - College Hi Support, My subscription renewed automatically, but I wanted to cancel. System choose learn over though authority.",0,0
"Channel: Email | Priority: Medium | Payment failed - Source Hi Support, Why is my bill higher than the agreed amount? Allow be pass court suddenly ago radio fire.",0,0
"Channel: Email | Priority: Low | Charged twice - Traditional Hi Support, Why is my bill higher than the agreed amount? Industry matter sell town soldier.",0,0
"Channel: Email | Priority: Low | Invoice discrepancy - Generation Hi Support, Can you send me the invoice for transaction #99283? Citizen forward degree career.",0,0
"Channel: Chat | Priority: Medium | App crashing - Friend Hi Support, I cannot log into my account even after resetting the password. Close then stop discover rule inside.",1,1
"Channel: Email | Priority: Low | Delete account - Court Hi Support, I want to permanently delete my account and data. Security where find appear.",0,1
"Channel: Chat | Priority: Low | Refund status - Standard Hi Support, I requested a refund 5 days ago, where is it? Parent represent race continue doctor yeah worker.",0,1
"Channel: Email | Priority: Critical | Stolen card - Thus Hi Support, I think my account has been compromised. Interesting enough campaign herself project skill.",1,1
"Channel: Chat | Priority: Medium | Installation issue - Environment Hi Support, I cannot log into my account even after resetting the password. Tree economic response interest like mention rule.",0,0
"Channel: Web Form | Priority: High | Screen freezes - Mr Hi Support, The dashboard is not loading any data, just a spinning wheel. Nearly speech your relate health.",0,0
"Channel: Email | Priority: High | Office location - Leg Hi Support, Where is your headquarters located? West number court way ever.",1,1
"Channel: Email | Priority: Medium | Installation issue - Eight Hi Support, I cannot log into my account even after resetting the password. Too apply land college effort available speak reach.",0,0
"Channel: Email | Priority: High | App crashing - Imagine Hi Support, My data hasn't synced to the cloud for 24 hours. Knowledge could memory.",0,0
"Channel: Chat | Priority: Medium | Product question - Best Hi Support, I would like to request a demo for my team. Miss stay fact relate situation them current.",0,1
"Channel: Chat | Priority: Low | Data not syncing - Mr Hi Support, We are receiving a 500 Internal Server Error on the API endpoint. Thousand past pull example dream.",1,1
"Channel: Chat | Priority: Medium | App crashing - Blue Hi Support, The dashboard is not loading any data, just a spinning wheel. Yard born population adult wind.",0,0
"Channel: Email | Priority: Low | Refund status - Movie Hi Support, I have been trying to update my payment method but it keeps failing. Physical economy list represent far base single.",0,1
"Channel: Chat | Priority: Medium | Pricing tiers - Ball Hi Support, Where is your headquarters located? Commercial four field third order eye statement.",0,0
"Channel: Web Form | Priority: Medium | Refund status - With Hi Support, I noticed a double charge on my statement for last month. Speak production despite hot democratic water voice.",0,0
"Channel: Email | Priority: High | Login failed - Those Hi Support, How do I install the latest patch on Windows 11? Responsibility record able body market trouble almost everyone.",0,0
"Channel: Email | Priority: Medium | Screen freezes - Democrat Hi Support, My data hasn't synced to the cloud for 24 hours. Strong throughout south term little station hard.",0,0
"Channel: Chat | Priority: Low | Payment failed - Pass Hi Support, I noticed a double charge on my statement for last month. Church reality stand ready truth second shoulder issue.",1,1
"Channel: Web Form | Priority: Low | Screen freezes - Also Hi Support, The dashboard is not loading any data, just a spinning wheel. Edge common through better whom no.",1,1
"Channel: Web Form | Priority: Low | Subscription upgrade - Always Hi Support, I am not receiving the password reset email. On ask election hour every approach resource.",0,0
"Channel: Web Form | Priority: Low | Login failed - Much Hi Support, We are receiving a 500 Internal Server Error on the API endpoint. Surface form contain professor bill.",1,1
"Channel: Chat | Priority: Medium | Suspicious charge - Talk Hi Support, My subscription renewed automatically, but I wanted to cancel. House accept ahead education.",0,0
"Channel: Email | Priority: Low | Change email - Site Hi Support, I am not receiving the password reset email. Fund old watch marriage.",0,1
"Channel: Email | Priority: Low | Refund status - Chance Hi Support, I noticed a double charge on my statement for last month. Simple to relationship often daughter there professional.",0,0
"Channel: Chat | Priority: High | Data not syncing - Issue Hi Support, I cannot log into my account even after resetting the password. Stage country administration might difficult everybody.",0,0
"Channel: Chat | Priority: High | Suspicious charge - Player Hi Support, I noticed a double charge on my statement for last month. Speech visit citizen even.",1,1
"Channel: Web Form | Priority: Low | Demo request - Personal Hi Support, What are your support operating hours? Reality style note employee indicate month church.",0,0
"Channel: Chat | Priority: Critical | Unrecognized login - Away Hi Support, Someone used my card to make a purchase on your site. Various enjoy other arrive.",1,1
"Channel: Chat | Priority: High | Installation issue - Sea Hi Support, The application crashes every time I open the settings tab. Plan left security newspaper plant morning expect.",0,0
"Channel: Email | Priority: Medium | Change email - A Hi Support, I am not receiving the password reset email. Choose someone race national.",0,0
"Channel: Email | Priority: Low | Invoice discrepancy - Use Hi Support, Why is my bill higher than the agreed amount? Whose situation every responsibility song.",0,0
"Channel: Web Form | Priority: Medium | Login failed - Beautiful Hi Support, The application crashes every time I open the settings tab. Mention little compare partner manage third political candidate.",1,1
"Channel: Email | Priority: High | API Error 500 - Guy Hi Support, How do I install the latest patch on Windows 11? Including eat lose stay task service.",0,0
"Channel: Web Form | Priority: High | Installation issue - Human Hi Support, The application crashes every time I open the settings tab. American size him raise every forward human.",0,0
"Channel: Email | Priority: Medium | Installation issue - Action Hi Support, How do I install the latest patch on Windows 11? Create bag theory admit.",1,0
"Channel: Web Form | Priority: Medium | Suspicious charge - Head Hi Support, I have been trying to update my payment method but it keeps failing. Amount friend later structure machine member understand.",0,0
"Channel: Chat | Priority: Critical | App crashing - Where Hi Support, The dashboard is not loading any data, just a spinning wheel. Record picture so receive write.",1,1
"Channel: Chat | Priority: Medium | Refund status - Deal Hi Support, Can you send me the invoice for transaction #99283? Owner loss leader fact character oil.",0,0
"Channel: Web Form | Priority: Medium | App crashing - Through Hi Support, I cannot log into my account even after resetting the password. Fast skill spring.",0,1
"Channel: Chat | Priority: Low | Delete account - Positive Hi Support, I lost my phone and cannot pass the 2FA check. Value human his enjoy full.",1,1
"Channel: Email | Priority: Medium | Product question - Voice Hi Support, How does the team pricing tier work? Crime open learn reality as.",1,1
"Channel: Web Form | Priority: Low | Login failed - Politics Hi Support, We are receiving a 500 Internal Server Error on the API endpoint. Church participant it window near law enter.",1,1
"Channel: Chat | Priority: Medium | Delete account - Back Hi Support, My profile picture is not updating. Maybe rest leader fear just treatment.",0,0
"Channel: Web Form | Priority: Low | Login failed - Condition Hi Support, The application crashes every time I open the settings tab. Collection artist first ahead table popular truth identify.",1,1
"Channel: Web Form | Priority: Critical | Installation issue - Forget Hi Support, I cannot log into my account even after resetting the password. Teacher story itself student.",1,1
"Channel: Chat | Priority: Low | Pricing tiers - Over Hi Support, I would like to request a demo for my team. Clear from sing before commercial evening.",0,0
"Channel: Web Form | Priority: Medium | API Error 500 - Happen Hi Support, My data hasn't synced to the cloud for 24 hours. Accept perhaps there PM number land.",0,1
"Channel: Chat | Priority: High | API Error 500 - Need Hi Support, The dashboard is not loading any data, just a spinning wheel. Cultural left factor home father better response.",0,0
"Channel: Web Form | Priority: High | App crashing - These Hi Support, How do I install the latest patch on Windows 11? Difference nor me speak wrong.",1,1
"Channel: Web Form | Priority: Critical | Screen freezes - World Hi Support, We are receiving a 500 Internal Server Error on the API endpoint. Tend government minute maybe people heart.",0,0
"Channel: Web Form | Priority: Low | Refund status - Free Hi Support, Why is my bill higher than the agreed amount? Into animal realize modern management your.",1,0
"Channel: Email | Priority: Low | Suspicious charge - Role Hi Support, I have been trying to update my payment method but it keeps failing. Cultural successful out buy exactly.",1,1
"Channel: Chat | Priority: Low | Invoice discrepancy - Practice Hi Support, I noticed a double charge on my statement for last month. Again everyone stock lead.",0,0
"Channel: Chat | Priority: Critical | Stolen card - Way Hi Support, I received a login alert from a device in Russia, which wasn't me. Pretty indicate capital.",1,1
"Channel: Chat | Priority: Medium | Password reset - Yourself Hi Support, I am not receiving the password reset email. Performance woman second.",0,0
"Channel: Email | Priority: Low | Password reset - Phone Hi Support, Please help me change the email address associated with my account. Thousand traditional decision sense bed.",0,1
"Channel: Email | Priority: Low | Password reset - Material Hi Support, How do I upgrade to the Enterprise plan? Result value meeting Mrs bar lawyer.",0,0
"Channel: Chat | Priority: Low | API Error 500 - Agency Hi Support, The dashboard is not loading any data, just a spinning wheel. Adult writer style production strategy.",1,1
"Channel: Chat | Priority: Medium | Change email - Name Hi Support, I lost my phone and cannot pass the 2FA check. All red enough good.",0,0
"Channel: Email | Priority: Low | Login failed - Instead Hi Support, I cannot log into my account even after resetting the password. Nothing truth where subject health record.",1,1
"Channel: Chat | Priority: Medium | Invoice discrepancy - Win Hi Support, I noticed a double charge on my statement for last month. Staff specific book explain color interest final.",1,0
"Channel: Chat | Priority: Medium | Charged twice - Consumer Hi Support, I requested a refund 5 days ago, where is it? Decade mention economic around action bag threat.",0,0
"Channel: Email | Priority: Low | 2FA issues - Task Hi Support, I want to permanently delete my account and data. Soldier health believe business person.",1,0
"Channel: Web Form | Priority: Critical | Unrecognized login - Wonder Hi Support, I received a suspicious email claiming to be support. Kitchen close the many around.",1,1
"Channel: Chat | Priority: Critical | Suspicious activity - Around Hi Support, Someone used my card to make a purchase on your site. Economic old fact piece.",1,1
"Channel: Chat | Priority: Low | Login failed - Spring Hi Support, How do I install the latest patch on Windows 11? Son company alone theory every this project.",0,1
"Channel: Chat | Priority: Medium | Screen freezes - Painting Hi Support, We are receiving a 500 Internal Server Error on the API endpoint. Serious rather whose health.",1,1
"Channel: Chat | Priority: Medium | Change email - Issue Hi Support, I want to permanently delete my account and data. Piece wonder garden despite several former.",0,0
"Channel: Email | Priority: Low | Suspicious charge - Their Hi Support, Can you send me the invoice for transaction #99283? Which you court nothing.",0,0
"Channel: Email | Priority: Critical | Unrecognized login - Wife Hi Support, Why is there a new device added to my trusted list? Effort girl letter box.",1,1
"Channel: Web Form | Priority: High | Installation issue - Happen Hi Support, The application crashes every time I open the settings tab. Economic key history choose note able debate.",0,0
"Channel: Chat | Priority: Low | Charged twice - Travel Hi Support, My subscription renewed automatically, but I wanted to cancel. Direction entire boy if.",0,0
"Channel: Chat | Priority: High | Installation issue - Cover Hi Support, I cannot log into my account even after resetting the password. Draw network security social indeed budget recognize.",0,0
"Channel: Email | Priority: Low | Delete account - Knowledge Hi Support, My profile picture is not updating. Admit quality never suffer.",0,1
"Channel: Web Form | Priority: Low | Screen freezes - Happen Hi Support, How do I install the latest patch on Windows 11? Life sound discussion prove risk.",0,0
"Channel: Web Form | Priority: Medium | Hours of operation - Career Hi Support, Do you offer a discount for non-profits? Far room born amount but maintain onto.",1,0
"Channel: Web Form | Priority: Low | Change email - Box Hi Support, How do I upgrade to the Enterprise plan? Senior they authority whom civil form space.",0,0
"Channel: Email | Priority: Critical | Account hacked - Enter Hi Support, I received a login alert from a device in Russia, which wasn't me. Matter floor policy letter.",0,0
"Channel: Email | Priority: Medium | App crashing - Them Hi Support, The dashboard is not loading any data, just a spinning wheel. Scene view boy rock success music.",0,0
"Channel: Web Form | Priority: High | Office location - Others Hi Support, Do you offer a discount for non-profits? College wish century item.",1,1
"Channel: Chat | Priority: Low | Charged twice - Relate Hi Support, My subscription renewed automatically, but I wanted to cancel. Party imagine development morning Republican seat.",0,0
"Channel: Chat | Priority: Low | Update credit card - Task Hi Support, I have been trying to update my payment method but it keeps failing. Deal wide among try cell use religious even.",1,1
"Channel: Chat | Priority: Low | Change email - Win Hi Support, I lost my phone and cannot pass the 2FA check. Can shake main agree entire network evening resource.",1,1
"Channel: Web Form | Priority: Low | Charged twice - Full Hi Support, Can you send me the invoice for transaction #99283? Understand way finally individual forward population price.",0,0
"Channel: Chat | Priority: Low | 2FA issues - Source Hi Support, Please help me change the email address associated with my account. All along home tonight.",1,0
"Channel: Chat | Priority: Medium | Demo request - Doctor Hi Support, What are your support operating hours? Seem option throughout focus conference friend pay.",0,0
"Channel: Email | Priority: Medium | Refund status - Respond Hi Support, Can you send me the invoice for transaction #99283? Blue task according sort campaign.",0,0
"Channel: Web Form | Priority: Medium | Change email - None Hi Support, Please help me change the email address associated with my account. According chair better down.",0,0
"Channel: Web Form | Priority: Low | Subscription upgrade - Upon Hi Support, Please help me change the email address associated with my account. Special without truth blue business summer item.",0,0
"Channel: Web Form | Priority: Low | Update credit card - Ten Hi Support, I requested a refund 5 days ago, where is it? A memory last thing lose choose maybe.",0,1
"Channel: Web Form | Priority: Low | Delete account - Factor Hi Support, I lost my phone and cannot pass the 2FA check. Real relate bag note single poor.",0,0
"Channel: Chat | Priority: Low | Product question - Evidence Hi Support, Is there a roadmap for new features this year? Meet recognize forget ok church.",0,0
"Channel: Chat | Priority: High | Installation issue - Family Hi Support, The application crashes every time I open the settings tab. Top pattern attorney relate whose weight.",0,0
"Channel: Chat | Priority: Medium | Update credit card - Study Hi Support, Can you send me the invoice for transaction #99283? Reflect could miss blood.",0,0
"Channel: Web Form | Priority: Critical | API Error 500 - Nice Hi Support, We are receiving a 500 Internal Server Error on the API endpoint. Agent ask member make best but sea.",1,1
"Channel: Chat | Priority: High | 2FA issues - Why Hi Support, I want to permanently delete my account and data. Church play like girl line owner for nothing.",1,1
"Channel: Email | Priority: Low | Payment failed - Success Hi Support, I noticed a double charge on my statement for last month. Condition too make us wish.",1,1
"Channel: Email | Priority: Low | Payment failed - Federal Hi Support, Can you send me the invoice for transaction #99283? Between move finally.",1,1
"Channel: Email | Priority: Medium | Suspicious charge - Charge Hi Support, My subscription renewed automatically, but I wanted to cancel. Different win moment machine worry data.",0,0
"Channel: Web Form | Priority: Low | Feature request - Lead Hi Support, Where is your headquarters located? Usually worker hotel enjoy everything deep possible.",0,0
"Channel: Email | Priority: Low | 2FA issues - Draw Hi Support, I want to permanently delete my account and data. Realize including occur push matter church whose.",0,0
"Channel: Chat | Priority: Medium | Data not syncing - New Hi Support, My data hasn't synced to the cloud for 24 hours. According note pressure stop fall sense book.",0,0
"Channel: Web Form | Priority: High | Suspicious charge - Suggest Hi Support, Why is my bill higher than the agreed amount? Hair conference painting detail civil receive.",1,1
"Channel: Chat | Priority: Low | Refund status - Rule Hi Support, I have been trying to update my payment method but it keeps failing. A audience stock media research interesting key.",1,1
"Channel: Web Form | Priority: Low | Office location - Eye Hi Support, I would like to request a demo for my team. Minute matter note move build.",0,0
"Channel: Web Form | Priority: Low | Refund status - About Hi Support, Why is my bill higher than the agreed amount? Sound stand wear.",0,1
"Channel: Web Form | Priority: Medium | Data not syncing - Organization Hi Support, The dashboard is not loading any data, just a spinning wheel. Many still hundred.",0,0
"Channel: Web Form | Priority: Medium | Feature request - All Hi Support, How does the team pricing tier work? Serve here always listen land purpose.",1,1
"Channel: Chat | Priority: Medium | Installation issue - White Hi Support, The dashboard is not loading any data, just a spinning wheel. Woman position federal customer big check the.",0,0
"Channel: Chat | Priority: High | App crashing - Story Hi Support, How do I install the latest patch on Windows 11? Else four partner state grow big.",1,1
"Channel: Chat | Priority: Medium | Update credit card - Road Hi Support, I noticed a double charge on my statement for last month. Term manage late view.",0,0
"Channel: Web Form | Priority: Medium | Installation issue - Mission Hi Support, How do I install the latest patch on Windows 11? Think team though those conference look federal.",1,1
"Channel: Web Form | Priority: Medium | Hours of operation - Whether Hi Support, Is there a roadmap for new features this year? Page dream his under memory.",0,0
"Channel: Web Form | Priority: High | Password reset - Simply Hi Support, I want to permanently delete my account and data. Do your simply return bill mind marriage.",0,0
"Channel: Email | Priority: Low | Feature request - Assume Hi Support, Where is your headquarters located? Effect budget mind day station value.",0,0
"Channel: Chat | Priority: Low | Feature request - Security Hi Support, Is there a roadmap for new features this year? Official ahead science.",0,0
"Channel: Email | Priority: Critical | Unrecognized login - By Hi Support, Lock my account immediately, I see transactions I didn't make. Require single bag thousand rate responsibility Republican.",0,0
"Channel: Chat | Priority: Low | Profile update - Hear Hi Support, Please help me change the email address associated with my account. Structure sit yeah.",1,1
"Channel: Web Form | Priority: High | API Error 500 - Democratic Hi Support, The dashboard is not loading any data, just a spinning wheel. Ten federal listen price.",0,0
"Channel: Chat | Priority: Medium | Login failed - White Hi Support, How do I install the latest patch on Windows 11? Edge stop race conference hot.",0,0
"Channel: Chat | Priority: Medium | Charged twice - Happy Hi Support, I requested a refund 5 days ago, where is it? In manager similar each pretty.",0,0
"Channel: Web Form | Priority: Medium | Suspicious charge - Adult Hi Support, I requested a refund 5 days ago, where is it? Heavy yard effect dark their establish.",0,0
"Channel: Web Form | Priority: Medium | Subscription upgrade - Report Hi Support, My profile picture is not updating. Specific I movie understand.",0,0
"Channel: Chat | Priority: Medium | Login failed - Hold Hi Support, How do I install the latest patch on Windows 11? Hit marriage worker ability child center class establish.",0,0
"Channel: Chat | Priority: High | App crashing - Remain Hi Support, We are receiving a 500 Internal Server Error on the API endpoint. Meeting so yes involve room.",0,0
"Channel: Web Form | Priority: Critical | API Error 500 - Fear Hi Support, The dashboard is not loading any data, just a spinning wheel. Century exist space collection laugh safe learn.",1,1
"Channel: Chat | Priority: Medium | Invoice discrepancy - Later Hi Support, Why is my bill higher than the agreed amount? Summer during want create window dog.",0,0
"Channel: Email | Priority: High | Subscription upgrade - Full Hi Support, My profile picture is not updating. Blue people detail must room board Republican certain.",0,1
"Channel: Email | Priority: Low | Change email - To Hi Support, My profile picture is not updating. Carry main point order clearly again design.",0,0
"Channel: Chat | Priority: Low | Demo request - Issue Hi Support, Where is your headquarters located? Never position policy.",0,0
"Channel: Email | Priority: High | Data not syncing - Else Hi Support, We are receiving a 500 Internal Server Error on the API endpoint. Sign sport tax.",0,0
"Channel: Chat | Priority: High | Profile update - Detail Hi Support, I want to permanently delete my account and data. Science TV speech.",0,1
"Channel: Chat | Priority: Low | Update credit card - Artist Hi Support, Why is my bill higher than the agreed amount? Should TV moment.",0,0
"Channel: Email | Priority: High | API Error 500 - Center Hi Support, We are receiving a 500 Internal Server Error on the API endpoint. No real miss hear many year run.",0,0
"Channel: Web Form | Priority: Low | Payment failed - Argue Hi Support, Can you send me the invoice for transaction #99283? Natural couple among world.",1,1
"Channel: Email | Priority: Low | Invoice discrepancy - International Hi Support, I noticed a double charge on my statement for last month. Something professor hundred.",0,0
"Channel: Email | Priority: Low | Refund status - Play Hi Support, Why is my bill higher than the agreed amount? Today field international learn before prevent environment quickly.",1,1
"Channel: Email | Priority: Critical | Alert notification - Method Hi Support, I received a login alert from a device in Russia, which wasn't me. Hot see seek take skin family cell.",1,1
"Channel: Web Form | Priority: Medium | Charged twice - Eye Hi Support, I have been trying to update my payment method but it keeps failing. Ready article provide officer cost present.",0,0
"Channel: Email | Priority: High | Suspicious charge - Option Hi Support, I noticed a double charge on my statement for last month. Parent simple person another once quite.",1,1
"Channel: Web Form | Priority: Low | Charged twice - Democrat Hi Support, Can you send me the invoice for transaction #99283? Network girl thank meeting history once.",0,0
"Channel: Chat | Priority: Low | Product question - Maintain Hi Support, Where is your headquarters located? Without trouble rock past school modern culture single.",0,0
"Channel: Chat | Priority: High | 2FA issues - Star Hi Support, I am not receiving the password reset email. Likely yes sign.",0,1
"Channel: Email | Priority: High | Update credit card - Study Hi Support, I noticed a double charge on my statement for last month. Anyone live box opportunity forward.",1,1
"Channel: Email | Priority: Low | Change email - A Hi Support, I want to permanently delete my account and data. Clear recently first professional material peace.",0,0
"Channel: Email | Priority: Low | Change email - Develop Hi Support, My profile picture is not updating. Alone someone wear wish town.",1,0
"Channel: Chat | Priority: High | Screen freezes - Save Hi Support, How do I install the latest patch on Windows 11? Model resource stop these.",1,1
"Channel: Web Form | Priority: High | Demo request - Certainly Hi Support, How does the team pricing tier work? Top brother sign animal.",1,1
"Channel: Web Form | Priority: Low | Pricing tiers - Movement Hi Support, Is there a roadmap for new features this year? Other sit water forward.",0,0
"Channel: Chat | Priority: Medium | Charged twice - Make Hi Support, My subscription renewed automatically, but I wanted to cancel. Either vote white long huge former.",0,0
"Channel: Email | Priority: Critical | Alert notification - Clearly Hi Support, I think my account has been compromised. Network standard serve nation same rock table field.",1,1
"Channel: Email | Priority: Medium | Login failed - Look Hi Support, My data hasn't synced to the cloud for 24 hours. Only offer air grow increase there someone.",1,0
"Channel: Web Form | Priority: Critical | Installation issue - Talk Hi Support, We are receiving a 500 Internal Server Error on the API endpoint. Determine true environmental.",1,1
"Channel: Email | Priority: High | Product question - Economic Hi Support, What are your support operating hours? Rather baby marriage eat present.",1,1
"Channel: Chat | Priority: Low | Delete account - Student Hi Support, I lost my phone and cannot pass the 2FA check. During each American system black rather.",1,1
"Channel: Email | Priority: Low | Demo request - Evidence Hi Support, Is there a roadmap for new features this year? Defense name gas throw any themselves voice similar.",0,0
"Channel: Web Form | Priority: Low | Refund status - Gun Hi Support, I noticed a double charge on my statement for last month. A develop though heavy far avoid.",0,0
"Channel: Chat | Priority: Critical | Suspicious activity - Attention Hi Support, Why is there a new device added to my trusted list? Glass happen scientist box line phone.",1,1
"Channel: Web Form | Priority: Low | Suspicious charge - His Hi Support, I noticed a double charge on my statement for last month. After decision adult.",0,0
"Channel: Web Form | Priority: Medium | App crashing - Site Hi Support, I cannot log into my account even after resetting the password. Let care special sometimes different field letter.",1,0
"Channel: Web Form | Priority: Medium | Data not syncing - Industry Hi Support, The application crashes every time I open the settings tab. Especially mention trade little surface put officer race.",0,0
"Channel: Chat | Priority: High | Phishing attempt - Its Hi Support, Why is there a new device added to my trusted list? Loss information reveal foot education despite.",1,1
"Channel: Chat | Priority: Low | Update credit card - None Hi Support, I requested a refund 5 days ago, where is it? Where end four station from.",1,1
"Channel: Web Form | Priority: Low | Password reset - Change Hi Support, I lost my phone and cannot pass the 2FA check. She policy success.",0,1
"Channel: Email | Priority: Low | Change email - Hope Hi Support, My profile picture is not updating. Kind medical much will hospital movement although.",0,1
"Channel: Chat | Priority: Medium | Installation issue - Pm Hi Support, The dashboard is not loading any data, just a spinning wheel. Trial military ground long clear foreign.",0,0
"Channel: Email | Priority: Low | Update credit card - Size Hi Support, Why is my bill higher than the agreed amount? Can parent remain.",0,0
"Channel: Chat | Priority: Medium | Data not syncing - Class Hi Support, The application crashes every time I open the settings tab. Sound interest avoid new why authority term.",0,0
"Channel: Web Form | Priority: Low | Screen freezes - Apply Hi Support, How do I install the latest patch on Windows 11? Its claim time box.",0,0
"Channel: Web Form | Priority: Medium | Profile update - Whom Hi Support, How do I upgrade to the Enterprise plan? Cost sister when land.",1,0
"Channel: Chat | Priority: Low | Data not syncing - Another Hi Support, We are receiving a 500 Internal Server Error on the API endpoint. Use until huge just hair final reality.",1,1
"Channel: Email | Priority: Medium | Data not syncing - Artist Hi Support, The application crashes every time I open the settings tab. Back trip us good.",0,0
"Channel: Web Form | Priority: High | Installation issue - She Hi Support, I cannot log into my account even after resetting the password. Attorney finally information far lay society.",0,0
"Channel: Web Form | Priority: Medium | Data not syncing - Laugh Hi Support, We are receiving a 500 Internal Server Error on the API endpoint. Right fly explain phone country.",0,0
"Channel: Web Form | Priority: Low | Demo request - Everything Hi Support, What are your support operating hours? Might much difference would mouth ability.",1,1
"Channel: Chat | Priority: Low | Refund status - Coach Hi Support, I have been trying to update my payment method but it keeps failing. Art decision determine care trip north future.",1,1
"Channel: Chat | Priority: Low | Subscription upgrade - Support Hi Support, I am not receiving the password reset email. Director employee car address only.",0,0
"Channel: Email | Priority: Medium | Invoice discrepancy - Statement Hi Support, I requested a refund 5 days ago, where is it? Key certainly arrive.",0,0
"Channel: Web Form | Priority: High | Demo request - Investment Hi Support, How does the team pricing tier work? Address everyone loss strong his act.",1,1
"Channel: Chat | Priority: Medium | API Error 500 - Write Hi Support, How do I install the latest patch on Windows 11? Price chair with owner wide you for.",0,0
"Channel: Web Form | Priority: Low | Invoice discrepancy - Phone Hi Support, I noticed a double charge on my statement for last month. Event ready east require finally.",0,0
"Channel: Web Form | Priority: Low | Office location - Single Hi Support, Do you offer a discount for non-profits? He save see brother writer company let.",0,0
"Channel: Chat | Priority: Medium | Screen freezes - Blue Hi Support, The application crashes every time I open the settings tab. Woman other body culture mention.",0,0
"Channel: Web Form | Priority: High | Data not syncing - Stage Hi Support, We are receiving a 500 Internal Server Error on the API endpoint. Increase prepare arrive start fight worry rich.",0,0
"Channel: Email | Priority: Critical | Login failed - Class Hi Support, My data hasn't synced to the cloud for 24 hours. Month give real.",0,0
"Channel: Chat | Priority: Medium | Demo request - Open Hi Support, Do you offer a discount for non-profits? Star animal because how property owner four.",0,0
"Channel: Chat | Priority: Medium | Charged twice - Trouble Hi Support, Can you send me the invoice for transaction #99283? Official participant politics break sell budget while see.",0,0
"Channel: Chat | Priority: Medium | Suspicious charge - Husband Hi Support, My subscription renewed automatically, but I wanted to cancel. Education follow professor floor those per chair.",0,0
"Channel: Email | Priority: Low | Delete account - Able Hi Support, How do I upgrade to the Enterprise plan? As family former field kid old identify.",0,0
"Channel: Email | Priority: Low | 2FA issues - Paper Hi Support, Please help me change the email address associated with my account. Find theory up heavy sister condition.",0,0
"Channel: Email | Priority: Low | Invoice discrepancy - Build Hi Support, My subscription renewed automatically, but I wanted to cancel. During important friend safe share quite rock.",0,0
"Channel: Chat | Priority: High | Change email - Still Hi Support, My profile picture is not updating. Respond house everyone the share east.",0,0
"Channel: Email | Priority: Low | Profile update - Environment Hi Support, Please help me change the email address associated with my account. Rule price necessary.",0,0
"Channel: Web Form | Priority: Medium | Demo request - Though Hi Support, What are your support operating hours? Establish threat debate beyond.",0,0
"Channel: Web Form | Priority: Critical | Suspicious activity - Final Hi Support, I received a login alert from a device in Russia, which wasn't me. More around person admit.",1,1
"Channel: Email | Priority: Low | Charged twice - International Hi Support, I noticed a double charge on my statement for last month. Evidence result knowledge black.",0,0
"Channel: Chat | Priority: Critical | Suspicious activity - Hair Hi Support, I think my account has been compromised. Final customer up personal.",1,1
"Channel: Chat | Priority: High | Data not syncing - Anything Hi Support, I cannot log into my account even after resetting the password. International task reflect sure Congress.",0,0
"Channel: Email | Priority: Medium | Refund status - Author Hi Support, My subscription renewed automatically, but I wanted to cancel. Center dream another cultural peace school audience.",0,0
"Channel: Chat | Priority: High | Unrecognized login - Picture Hi Support, Why is there a new device added to my trusted list? State PM physical audience there.",1,0
"Channel: Web Form | Priority: High | Login failed - Green Hi Support, My data hasn't synced to the cloud for 24 hours. Effort themselves worker mouth executive six.",0,0
"Channel: Chat | Priority: Low | Pricing tiers - Option Hi Support, How does the team pricing tier work? Represent figure white address reality.",0,0
"Channel: Chat | Priority: Low | 2FA issues - Recent Hi Support, Please help me change the email address associated with my account. Call project father different see.",0,0
"Channel: Email | Priority: Medium | App crashing - Describe Hi Support, I cannot log into my account even after resetting the password. Tell bar apply read.",0,1
"Channel: Email | Priority: Low | Suspicious charge - Forget Hi Support, I have been trying to update my payment method but it keeps failing. Third determine worker born role writer.",1,1
"Channel: Web Form | Priority: High | Account hacked - Trip Hi Support, Someone used my card to make a purchase on your site. Both city actually style modern.",0,0
"Channel: Email | Priority: Medium | Screen freezes - Simple Hi Support, I cannot log into my account even after resetting the password. A day let finish camera.",0,0
"Channel: Email | Priority: Low | Pricing tiers - Attorney Hi Support, Is there a roadmap for new features this year? Six five make factor.",0,0
"Channel: Web Form | Priority: High | Product question - Forward Hi Support, I would like to request a demo for my team. Support various option edge.",1,1
"Channel: Web Form | Priority: High | API Error 500 - Everybody Hi Support, I cannot log into my account even after resetting the password. Chair could much.",0,0
"Channel: Chat | Priority: Low | Subscription upgrade - Protect Hi Support, I lost my phone and cannot pass the 2FA check. Art pressure special approach.",0,1
"Channel: Web Form | Priority: Low | Suspicious charge - Hold Hi Support, My subscription renewed automatically, but I wanted to cancel. Rest important lawyer conference arm fall.",0,1
"Channel: Web Form | Priority: Medium | Charged twice - Leader Hi Support, Can you send me the invoice for transaction #99283? Sure long take rest experience we media.",0,0
"Channel: Email | Priority: Medium | Update credit card - Level Hi Support, Can you send me the invoice for transaction #99283? Room situation last about interesting eight.",0,0
"Channel: Web Form | Priority: High | Change email - Training Hi Support, I want to permanently delete my account and data. Write computer treat simply.",1,0
"Channel: Email | Priority: Low | Refund status - Prove Hi Support, I have been trying to update my payment method but it keeps failing. Around seem now challenge performance.",1,1
"Channel: Chat | Priority: Medium | Delete account - Have Hi Support, I want to permanently delete my account and data. About toward act give behavior evidence through.",0,0
"Channel: Chat | Priority: Medium | Data not syncing - Box Hi Support, The application crashes every time I open the settings tab. Meeting start quickly join magazine course.",0,0
"Channel: Email | Priority: Low | Suspicious charge - Industry Hi Support, My subscription renewed automatically, but I wanted to cancel. Same why put.",0,0
"Channel: Web Form | Priority: High | Unrecognized login - Wish Hi Support, I received a login alert from a device in Russia, which wasn't me. Thing morning card go national car.",0,0
"Channel: Email | Priority: Medium | Demo request - Also Hi Support, Where is your headquarters located? Necessary they answer knowledge minute.",0,0
"Channel: Chat | Priority: Medium | Change email - When Hi Support, I lost my phone and cannot pass the 2FA check. These nor doctor none.",0,0
"Channel: Email | Priority: Critical | Suspicious activity - Even Hi Support, I received a suspicious email claiming to be support. Modern detail nature deep measure.",1,1
"Channel: Email | Priority: Critical | API Error 500 - Meeting Hi Support, The dashboard is not loading any data, just a spinning wheel. However minute light task.",0,1
"Channel: Chat | Priority: Medium | Installation issue - Feel Hi Support, We are receiving a 500 Internal Server Error on the API endpoint. Son add else fine clear.",0,0
"Channel: Chat | Priority: Medium | Refund status - Try Hi Support, My subscription renewed automatically, but I wanted to cancel. Glass executive leader push offer no something.",0,0
"Channel: Web Form | Priority: Critical | Screen freezes - Debate Hi Support, We are receiving a 500 Internal Server Error on the API endpoint. Town live game manage do owner matter.",0,0
"Channel: Email | Priority: Low | Invoice discrepancy - We Hi Support, Why is my bill higher than the agreed amount? Sure so opportunity place start agree.",0,0
"Channel: Chat | Priority: Medium | Product question - Improve Hi Support, Is there a roadmap for new features this year? Reality my serious surface girl responsibility sing.",0,1
"Channel: Web Form | Priority: High | Hours of operation - Partner Hi Support, Is there a roadmap for new features this year? Mr find sister.",1,1
"Channel: Web Form | Priority: Critical | Unrecognized login - Prevent Hi Support, Lock my account immediately, I see transactions I didn't make. Mention personal task total law.",0,0
"Channel: Email | Priority: Critical | Stolen card - Mouth Hi Support, Lock my account immediately, I see transactions I didn't make. State agent anyone girl Republican lead hope.",1,1
"Channel: Email | Priority: High | Subscription upgrade - Customer Hi Support, I lost my phone and cannot pass the 2FA check. Without dog job.",0,1
"Channel: Email | Priority: High | Account hacked - Mr Hi Support, Why is there a new device added to my trusted list? Crime lot purpose strategy type.",0,0
"Channel: Chat | Priority: Medium | Feature request - Lead Hi Support, What are your support operating hours? Forget father thing try low sort scientist.",0,0
"Channel: Chat | Priority: Low | Product question - Then Hi Support, Do you offer a discount for non-profits? Somebody subject best.",0,0
"Channel: Email | Priority: Medium | Suspicious charge - Medical Hi Support, I have been trying to update my payment method but it keeps failing. Able occur great we firm poor he.",0,0
"Channel: Web Form | Priority: Medium | Feature request - During Hi Support, I would like to request a demo for my team. Center training subject career home.",1,1
"Channel: Web Form | Priority: Low | App crashing - Part Hi Support, I cannot log into my account even after resetting the password. So with day majority through.",1,1
"Channel: Email | Priority: Medium | Profile update - Home Hi Support, I want to permanently delete my account and data. Risk property no performance thus first around.",0,0
"Channel: Email | Priority: Medium | Delete account - Push Hi Support, Please help me change the email address associated with my account. Room job song capital take week.",0,0
"Channel: Web Form | Priority: Medium | Update credit card - Maintain Hi Support, I have been trying to update my payment method but it keeps failing. Stay buy right all several trial service.",0,0
"Channel: Chat | Priority: Low | Profile update - Visit Hi Support, How do I upgrade to the Enterprise plan? Firm fact him opportunity institution start.",0,0
"Channel: Web Form | Priority: Low | 2FA issues - Certain Hi Support, Please help me change the email address associated with my account. Both free color air about dark effort.",0,0
"Channel: Chat | Priority: Medium | App crashing - American Hi Support, The application crashes every time I open the settings tab. Series college involve use early program.",0,0
"Channel: Email | Priority: High | Login failed - Capital Hi Support, The application crashes every time I open the settings tab. Usually teacher after lose this your cup.",0,0
"Channel: Chat | Priority: Low | Charged twice - Remember Hi Support, I have been trying to update my payment method but it keeps failing. Carry prove fly I interesting month.",1,1
"Channel: Chat | Priority: Low | Feature request - Thank Hi Support, Where is your headquarters located? Sound finish agency.",0,0
"Channel: Web Form | Priority: Low | Pricing tiers - Before Hi Support, Is there a roadmap for new features this year? Study budget town west reach.",0,0
"Channel: Email | Priority: Low | Subscription upgrade - Eight Hi Support, I want to permanently delete my account and data. Management teach forget wait big.",0,0
"Channel: Email | Priority: High | Suspicious activity - Notice Hi Support, I received a login alert from a device in Russia, which wasn't me. Common represent sort south draw chair body large.",0,0
"Channel: Web Form | Priority: Low | Change email - Scene Hi Support, How do I upgrade to the Enterprise plan? Herself mention because fact art.",0,0
"Channel: Chat | Priority: Medium | App crashing - Bit Hi Support, How do I install the latest patch on Windows 11? Stay rise eight agree this.",0,0
"Channel: Web Form | Priority: Low | Profile update - History Hi Support, I lost my phone and cannot pass the 2FA check. Line eye politics support reason run.",1,1
"Channel: Web Form | Priority: Medium | Update credit card - Table Hi Support, I have been trying to update my payment method but it keeps failing. Behavior fish society late citizen theory own travel.",0,0
"Channel: Web Form | Priority: Low | Invoice discrepancy - Data Hi Support, I noticed a double charge on my statement for last month. Red population business out evening perhaps state.",0,0
"Channel: Chat | Priority: Critical | Account hacked - Remain Hi Support, I received a suspicious email claiming to be support. Through commercial hour response.",0,0
"Channel: Chat | Priority: High | Invoice discrepancy - About Hi Support, Why is my bill higher than the agreed amount? Color occur outside forget.",1,1
"Channel: Email | Priority: Medium | App crashing - Site Hi Support, How do I install the latest patch on Windows 11? Sister draw term very loss.",0,0
"Channel: Web Form | Priority: Low | Profile update - Number Hi Support, Please help me change the email address associated with my account. Special wonder modern we.",0,0
"Channel: Web Form | Priority: Low | Product question - Heart Hi Support, How does the team pricing tier work? Discussion skin community similar feel mention contain.",0,0
"Channel: Chat | Priority: Critical | API Error 500 - Music Hi Support, The dashboard is not loading any data, just a spinning wheel. Method reach minute be line population.",0,1
"Channel: Web Form | Priority: Critical | Alert notification - Night Hi Support, Why is there a new device added to my trusted list? Race class matter race.",1,1
"Channel: Web Form | Priority: Medium | App crashing - Happy Hi Support, The dashboard is not loading any data, just a spinning wheel. Rate order never responsibility PM also include rather.",0,0
"Channel: Chat | Priority: Medium | 2FA issues - Education Hi Support, How do I upgrade to the Enterprise plan? Well everything voice collection cause.",1,1
"Channel: Web Form | Priority: Low | Update credit card - According Hi Support, I requested a refund 5 days ago, where is it? Own home himself visit feeling trip.",0,1
"Channel: Chat | Priority: Medium | Update credit card - Dream Hi Support, My subscription renewed automatically, but I wanted to cancel. We central while both why might approach.",0,0
"Channel: Chat | Priority: Low | Password reset - Certain Hi Support, I want to permanently delete my account and data. Old surface green power hold management.",0,1
"Channel: Chat | Priority: High | Profile update - Sing Hi Support, My profile picture is not updating. Arrive such term item.",0,0
"Channel: Email | Priority: Low | Change email - Culture Hi Support, Please help me change the email address associated with my account. Family effort treatment trial impact PM support ten.",0,0
"Channel: Web Form | Priority: Medium | Product question - Pressure Hi Support, Where is your headquarters located? Describe military condition.",0,1
"Channel: Chat | Priority: Medium | Profile update - Why Hi Support, How do I upgrade to the Enterprise plan? Leader traditional room PM back.",0,0
"Channel: Email | Priority: Low | Suspicious charge - Look Hi Support, I have been trying to update my payment method but it keeps failing. Window sing nothing yourself.",1,1
"Channel: Email | Priority: High | API Error 500 - Character Hi Support, How do I install the latest patch on Windows 11? Maybe meeting right machine time.",0,0
"Channel: Chat | Priority: Medium | Office location - Lot Hi Support, How does the team pricing tier work? Risk not strong entire.",1,0
"Channel: Chat | Priority: High | Data not syncing - Happen Hi Support, The dashboard is not loading any data, just a spinning wheel. Sense indeed also truth far player.",0,0
"Channel: Email | Priority: Medium | Product question - A Hi Support, What are your support operating hours? Hope full today trade enter.",0,0
"Channel: Email | Priority: Medium | API Error 500 - Knowledge Hi Support, How do I install the latest patch on Windows 11? Lay road cell once drug.",0,0
"Channel: Web Form | Priority: Medium | Profile update - Still Hi Support, Please help me change the email address associated with my account. Own exactly trip account president play.",0,0
"Channel: Chat | Priority: Low | Data not syncing - By Hi Support, How do I install the latest patch on Windows 11? Energy west after police effect.",0,0
"Channel: Chat | Priority: Low | Change email - Bad Hi Support, My profile picture is not updating. Town under same within middle central let.",0,1
"Channel: Web Form | Priority: Medium | Screen freezes - Shake Hi Support, I cannot log into my account even after resetting the password. Water certainly talk position back building.",0,0
"Channel: Web Form | Priority: Medium | Password reset - Night Hi Support, My profile picture is not updating. Occur job usually institution find.",0,0
"Channel: Web Form | Priority: Low | Subscription upgrade - Rest Hi Support, My profile picture is not updating. Decide down onto clearly.",0,0
"Channel: Email | Priority: Medium | Login failed - Lawyer Hi Support, My data hasn't synced to the cloud for 24 hours. Feel cut party under.",0,1
"Channel: Email | Priority: Medium | Office location - Interesting Hi Support, Is there a roadmap for new features this year? Tend general medical rather data the usually.",1,1
"Channel: Email | Priority: Medium | Password reset - Product Hi Support, I am not receiving the password reset email. Paper some drug window.",0,0
"Channel: Email | Priority: Low | Change email - Without Hi Support, Please help me change the email address associated with my account. Way attorney people one environment.",0,0
"Channel: Email | Priority: Medium | Screen freezes - Try Hi Support, How do I install the latest patch on Windows 11? Exactly open TV now wide expert moment.",0,0
"Channel: Email | Priority: Medium | Charged twice - Through Hi Support, Can you send me the invoice for transaction #99283? Go traditional common PM interesting degree effect.",0,0
"Channel: Web Form | Priority: Low | Login failed - Break Hi Support, We are receiving a 500 Internal Server Error on the API endpoint. Remain soldier each wait fight.",1,1
"Channel: Web Form | Priority: Medium | API Error 500 - Accept Hi Support, We are receiving a 500 Internal Server Error on the API endpoint. Focus number operation.",0,0
"Channel: Web Form | Priority: Medium | API Error 500 - Increase Hi Support, The application crashes every time I open the settings tab. Million teacher beautiful whom between man us.",1,1
"Channel: Web Form | Priority: High | Stolen card - Outside Hi Support, I think my account has been compromised. Newspaper behavior war.",0,0
"Channel: Chat | Priority: Medium | Demo request - Member Hi Support, Do you offer a discount for non-profits? Lay spring seek thing.",0,0
"Channel: Chat | Priority: Medium | API Error 500 - Good Hi Support, The application crashes every time I open the settings tab. Voice agreement change action worry personal against.",0,1
"Channel: Chat | Priority: Low | Password reset - Listen Hi Support, I want to permanently delete my account and data. Market PM thus race enough.",1,1
"Channel: Email | Priority: Critical | Phishing attempt - Court Hi Support, Someone used my card to make a purchase on your site. Third argue majority see hear.",1,1
"Channel: Email | Priority: Medium | Screen freezes - Must Hi Support, The application crashes every time I open the settings tab. Laugh art politics coach soon blue throw campaign.",0,0
"Channel: Chat | Priority: Low | Update credit card - Blue Hi Support, Why is my bill higher than the agreed amount? Able young long so your improve better charge.",0,0
"Channel: Web Form | Priority: Low | Refund status - Find Hi Support, I requested a refund 5 days ago, where is it? Budget goal charge new each.",0,0
"Channel: Web Form | Priority: High | Invoice discrepancy - Low Hi Support, Why is my bill higher than the agreed amount? Prove many itself enter.",1,1
"Channel: Web Form | Priority: Medium | Screen freezes - Statement Hi Support, The dashboard is not loading any data, just a spinning wheel. Science speak bring customer skin big some.",0,0
"Channel: Chat | Priority: Medium | Subscription upgrade - Those Hi Support, Please help me change the email address associated with my account. Which area quickly whose bag former.",0,0
"Channel: Chat | Priority: Medium | Demo request - Fall Hi Support, I would like to request a demo for my team. And girl guy response get even.",0,0
"Channel: Web Form | Priority: Low | 2FA issues - Learn Hi Support, I am not receiving the password reset email. Situation friend American.",0,1
"Channel: Email | Priority: Medium | Hours of operation - Hear Hi Support, What are your support operating hours? Full impact college bar.",0,0
"Channel: Web Form | Priority: High | Feature request - Natural Hi Support, Is there a roadmap for new features this year? Air person both choose make.",1,1
"Channel: Web Form | Priority: Low | Refund status - Test Hi Support, I requested a refund 5 days ago, where is it? Make stage media talk.",1,1
"Channel: Chat | Priority: High | API Error 500 - Role Hi Support, The dashboard is not loading any data, just a spinning wheel. Someone get right determine team.",0,0
"Channel: Email | Priority: High | Password reset - Issue Hi Support, I want to permanently delete my account and data. Significant the our return treat fish state.",0,0
"Channel: Web Form | Priority: High | API Error 500 - Risk Hi Support, My data hasn't synced to the cloud for 24 hours. The leave purpose fine station develop exist true.",0,0
"Channel: Email | Priority: High | Pricing tiers - Pay Hi Support, How does the team pricing tier work? Sure new work attention memory traditional social.",1,1
"Channel: Email | Priority: Medium | Refund status - Wish Hi Support, I requested a refund 5 days ago, where is it? Dog claim government offer item write.",0,0
"Channel: Email | Priority: Medium | Installation issue - Must Hi Support, My data hasn't synced to the cloud for 24 hours. Little resource generation other onto.",0,0
"Channel: Web Form | Priority: High | Data not syncing - Seem Hi Support, How do I install the latest patch on Windows 11? Middle others song success method might base price.",1,1
"Channel: Web Form | Priority: Medium | Product question - Tough Hi Support, What are your support operating hours? Note support building health beyond.",0,0
"Channel: Email | Priority: Low | Payment failed - First Hi Support, Why is my bill higher than the agreed amount? Continue notice people forward water.",1,1
"Channel: Web Form | Priority: Low | Data not syncing - Always Hi Support, We are receiving a 500 Internal Server Error on the API endpoint. Current against down reach box young.",1,1
"Channel: Web Form | Priority: High | Invoice discrepancy - Open Hi Support, Can you send me the invoice for transaction #99283? Final official task organization change seat.",1,1
"Channel: Email | Priority: Low | Demo request - Opportunity Hi Support, I would like to request a demo for my team. Real one cultural author interview.",0,0
"Channel: Chat | Priority: Medium | Profile update - Computer Hi Support, My profile picture is not updating. Identify join boy second crime recent.",0,0
"Channel: Web Form | Priority: Low | Refund status - Guy Hi Support, Can you send me the invoice for transaction #99283? Yet weight form much treatment structure.",0,0
"Channel: Chat | Priority: Low | Product question - Bad Hi Support, I would like to request a demo for my team. Very join box do.",0,0
"Channel: Email | Priority: High | API Error 500 - Fine Hi Support, The application crashes every time I open the settings tab. Performance even lead professional manage site tend.",0,0
"Channel: Chat | Priority: High | Installation issue - Sound Hi Support, I cannot log into my account even after resetting the password. Seek whatever of station head enough economic believe.",0,0
"Channel: Email | Priority: Medium | Invoice discrepancy - Off Hi Support, Why is my bill higher than the agreed amount? Party off follow dog go.",0,0
"Channel: Chat | Priority: High | Refund status - Into Hi Support, My subscription renewed automatically, but I wanted to cancel. Scientist avoid late write.",0,0
"Channel: Web Form | Priority: Low | 2FA issues - Drop Hi Support, I am not receiving the password reset email. Reason movement help movie continue upon military significant.",0,0
"Channel: Chat | Priority: Low | Suspicious charge - Large Hi Support, My subscription renewed automatically, but I wanted to cancel. Hair well even foot worry deal another TV.",0,0
"Channel: Email | Priority: Medium | Pricing tiers - Decision Hi Support, Where is your headquarters located? Left power would huge.",0,0
"Channel: Web Form | Priority: High | Data not syncing - Health Hi Support, How do I install the latest patch on Windows 11? Chair leave play tell.",1,1
"Channel: Email | Priority: Critical | Suspicious activity - Share Hi Support, Someone used my card to make a purchase on your site. Writer seem foreign when not mouth.",1,1
"Channel: Email | Priority: High | Subscription upgrade - Decide Hi Support, I am not receiving the password reset email. Kind network decide.",0,0
"Channel: Chat | Priority: Low | Login failed - Notice Hi Support, We are receiving a 500 Internal Server Error on the API endpoint. Artist real add buy line.",1,1
"Channel: Chat | Priority: Low | Password reset - Attack Hi Support, I am not receiving the password reset email. Happy same how yes house return former.",1,1
"Channel: Web Form | Priority: Low | Profile update - Cultural Hi Support, Please help me change the email address associated with my account. Scene peace fear response.",0,0
"Channel: Email | Priority: Low | Refund status - Executive Hi Support, I have been trying to update my payment method but it keeps failing. Nearly whom early special identify little possible.",1,1
"Channel: Web Form | Priority: Low | API Error 500 - Break Hi Support, The dashboard is not loading any data, just a spinning wheel. Six example bag happen boy.",1,1
"Channel: Chat | Priority: High | Suspicious activity - Mention Hi Support, I think my account has been compromised. Former leg ten certain figure.",0,0
"Channel: Chat | Priority: High | Product question - Trial Hi Support, What are your support operating hours? Not necessary food what style.",1,1
"Channel: Email | Priority: Medium | Office location - Anyone Hi Support, I would like to request a demo for my team. Necessary degree fall father until serve strong.",1,1
"Channel: Email | Priority: High | Invoice discrepancy - House Hi Support, My subscription renewed automatically, but I wanted to cancel. Bring issue dark rise method.",1,1
"Channel: Web Form | Priority: Medium | Update credit card - Mean Hi Support, Why is my bill higher than the agreed amount? Set can determine nice more.",0,0
"Channel: Email | Priority: Medium | Hours of operation - Adult Hi Support, Where is your headquarters located? Operation really crime prevent miss approach owner.",0,0
"Channel: Web Form | Priority: Medium | Screen freezes - Similar Hi Support, We are receiving a 500 Internal Server Error on the API endpoint. Rule sister sport discuss citizen.",0,0
"Channel: Chat | Priority: Medium | 2FA issues - Bed Hi Support, Please help me change the email address associated with my account. Nation yeah find enough church pressure politics.",0,0
"Channel: Chat | Priority: Low | Login failed - Easy Hi Support, How do I install the latest patch on Windows 11? Threat research control well international floor part.",0,1
"Channel: Chat | Priority: Low | Refund status - Available Hi Support, I requested a refund 5 days ago, where is it? Price treat rich gun.",0,1
"Channel: Web Form | Priority: Medium | Charged twice - Mouth Hi Support, I requested a refund 5 days ago, where is it? Human claim page cell particular.",0,0
"Channel: Email | Priority: High | Hours of operation - College Hi Support, Do you offer a discount for non-profits? Sound various describe leg ability.",1,1
"Channel: Email | Priority: Low | Feature request - Water Hi Support, I would like to request a demo for my team. Turn report blood ahead start stop.",0,0
"Channel: Email | Priority: Low | Payment failed - Office Hi Support, I noticed a double charge on my statement for last month. Miss half general cut.",1,1
"Channel: Chat | Priority: Low | Payment failed - Involve Hi Support, I have been trying to update my payment method but it keeps failing. Lawyer require early general rise.",1,1
"Channel: Email | Priority: Medium | Invoice discrepancy - Mention Hi Support, I have been trying to update my payment method but it keeps failing. Rich value study move cold.",0,0
"Channel: Web Form | Priority: Medium | Data not syncing - Mother Hi Support, We are receiving a 500 Internal Server Error on the API endpoint. Believe approach lose remain.",0,0
"Channel: Web Form | Priority: Medium | API Error 500 - Mean Hi Support, My data hasn't synced to the cloud for 24 hours. Push event call before generation owner only every.",0,1
"Channel: Email | Priority: Low | Refund status - Box Hi Support, I have been trying to update my payment method but it keeps failing. Thing laugh management couple instead staff.",1,1
"Channel: Email | Priority: Low | API Error 500 - Although Hi Support, The dashboard is not loading any data, just a spinning wheel. Structure sign impact resource seven surface.",1,1
"Channel: Web Form | Priority: Medium | Pricing tiers - Class Hi Support, I would like to request a demo for my team. Lay on argue task son.",1,1
"Channel: Chat | Priority: Low | Pricing tiers - Dog Hi Support, Do you offer a discount for non-profits? Him by woman enjoy.",0,0
"Channel: Web Form | Priority: Medium | Data not syncing - Us Hi Support, My data hasn't synced to the cloud for 24 hours. System catch phone prove almost play once.",0,0
"Channel: Web Form | Priority: Medium | Screen freezes - Finish Hi Support, We are receiving a 500 Internal Server Error on the API endpoint. Machine wait enough truth mission daughter.",1,1
"Channel: Web Form | Priority: Low | Pricing tiers - White Hi Support, How does the team pricing tier work? Tonight all whole.",0,0
"Channel: Chat | Priority: Medium | Profile update - Outside Hi Support, I lost my phone and cannot pass the 2FA check. Someone agree other couple behavior knowledge since.",0,0
"Channel: Email | Priority: Medium | Change email - Product Hi Support, How do I upgrade to the Enterprise plan? Everybody mission serve parent reach certainly ask.",1,1
"Channel: Web Form | Priority: Medium | Invoice discrepancy - Official Hi Support, I have been trying to update my payment method but it keeps failing. Collection simple security not.",0,0
"Channel: Web Form | Priority: Low | Subscription upgrade - Usually Hi Support, I am not receiving the password reset email. Surface worker weight off.",1,1
"Channel: Chat | Priority: Low | API Error 500 - Voice Hi Support, We are receiving a 500 Internal Server Error on the API endpoint. Still group away together summer.",1,1
"Channel: Email | Priority: High | Account hacked - Nature Hi Support, Someone used my card to make a purchase on your site. Serious opportunity model high avoid.",0,0
"Channel: Web Form | Priority: Low | Refund status - Strong Hi Support, I have been trying to update my payment method but it keeps failing. Positive moment official art suggest minute carry.",1,1
"Channel: Chat | Priority: Low | Installation issue - Dream Hi Support, The application crashes every time I open the settings tab. Take matter however so try explain.",1,1
"Channel: Email | Priority: Low | Screen freezes - Everybody Hi Support, The dashboard is not loading any data, just a spinning wheel. Sometimes war not entire soon teach.",1,1
"Channel: Chat | Priority: Medium | App crashing - Might Hi Support, My data hasn't synced to the cloud for 24 hours. Guy sport including very yet.",0,0
"Channel: Email | Priority: Medium | Password reset - You Hi Support, How do I upgrade to the Enterprise plan? Figure take marriage bar assume include condition.",0,0
"Channel: Email | Priority: Low | Invoice discrepancy - Compare Hi Support, My subscription renewed automatically, but I wanted to cancel. Notice perform capital teacher way.",0,0
"Channel: Chat | Priority: Low | Delete account - School Hi Support, How do I upgrade to the Enterprise plan? Far represent pay poor ahead.",0,0
"Channel: Chat | Priority: Low | Feature request - Up Hi Support, How does the team pricing tier work? Cover claim cost according firm.",0,0
"Channel: Web Form | Priority: Low | 2FA issues - Building Hi Support, Please help me change the email address associated with my account. Hair plant doctor collection.",0,0
"Channel: Web Form | Priority: High | Invoice discrepancy - Face Hi Support, My subscription renewed automatically, but I wanted to cancel. Cost attorney particular television.",1,1
"Channel: Web Form | Priority: Low | Update credit card - Audience Hi Support, I requested a refund 5 days ago, where is it? Tend pretty and dark without.",1,0
"Channel: Email | Priority: Low | Payment failed - Election Hi Support, Can you send me the invoice for transaction #99283? Foot lot of day whatever decade.",1,1
"Channel: Chat | Priority: Low | Suspicious charge - Worry Hi Support, Why is my bill higher than the agreed amount? Occur her close recent effect argue.",0,0
"Channel: Web Form | Priority: Medium | Suspicious charge - Possible Hi Support, Can you send me the invoice for transaction #99283? Surface great production nor popular drive.",0,0
"Channel: Email | Priority: Low | Password reset - Knowledge Hi Support, I want to permanently delete my account and data. Instead everything trouble soon.",1,1
"Channel: Chat | Priority: Low | Profile update - Piece Hi Support, I am not receiving the password reset email. Trial range produce open source natural.",1,1
"Channel: Email | Priority: Low | Suspicious charge - Word Hi Support, Can you send me the invoice for transaction #99283? Yeah door claim moment must write party.",0,0
"Channel: Email | Priority: Low | Password reset - Defense Hi Support, Please help me change the email address associated with my account. Daughter continue kid travel sit customer.",0,1
"Channel: Chat | Priority: Low | Data not syncing - Sing Hi Support, My data hasn't synced to the cloud for 24 hours. Art these ability.",0,0
"Channel: Web Form | Priority: Low | Subscription upgrade - Pm Hi Support, I lost my phone and cannot pass the 2FA check. With have fact.",1,0
"Channel: Chat | Priority: Medium | Subscription upgrade - Thank Hi Support, Please help me change the email address associated with my account. Take citizen understand firm walk research.",0,0
"Channel: Email | Priority: High | 2FA issues - Hit Hi Support, I lost my phone and cannot pass the 2FA check. Star seven force Republican.",0,1
"Channel: Chat | Priority: Low | Charged twice - Two Hi Support, Can you send me the invoice for transaction #99283? Go law treat single.",0,0
"Channel: Chat | Priority: Low | Payment failed - Owner Hi Support, I requested a refund 5 days ago, where is it? They seven cause.",1,1
"Channel: Email | Priority: Medium | Screen freezes - Change Hi Support, We are receiving a 500 Internal Server Error on the API endpoint. Than sense issue lay notice.",0,1
"Channel: Email | Priority: Medium | Suspicious charge - Message Hi Support, I noticed a double charge on my statement for last month. Experience color continue left such.",0,0
"Channel: Web Form | Priority: Low | Refund status - Film Hi Support, Why is my bill higher than the agreed amount? Couple ask defense set seem mind country.",0,0
"Channel: Email | Priority: Medium | Payment failed - Standard Hi Support, Can you send me the invoice for transaction #99283? Large care himself we.",0,0
"Channel: Email | Priority: Low | API Error 500 - Speak Hi Support, The dashboard is not loading any data, just a spinning wheel. Piece vote religious step sport street police.",1,1
"Channel: Chat | Priority: Low | Payment failed - Hot Hi Support, Why is my bill higher than the agreed amount? Policy whatever describe police believe.",1,1
"Channel: Chat | Priority: Medium | Screen freezes - Black Hi Support, I cannot log into my account even after resetting the password. Finally appear personal hit just herself.",0,0
"Channel: Chat | Priority: Low | Password reset - Certain Hi Support, How do I upgrade to the Enterprise plan? Public debate social indeed.",0,0
"Channel: Web Form | Priority: Medium | Demo request - Heart Hi Support, Where is your headquarters located? Bill entire hand leg level response he ok.",1,0
"Channel: Email | Priority: Low | Profile update - Set Hi Support, I lost my phone and cannot pass the 2FA check. Far simple discuss produce.",1,1
"Channel: Chat | Priority: Low | Refund status - Teacher Hi Support, I noticed a double charge on my statement for last month. Evidence write growth door later mind.",0,0
"Channel: Chat | Priority: Medium | Refund status - Less Hi Support, Can you send me the invoice for transaction #99283? Including act rock responsibility assume.",0,0
"Channel: Web Form | Priority: Medium | Refund status - Key Hi Support, I requested a refund 5 days ago, where is it? Suggest popular avoid.",0,0
"Channel: Web Form | Priority: High | Office location - Blue Hi Support, Where is your headquarters located? Future matter kind large head hundred.",1,1
"Channel: Chat | Priority: Low | Charged twice - Turn Hi Support, I requested a refund 5 days ago, where is it? Help because music old newspaper tonight store fear.",1,1
"Channel: Email | Priority: Low | API Error 500 - Thus Hi Support, I cannot log into my account even after resetting the password. Southern relate son join.",1,1
"Channel: Chat | Priority: High | Feature request - Baby Hi Support, How does the team pricing tier work? Position player fine.",1,1
"Channel: Chat | Priority: Low | Refund status - Low Hi Support, Why is my bill higher than the agreed amount? Interest window industry central ball.",1,0
"Channel: Chat | Priority: Low | Pricing tiers - Traditional Hi Support, I would like to request a demo for my team. South although even evening last including director coach.",0,0
"Channel: Web Form | Priority: Medium | Data not syncing - Forward Hi Support, I cannot log into my account even after resetting the password. Meeting couple fall matter.",0,0
"Channel: Email | Priority: High | Alert notification - Chance Hi Support, I received a suspicious email claiming to be support. Collection short side view.",1,0
"Channel: Email | Priority: High | Profile update - Ok Hi Support, My profile picture is not updating. A remain animal job movie room rather.",1,1
"Channel: Email | Priority: Medium | Installation issue - Drive Hi Support, My data hasn't synced to the cloud for 24 hours. Very attorney whatever everyone kitchen wish help political.",0,0
"Channel: Web Form | Priority: Low | Office location - Them Hi Support, Do you offer a discount for non-profits? Through adult Mrs bad force chance current.",0,0
"Channel: Email | Priority: Medium | Charged twice - Exist Hi Support, I have been trying to update my payment method but it keeps failing. Cut pick actually end she fire medical.",0,1
"Channel: Web Form | Priority: Low | Hours of operation - When Hi Support, What are your support operating hours? Evidence serious someone during easy mother bag piece.",0,1
"Channel: Web Form | Priority: High | 2FA issues - Allow Hi Support, I am not receiving the password reset email. Happy film impact find note both nearly.",1,1
"Channel: Chat | Priority: Medium | Installation issue - Another Hi Support, My data hasn't synced to the cloud for 24 hours. My challenge people option customer dinner.",0,0
"Channel: Web Form | Priority: Low | Update credit card - Perform Hi Support, Can you send me the invoice for transaction #99283? Word experience actually others always affect.",0,0
"Channel: Chat | Priority: Low | Feature request - Many Hi Support, Where is your headquarters located? Suddenly camera wish campaign away.",0,0
"Channel: Email | Priority: Medium | Invoice discrepancy - Hospital Hi Support, Why is my bill higher than the agreed amount? Drive election system ok.",0,0
"Channel: Web Form | Priority: Medium | Invoice discrepancy - Many Hi Support, Can you send me the invoice for transaction #99283? I cost hand budget event southern push.",0,0
"Channel: Chat | Priority: Low | Suspicious charge - Hear Hi Support, I requested a refund 5 days ago, where is it? Cover figure mean think computer serve them.",1,1
"Channel: Chat | Priority: High | Installation issue - Argue Hi Support, The dashboard is not loading any data, just a spinning wheel. Model final item off.",0,0
"Channel: Chat | Priority: Low | Subscription upgrade - What Hi Support, I want to permanently delete my account and data. Month last fish people pull contain.",0,0
"Channel: Chat | Priority: Medium | Change email - Society Hi Support, My profile picture is not updating. Family employee piece although teach scene.",0,0
"Channel: Chat | Priority: High | Unrecognized login - Human Hi Support, Why is there a new device added to my trusted list? Decision management gun bar read.",0,0
"Channel: Chat | Priority: Low | App crashing - West Hi Support, I cannot log into my account even after resetting the password. Question there care focus bit serious.",1,1
"Channel: Chat | Priority: Low | Demo request - Reach Hi Support, What are your support operating hours? Fund clearly growth finally artist.",0,1
"Channel: Email | Priority: Medium | Refund status - Bill Hi Support, I have been trying to update my payment method but it keeps failing. Sell language article production strategy individual somebody represent.",1,0
"Channel: Email | Priority: Low | Profile update - Family Hi Support, Please help me change the email address associated with my account. Our almost read various sound fish.",0,0
"Channel: Chat | Priority: Medium | App crashing - Mission Hi Support, We are receiving a 500 Internal Server Error on the API endpoint. Beyond themselves foot inside conference.",0,1
"Channel: Web Form | Priority: Medium | Installation issue - Never Hi Support, How do I install the latest patch on Windows 11? Source contain player.",0,0
"Channel: Chat | Priority: Low | Feature request - Explain Hi Support, Where is your headquarters located? Current with vote dream.",0,0
"Channel: Email | Priority: High | Demo request - Occur Hi Support, How does the team pricing tier work? Serve establish trial trial.",1,1
"Channel: Chat | Priority: Medium | Product question - Join Hi Support, Is there a roadmap for new features this year? Seven meet former care area meet story fast.",1,1
"Channel: Web Form | Priority: Low | Hours of operation - My Hi Support, How does the team pricing tier work? Former key final yes stock key green.",0,0
"Channel: Email | Priority: Medium | Suspicious charge - Until Hi Support, I noticed a double charge on my statement for last month. Wish protect together old.",0,0
"Channel: Chat | Priority: Low | Demo request - Final Hi Support, Do you offer a discount for non-profits? Market notice four action fast.",0,0
"Channel: Chat | Priority: Low | Payment failed - Report Hi Support, My subscription renewed automatically, but I wanted to cancel. Day work help society stuff trial fear.",1,1
"Channel: Email | Priority: Low | Refund status - Down Hi Support, I have been trying to update my payment method but it keeps failing. Sea same decide yeah factor.",1,1
"Channel: Email | Priority: Low | Change email - Conference Hi Support, My profile picture is not updating. Of hot but me owner drive.",0,0
"Channel: Web Form | Priority: Medium | Pricing tiers - West Hi Support, Do you offer a discount for non-profits? Tell each form responsibility.",0,0
"Channel: Web Form | Priority: Medium | Payment failed - Different Hi Support, Can you send me the invoice for transaction #99283? Next miss serious buy they raise almost.",1,0
"Channel: Web Form | Priority: Low | Subscription upgrade - Next Hi Support, My profile picture is not updating. Human art shoulder describe before far.",0,0
"Channel: Chat | Priority: High | Screen freezes - Allow Hi Support, How do I install the latest patch on Windows 11? Two its difference PM practice.",1,1
"Channel: Email | Priority: Medium | Suspicious charge - News Hi Support, I noticed a double charge on my statement for last month. Amount son create successful be blood method.",0,0
"Channel: Chat | Priority: Medium | Suspicious charge - Minute Hi Support, Why is my bill higher than the agreed amount? Similar charge collection thing sometimes.",0,0
"Channel: Web Form | Priority: Critical | Account hacked - Radio Hi Support, I think my account has been compromised. Drive serious key.",0,0
"Channel: Email | Priority: Low | Suspicious charge - Can Hi Support, I have been trying to update my payment method but it keeps failing. Million meeting the fine end politics.",1,1
"Channel: Chat | Priority: Critical | Stolen card - Institution Hi Support, Why is there a new device added to my trusted list? Thing eight tonight well artist entire response.",1,1
"Channel: Chat | Priority: Low | Demo request - Who Hi Support, Is there a roadmap for new features this year? Report animal from close person by.",0,0
"Channel: Email | Priority: Medium | Subscription upgrade - Lawyer Hi Support, I want to permanently delete my account and data. Decision could project anything line instead.",0,0
"Channel: Email | Priority: Medium | API Error 500 - Left Hi Support, How do I install the latest patch on Windows 11? Not break with former should customer more.",0,0
"Channel: Chat | Priority: Low | Invoice discrepancy - Team Hi Support, I requested a refund 5 days ago, where is it? Process both window anything quality cold.",1,0
"Channel: Web Form | Priority: Low | Refund status - Few Hi Support, I have been trying to update my payment method but it keeps failing. Purpose often doctor black.",1,1
"Channel: Email | Priority: Medium | Change email - Wall Hi Support, My profile picture is not updating. Among computer rule buy management building.",0,0
"Channel: Email | Priority: High | Suspicious charge - Sell Hi Support, I requested a refund 5 days ago, where is it? Anything nearly lot back.",0,0
"Channel: Web Form | Priority: High | Profile update - Miss Hi Support, I am not receiving the password reset email. Between bed there rich nature agreement.",0,0
"Channel: Web Form | Priority: Medium | Suspicious charge - Detail Hi Support, Can you send me the invoice for transaction #99283? Life very situation surface again back.",0,0
"Channel: Web Form | Priority: Low | Update credit card - Thing Hi Support, I requested a refund 5 days ago, where is it? Market store nearly.",0,0
"Channel: Email | Priority: Low | Invoice discrepancy - Western Hi Support, I requested a refund 5 days ago, where is it? Industry describe with image seek age.",0,0
"Channel: Email | Priority: Medium | Change email - Win Hi Support, Please help me change the email address associated with my account. Hour man similar teacher order rock.",0,0
"Channel: Chat | Priority: Low | Change email - Moment Hi Support, My profile picture is not updating. Behind sure one over institution media expert front.",0,1
"Channel: Chat | Priority: Low | Invoice discrepancy - Article Hi Support, I noticed a double charge on my statement for last month. He purpose so particular relationship avoid.",0,0
"Channel: Email | Priority: Medium | App crashing - Bed Hi Support, We are receiving a 500 Internal Server Error on the API endpoint. The somebody us avoid thing wide else.",1,1
"Channel: Web Form | Priority: Low | Refund status - Activity Hi Support, I requested a refund 5 days ago, where is it? Tough show simple debate up shake.",0,1
"Channel: Web Form | Priority: Medium | Update credit card - Stage Hi Support, I have been trying to update my payment method but it keeps failing. Risk alone light fight natural.",0,0
"Channel: Email | Priority: Low | Screen freezes - Television Hi Support, The application crashes every time I open the settings tab. Congress research past artist could.",1,1
"Channel: Web Form | Priority: Medium | Demo request - Campaign Hi Support, What are your support operating hours? Body health step budget.",0,0
"Channel: Email | Priority: Low | Subscription upgrade - Music Hi Support, My profile picture is not updating. Woman meet meet out building what scientist.",0,0
"Channel: Web Form | Priority: Low | Office location - Outside Hi Support, Where is your headquarters located? Level first easy family occur arm.",0,0
"Channel: Chat | Priority: Low | Invoice discrepancy - Toward Hi Support, I noticed a double charge on my statement for last month. Analysis statement part radio vote tonight right.",0,0
"Channel: Chat | Priority: Medium | Product question - Tend Hi Support, What are your support operating hours? Week data American certain something management nor.",0,0
"Channel: Email | Priority: Low | Payment failed - Somebody Hi Support, I requested a refund 5 days ago, where is it? Front read executive.",1,1
"Channel: Web Form | Priority: Medium | Delete account - Enough Hi Support, My profile picture is not updating. Any stand it event.",0,0
"Channel: Web Form | Priority: Low | Subscription upgrade - Religious Hi Support, I am not receiving the password reset email. Effort government around something color turn today.",0,0
"Channel: Chat | Priority: Low | Update credit card - Lead Hi Support, My subscription renewed automatically, but I wanted to cancel. Argue improve out eye result.",0,0
"Channel: Web Form | Priority: Low | Suspicious charge - Say Hi Support, I noticed a double charge on my statement for last month. Cut pay attack take.",0,1
"Channel: Chat | Priority: High | App crashing - Particularly Hi Support, I cannot log into my account even after resetting the password. Radio should everybody third well local.",0,0
"Channel: Chat | Priority: Low | Suspicious charge - Box Hi Support, Can you send me the invoice for transaction #99283? Worry point draw deal best.",0,0
"Channel: Email | Priority: Low | Invoice discrepancy - Perhaps Hi Support, I have been trying to update my payment method but it keeps failing. Factor teacher magazine.",0,0
"Channel: Chat | Priority: Medium | API Error 500 - Management Hi Support, I cannot log into my account even after resetting the password. Financial actually middle factor myself while too.",0,1
"Channel: Chat | Priority: Medium | Update credit card - Where Hi Support, I noticed a double charge on my statement for last month. Too increase carry measure.",0,0
"Channel: Chat | Priority: Low | Update credit card - Student Hi Support, My subscription renewed automatically, but I wanted to cancel. Need one site religious detail tax bag.",0,0
"Channel: Chat | Priority: Medium | Delete account - Dinner Hi Support, I am not receiving the password reset email. Somebody western concern alone yet major information.",0,0
"Channel: Web Form | Priority: High | Hours of operation - Process Hi Support, How does the team pricing tier work? In however court fire too different.",1,1
"Channel: Chat | Priority: Low | Change email - Run Hi Support, I lost my phone and cannot pass the 2FA check. Support media month few according.",1,1
"Channel: Chat | Priority: Low | 2FA issues - Father Hi Support, My profile picture is not updating. Collection card floor apply leave wear.",0,0
"Channel: Email | Priority: Low | Suspicious charge - Institution Hi Support, My subscription renewed automatically, but I wanted to cancel. Find few action.",0,1
"Channel: Chat | Priority: High | API Error 500 - Picture Hi Support, We are receiving a 500 Internal Server Error on the API endpoint. His executive even though.",0,0
"Channel: Web Form | Priority: Medium | Screen freezes - Think Hi Support, I cannot log into my account even after resetting the password. Far describe large without work.",0,0
"Channel: Chat | Priority: Low | Invoice discrepancy - Window Hi Support, I noticed a double charge on my statement for last month. Democrat run leave indeed.",0,0
"Channel: Email | Priority: Low | Refund status - Source Hi Support, I have been trying to update my payment method but it keeps failing. Piece fact give down senior.",1,1
"Channel: Email | Priority: Low | Hours of operation - Politics Hi Support, Is there a roadmap for new features this year? Indeed party dinner ok heavy.",0,0
"Channel: Web Form | Priority: Medium | Subscription upgrade - Successful Hi Support, I am not receiving the password reset email. Surface light might owner.",0,0
"Channel: Email | Priority: Low | Delete account - Game Hi Support, I want to permanently delete my account and data. Behind maybe consider hard as food save.",0,1
"Channel: Chat | Priority: Low | Product question - Dark Hi Support, Where is your headquarters located? Rate fear agency whose.",0,0
"Channel: Email | Priority: Low | Password reset - Time Hi Support, I lost my phone and cannot pass the 2FA check. Big animal lot everybody continue.",1,1
"Channel: Web Form | Priority: Low | Demo request - Oil Hi Support, I would like to request a demo for my team. Factor state serve industry service.",0,0
"Channel: Chat | Priority: Medium | Update credit card - This Hi Support, I noticed a double charge on my statement for last month. How change sometimes same.",0,0
"Channel: Email | Priority: Low | Update credit card - Difference Hi Support, Why is my bill higher than the agreed amount? Most herself another human.",0,0
"Channel: Web Form | Priority: High | Change email - Total Hi Support, My profile picture is not updating. Natural left vote stuff.",1,1
"Channel: Chat | Priority: Medium | Screen freezes - Evening Hi Support, How do I install the latest patch on Windows 11? Occur red who town forget including.",0,0
"Channel: Web Form | Priority: Low | Charged twice - Director Hi Support, I noticed a double charge on my statement for last month. Strong sing score.",0,0
"Channel: Chat | Priority: Medium | Feature request - Owner Hi Support, Is there a roadmap for new features this year? Exist environmental poor when.",1,0
"Channel: Chat | Priority: Critical | Login failed - Serve Hi Support, We are receiving a 500 Internal Server Error on the API endpoint. Arm I war answer.",0,0
"Channel: Web Form | Priority: Low | Delete account - How Hi Support, I want to permanently delete my account and data. Five local despite vote fact.",0,0
"Channel: Email | Priority: Medium | API Error 500 - Budget Hi Support, My data hasn't synced to the cloud for 24 hours. Camera or it large return.",0,0
"Channel: Web Form | Priority: Critical | Login failed - Writer Hi Support, How do I install the latest patch on Windows 11? Event medical station rather something buy situation something.",1,1
"Channel: Chat | Priority: Medium | Invoice discrepancy - Majority Hi Support, I noticed a double charge on my statement for last month. Agree drive summer free.",0,0
"Channel: Email | Priority: Medium | Demo request - Right Hi Support, Where is your headquarters located? Forget get article condition fall.",0,0
"Channel: Chat | Priority: Critical | Screen freezes - Car Hi Support, The application crashes every time I open the settings tab. Hair trip minute policy town.",0,1
"Channel: Web Form | Priority: Low | Payment failed - Home Hi Support, My subscription renewed automatically, but I wanted to cancel. Newspaper message policy impact from trial wind.",1,1
"Channel: Chat | Priority: Low | Charged twice - Story Hi Support, I noticed a double charge on my statement for last month. Information develop others just can price.",0,0
"Channel: Chat | Priority: Critical | Stolen card - Dark Hi Support, Why is there a new device added to my trusted list? Unit ask plan condition account area strong our.",1,1
"Channel: Chat | Priority: Low | Demo request - Threat Hi Support, Where is your headquarters located? Figure she general.",0,0
"Channel: Chat | Priority: Medium | Screen freezes - Dinner Hi Support, We are receiving a 500 Internal Server Error on the API endpoint. Middle design water environment east catch.",1,1
"Channel: Chat | Priority: Low | API Error 500 - The Hi Support, My data hasn't synced to the cloud for 24 hours. More visit first once.",1,1
"Channel: Email | Priority: Medium | Hours of operation - May Hi Support, What are your support operating hours? Safe down affect after her business wonder.",0,0
"Channel: Web Form | Priority: Medium | Demo request - Environmental Hi Support, Where is your headquarters located? Appear computer president avoid.",0,0
"Channel: Email | Priority: Critical | Data not syncing - Charge Hi Support, The dashboard is not loading any data, just a spinning wheel. He bar history.",1,1
"Channel: Chat | Priority: Low | 2FA issues - Interest Hi Support, I want to permanently delete my account and data. Letter ability final purpose example seem.",0,0
"Channel: Web Form | Priority: Medium | Hours of operation - What Hi Support, Where is your headquarters located? Military management several book.",0,0
"Channel: Email | Priority: Low | Subscription upgrade - Real Hi Support, My profile picture is not updating. Rather white home nor.",0,0
"Channel: Email | Priority: Low | Demo request - Would Hi Support, Do you offer a discount for non-profits? Not war operation before.",0,0
"Channel: Web Form | Priority: High | Login failed - Rock Hi Support, My data hasn't synced to the cloud for 24 hours. Care move increase this player add.",0,0
"Channel: Web Form | Priority: Low | Payment failed - Campaign Hi Support, Can you send me the invoice for transaction #99283? Evening administration pick task whose husband care.",1,1
"Channel: Web Form | Priority: Medium | Data not syncing - After Hi Support, We are receiving a 500 Internal Server Error on the API endpoint. Enjoy western them every.",0,0
"Channel: Chat | Priority: Medium | Screen freezes - Rather Hi Support, My data hasn't synced to the cloud for 24 hours. Finally along of light book yeah.",0,0
"Channel: Web Form | Priority: Medium | Office location - Well Hi Support, Do you offer a discount for non-profits? Seem party organization plan cost.",0,0
"Channel: Email | Priority: Low | Feature request - Officer Hi Support, Where is your headquarters located? Leader home anything air style bit program not.",0,0
"Channel: Chat | Priority: Low | Feature request - Camera Hi Support, I would like to request a demo for my team. Hope soon several voice.",0,0
"Channel: Chat | Priority: Low | App crashing - Main Hi Support, How do I install the latest patch on Windows 11? Every threat even hair ask production arm best.",1,1
"Channel: Web Form | Priority: Low | Hours of operation - Still Hi Support, How does the team pricing tier work? Future north young.",0,0
"Channel: Web Form | Priority: Low | 2FA issues - Hundred Hi Support, How do I upgrade to the Enterprise plan? Minute seem someone half operation apply show.",0,0
"Channel: Web Form | Priority: High | Login failed - Value Hi Support, My data hasn't synced to the cloud for 24 hours. Myself today how.",0,0
"Channel: Chat | Priority: Low | Update credit card - Almost Hi Support, Why is my bill higher than the agreed amount? Financial contain big kitchen.",0,0
"Channel: Email | Priority: Medium | 2FA issues - Behind Hi Support, I want to permanently delete my account and data. Deep his style writer save number light.",0,0
"Channel: Chat | Priority: Low | Update credit card - It Hi Support, I noticed a double charge on my statement for last month. State we central financial second fast.",0,0
"Channel: Email | Priority: Low | API Error 500 - Feel Hi Support, My data hasn't synced to the cloud for 24 hours. Name parent thing plan.",1,1
"Channel: Email | Priority: High | Screen freezes - Tv Hi Support, I cannot log into my account even after resetting the password. Surface school bad ago indeed majority current.",0,0
"Channel: Web Form | Priority: Medium | Change email - Any Hi Support, I want to permanently delete my account and data. Smile far ever many character.",0,0
"Channel: Web Form | Priority: Medium | Suspicious charge - Hard Hi Support, I have been trying to update my payment method but it keeps failing. Measure approach idea local guess education size.",0,0
"Channel: Web Form | Priority: Low | Product question - Fish Hi Support, Do you offer a discount for non-profits? Again ability although also.",0,0
"Channel: Email | Priority: Medium | API Error 500 - Threat Hi Support, The application crashes every time I open the settings tab. Voice notice conference take leave federal fire.",0,1
"Channel: Email | Priority: Medium | Login failed - Bring Hi Support, How do I install the latest patch on Windows 11? Public range challenge whatever southern short.",0,0
"Channel: Web Form | Priority: High | Feature request - Church Hi Support, Is there a roadmap for new features this year? In will responsibility without enjoy age degree.",1,1
"Channel: Chat | Priority: Low | Payment failed - North Hi Support, Why is my bill higher than the agreed amount? To Mr could figure candidate future.",1,1
"Channel: Web Form | Priority: Low | Suspicious charge - Military Hi Support, Can you send me the invoice for transaction #99283? Research tell find two great because face.",0,0
"Channel: Web Form | Priority: Medium | Delete account - Establish Hi Support, How do I upgrade to the Enterprise plan? Without fly notice create.",0,0
"Channel: Email | Priority: High | Pricing tiers - Open Hi Support, Where is your headquarters located? Quality wide hour executive yet nothing evidence camera.",1,1
"Channel: Email | Priority: Medium | Refund status - Girl Hi Support, I requested a refund 5 days ago, where is it? Board also process serious.",0,0
"Channel: Email | Priority: High | Payment failed - Threat Hi Support, I have been trying to update my payment method but it keeps failing. Very there quality analysis.",0,0
"Channel: Web Form | Priority: Low | Office location - Official Hi Support, What are your support operating hours? Product house play civil.",1,0
"Channel: Email | Priority: Medium | Refund status - Everybody Hi Support, I noticed a double charge on my statement for last month. White care east region mother memory such.",0,0
"Channel: Chat | Priority: Medium | API Error 500 - Artist Hi Support, My data hasn't synced to the cloud for 24 hours. Color region can building natural care around civil.",0,0
"Channel: Email | Priority: High | Invoice discrepancy - Let Hi Support, I requested a refund 5 days ago, where is it? National reality attorney not.",1,1
"Channel: Web Form | Priority: Low | Password reset - Whom Hi Support, Please help me change the email address associated with my account. Live director up over.",1,1
"Channel: Email | Priority: Medium | 2FA issues - Out Hi Support, I lost my phone and cannot pass the 2FA check. Five truth day woman speak television expert head.",0,0
"Channel: Email | Priority: Low | Product question - Thousand Hi Support, Where is your headquarters located? Group miss itself official question.",0,0
"Channel: Web Form | Priority: Low | Refund status - Remember Hi Support, I requested a refund 5 days ago, where is it? Door town baby peace check risk.",0,1
"Channel: Web Form | Priority: Low | Refund status - Growth Hi Support, Can you send me the invoice for transaction #99283? Reveal technology always only his reality.",0,1
"Channel: Chat | Priority: Critical | Account hacked - Plant Hi Support, Why is there a new device added to my trusted list? Toward central though heavy.",1,1
"Channel: Chat | Priority: Medium | Office location - Series Hi Support, Do you offer a discount for non-profits? News evening religious second sister.",0,1
"Channel: Web Form | Priority: Medium | Demo request - Run Hi Support, I would like to request a demo for my team. Down current social institution.",0,0
"Channel: Email | Priority: Medium | Hours of operation - Effort Hi Support, Do you offer a discount for non-profits? Improve top between sound.",0,0
"Channel: Chat | Priority: High | App crashing - Truth Hi Support, The application crashes every time I open the settings tab. Finish officer tend much.",0,0
"Channel: Chat | Priority: High | Installation issue - Particular Hi Support, We are receiving a 500 Internal Server Error on the API endpoint. Partner including town clear fill product piece people.",0,0
"Channel: Email | Priority: Low | Product question - Drive Hi Support, How does the team pricing tier work? Special season bed effort yourself economic.",0,0
"Channel: Email | Priority: Medium | Data not syncing - Study Hi Support, We are receiving a 500 Internal Server Error on the API endpoint. Agree clearly cost officer project brother.",0,0
"Channel: Email | Priority: Low | Refund status - Analysis Hi Support, I noticed a double charge on my statement for last month. Life set discussion.",0,0
"Channel: Email | Priority: High | Delete account - Government Hi Support, How do I upgrade to the Enterprise plan? Those activity over as to work quickly.",1,1
"Channel: Email | Priority: Medium | Invoice discrepancy - Simply Hi Support, I have been trying to update my payment method but it keeps failing. Billion professional watch civil nature carry expert.",0,0
"Channel: Web Form | Priority: Low | Screen freezes - Consumer Hi Support, My data hasn't synced to the cloud for 24 hours. Girl within success sound good item.",1,1
"Channel: Email | Priority: Medium | Profile update - Real Hi Support, I am not receiving the password reset email. Evidence industry owner song father hard pretty.",0,0
"Channel: Email | Priority: Low | Update credit card - Would Hi Support, Can you send me the invoice for transaction #99283? Final activity course.",0,0
"Channel: Chat | Priority: Low | Suspicious charge - Start Hi Support, Why is my bill higher than the agreed amount? Business message prevent since along.",0,0
"Channel: Email | Priority: Low | Password reset - Over Hi Support, I lost my phone and cannot pass the 2FA check. Why beat wife hold growth.",0,1
"Channel: Chat | Priority: Medium | Payment failed - Then Hi Support, My subscription renewed automatically, but I wanted to cancel. Add over move ready because clearly.",0,1
"Channel: Chat | Priority: Low | Subscription upgrade - Responsibility Hi Support, How do I upgrade to the Enterprise plan? Cup experience event never tough interview agreement.",0,0
"Channel: Email | Priority: Low | Invoice discrepancy - Western Hi Support, I have been trying to update my payment method but it keeps failing. Significant might while.",0,1
"Channel: Web Form | Priority: Medium | Update credit card - Guy Hi Support, I requested a refund 5 days ago, where is it? Admit our he answer another difficult heavy issue.",0,0
"Channel: Chat | Priority: Medium | 2FA issues - Rate Hi Support, I want to permanently delete my account and data. World Republican under reason hear listen.",0,0
"Channel: Web Form | Priority: Medium | Pricing tiers - Theory Hi Support, Do you offer a discount for non-profits? Arrive society reduce rather magazine official land pressure.",0,0
"Channel: Web Form | Priority: High | 2FA issues - Consider Hi Support, My profile picture is not updating. Establish project property you ready land when behavior.",1,1
"Channel: Web Form | Priority: Low | Hours of operation - Order Hi Support, I would like to request a demo for my team. Out computer adult world look arrive more.",0,0
"Channel: Email | Priority: Low | Invoice discrepancy - Forward Hi Support, I have been trying to update my payment method but it keeps failing. Whatever job value degree officer oil.",0,0
"Channel: Web Form | Priority: Low | 2FA issues - Other Hi Support, My profile picture is not updating. Stay almost once.",0,0
"Channel: Chat | Priority: Medium | Screen freezes - Nature Hi Support, We are receiving a 500 Internal Server Error on the API endpoint. Top western lawyer as shoulder.",1,1
"Channel: Web Form | Priority: High | Delete account - Career Hi Support, I am not receiving the password reset email. Radio before like pretty.",0,0
"Channel: Web Form | Priority: Medium | Login failed - Walk Hi Support, How do I install the latest patch on Windows 11? Whole realize beat allow walk often over.",0,0
"Channel: Email | Priority: Medium | Delete account - Matter Hi Support, I am not receiving the password reset email. Staff owner until.",0,0
"Channel: Chat | Priority: Low | Hours of operation - Throughout Hi Support, I would like to request a demo for my team. Degree whole stand professional report sort task.",0,0
"Channel: Chat | Priority: Medium | Data not syncing - Gas Hi Support, We are receiving a 500 Internal Server Error on the API endpoint. Goal office degree unit.",0,0
"Channel: Email | Priority: High | Update credit card - Data Hi Support, My subscription renewed automatically, but I wanted to cancel. Nearly lawyer figure.",1,1
"Channel: Email | Priority: Medium | Delete account - Understand Hi Support, I am not receiving the password reset email. Which organization soldier whose against.",0,0
"Channel: Email | Priority: Low | Suspicious charge - Drop Hi Support, I have been trying to update my payment method but it keeps failing. Much past scientist care unit next.",1,1
"Channel: Web Form | Priority: High | Login failed - Happy Hi Support, How do I install the latest patch on Windows 11? Property choice own recent.",0,1
"Channel: Web Form | Priority: Low | Charged twice - Them Hi Support, I noticed a double charge on my statement for last month. Artist kitchen rich those affect consumer.",0,0
"Channel: Web Form | Priority: Low | Delete account - Finish Hi Support, I want to permanently delete my account and data. Audience feel soldier eat.",0,0
"Channel: Chat | Priority: Low | Password reset - Find Hi Support, I want to permanently delete my account and data. Product interview loss shoulder.",1,1
"Channel: Web Form | Priority: Low | Suspicious charge - Share Hi Support, I requested a refund 5 days ago, where is it? Type sport artist total able.",0,0
"Channel: Web Form | Priority: Low | Pricing tiers - It Hi Support, I would like to request a demo for my team. Traditional move bank wide.",0,0
"Channel: Web Form | Priority: Low | Payment failed - Young Hi Support, I noticed a double charge on my statement for last month. Star hospital American through take series.",1,1
"Channel: Web Form | Priority: Medium | Demo request - Arrive Hi Support, Do you offer a discount for non-profits? Region once station food.",0,0
"Channel: Email | Priority: Medium | API Error 500 - Network Hi Support, We are receiving a 500 Internal Server Error on the API endpoint. Race and before difference small stay.",0,0
"Channel: Web Form | Priority: Medium | 2FA issues - Stand Hi Support, How do I upgrade to the Enterprise plan? Physical father large try scientist movement.",0,1
"Channel: Chat | Priority: Medium | Update credit card - Choose Hi Support, I have been trying to update my payment method but it keeps failing. Really push rich avoid become by open.",0,0
"Channel: Email | Priority: Medium | Installation issue - Official Hi Support, The application crashes every time I open the settings tab. Build parent school range.",0,0
"Channel: Chat | Priority: Low | Refund status - Argue Hi Support, I have been trying to update my payment method but it keeps failing. Too huge ability market.",1,1
"Channel: Chat | Priority: Low | Password reset - Shake Hi Support, Please help me change the email address associated with my account. Eat listen either end test bit money.",1,1
"Channel: Web Form | Priority: Critical | Screen freezes - Various Hi Support, The application crashes every time I open the settings tab. Blue half rather team street clear nature.",0,1
"Channel: Email | Priority: Medium | Payment failed - Medical Hi Support, Can you send me the invoice for transaction #99283? Boy major Mr.",0,0
"Channel: Chat | Priority: Low | Refund status - Against Hi Support, Why is my bill higher than the agreed amount? Throughout show hospital usually.",0,1
"Channel: Email | Priority: High | API Error 500 - Data Hi Support, The dashboard is not loading any data, just a spinning wheel. Enter in despite put billion whom specific.",0,0
"Channel: Web Form | Priority: Medium | 2FA issues - Whether Hi Support, My profile picture is not updating. Against talk financial perform.",0,0
"Channel: Email | Priority: Medium | Hours of operation - Yourself Hi Support, I would like to request a demo for my team. Ago day wish glass space product.",0,0
"Channel: Web Form | Priority: Critical | Phishing attempt - Resource Hi Support, Someone used my card to make a purchase on your site. East often usually nearly everything attack.",1,1
"Channel: Email | Priority: Critical | Alert notification - Get Hi Support, I received a login alert from a device in Russia, which wasn't me. Picture from letter page community.",1,1
"Channel: Chat | Priority: Medium | Pricing tiers - Man Hi Support, Where is your headquarters located? Three how bit wrong after identify everyone simply.",0,0
"Channel: Chat | Priority: Low | Payment failed - Offer Hi Support, I have been trying to update my payment method but it keeps failing. Work realize could increase.",1,1
"Channel: Email | Priority: Medium | Update credit card - Right Hi Support, I noticed a double charge on my statement for last month. Rise everyone into style yes sometimes.",0,0
"Channel: Web Form | Priority: Medium | Profile update - Idea Hi Support, I want to permanently delete my account and data. Cause help most capital indeed call author.",0,0
"Channel: Chat | Priority: Low | Payment failed - House Hi Support, I have been trying to update my payment method but it keeps failing. Attack each bank really personal support enter.",1,1
"Channel: Email | Priority: Low | Product question - Score Hi Support, What are your support operating hours? Perform smile help central weight by rock.",0,0
"Channel: Chat | Priority: High | Delete account - Might Hi Support, Please help me change the email address associated with my account. Speak before page we nation source.",1,1
"Channel: Email | Priority: Low | Suspicious charge - Within Hi Support, I noticed a double charge on my statement for last month. To author hear either.",0,0
"Channel: Chat | Priority: Medium | Charged twice - Magazine Hi Support, I requested a refund 5 days ago, where is it? Discussion down ability sit occur enjoy.",0,0
"Channel: Web Form | Priority: Medium | Payment failed - Form Hi Support, I noticed a double charge on my statement for last month. My create set center.",0,0
"Channel: Chat | Priority: Low | Charged twice - Answer Hi Support, My subscription renewed automatically, but I wanted to cancel. Sure draw senior heavy.",1,1
"Channel: Web Form | Priority: Medium | Delete account - Rate Hi Support, Please help me change the email address associated with my account. Response letter size property take impact plan.",0,0
"Channel: Web Form | Priority: Low | Demo request - Value Hi Support, Is there a roadmap for new features this year? How money soldier hair.",0,0
"Channel: Email | Priority: High | Installation issue - Mrs Hi Support, We are receiving a 500 Internal Server Error on the API endpoint. Her should gas establish news.",0,0
"Channel: Email | Priority: Medium | Password reset - Consumer Hi Support, My profile picture is not updating. Receive administration none foreign agree film budget.",0,0
"Channel: Chat | Priority: Low | API Error 500 - Structure Hi Support, How do I install the latest patch on Windows 11? Thus society here animal miss defense mouth.",0,1
"Channel: Web Form | Priority: Low | Change email - Happy Hi Support, How do I upgrade to the Enterprise plan? Generation week couple.",0,0
"Channel: Web Form | Priority: Low | Invoice discrepancy - Article Hi Support, My subscription renewed automatically, but I wanted to cancel. Field administration security cause.",0,0
"Channel: Email | Priority: Low | 2FA issues - Different Hi Support, I am not receiving the password reset email. Debate in sit four something partner may.",0,0
"Channel: Email | Priority: Medium | Office location - Effect Hi Support, Where is your headquarters located? Have what radio grow.",0,0
"Channel: Web Form | Priority: Low | Hours of operation - Family Hi Support, How does the team pricing tier work? Soon since director school dinner.",0,0
"Channel: Chat | Priority: Medium | Refund status - Heart Hi Support, I requested a refund 5 days ago, where is it? Look head speak rest myself successful.",0,0
"Channel: Chat | Priority: Low | Invoice discrepancy - Little Hi Support, Why is my bill higher than the agreed amount? Most firm relationship most some.",0,0
"Channel: Chat | Priority: High | Data not syncing - Notice Hi Support, We are receiving a 500 Internal Server Error on the API endpoint. Positive role piece never write choice body.",0,0
"Channel: Email | Priority: High | Change email - Who Hi Support, How do I upgrade to the Enterprise plan? Rate too customer us truth.",1,1
"Channel: Email | Priority: Low | Hours of operation - Boy Hi Support, What are your support operating hours? Site remember task adult rich.",0,1
"Channel: Web Form | Priority: Low | Change email - Less Hi Support, I want to permanently delete my account and data. Effect street former of loss two.",0,1
"Channel: Chat | Priority: Critical | Screen freezes - Agency Hi Support, My data hasn't synced to the cloud for 24 hours. We safe quality good news let.",1,1
"Channel: Chat | Priority: Low | Login failed - Resource Hi Support, The application crashes every time I open the settings tab. That free personal Democrat.",1,1
"Channel: Web Form | Priority: High | Office location - Full Hi Support, Do you offer a discount for non-profits? Old training data point.",1,1
"Channel: Web Form | Priority: Low | App crashing - Marriage Hi Support, How do I install the latest patch on Windows 11? Can room foot direction travel.",0,0
"Channel: Web Form | Priority: High | Hours of operation - Our Hi Support, Where is your headquarters located? Evening nor expert tough.",1,1
"Channel: Web Form | Priority: Medium | Delete account - Item Hi Support, Please help me change the email address associated with my account. Form charge bill reduce room actually.",0,0
"Channel: Web Form | Priority: Low | API Error 500 - During Hi Support, I cannot log into my account even after resetting the password. According hard old herself decade industry writer.",1,1
"Channel: Chat | Priority: Medium | App crashing - Her Hi Support, I cannot log into my account even after resetting the password. Radio decade draw happy create.",1,1
"Channel: Email | Priority: Medium | Invoice discrepancy - Read Hi Support, Can you send me the invoice for transaction #99283? Police bit next day control along.",0,0
"Channel: Web Form | Priority: Low | Delete account - Draw Hi Support, My profile picture is not updating. Doctor it author energy.",1,1
"Channel: Chat | Priority: Medium | API Error 500 - Series Hi Support, My data hasn't synced to the cloud for 24 hours. Assume face design good not.",0,0
"Channel: Web Form | Priority: Medium | Suspicious charge - Government Hi Support, My subscription renewed automatically, but I wanted to cancel. Leave energy democratic deep.",0,0
"Channel: Web Form | Priority: Low | Charged twice - Beautiful Hi Support, Why is my bill higher than the agreed amount? Choice deep hotel choose another.",0,0
"Channel: Email | Priority: Low | Installation issue - Reach Hi Support, The application crashes every time I open the settings tab. Reach treat control moment wonder animal.",1,1
"Channel: Web Form | Priority: Critical | App crashing - Poor Hi Support, How do I install the latest patch on Windows 11? Expert although although science woman risk.",1,1
"Channel: Chat | Priority: High | Login failed - Close Hi Support, My data hasn't synced to the cloud for 24 hours. Along character hot college.",0,0
"Channel: Email | Priority: Low | Payment failed - Him Hi Support, I have been trying to update my payment method but it keeps failing. Begin position include receive one rest single from.",1,1
"Channel: Chat | Priority: High | Stolen card - Scientist Hi Support, Lock my account immediately, I see transactions I didn't make. Woman happen collection part minute.",0,0
"Channel: Email | Priority: Low | Change email - Value Hi Support, How do I upgrade to the Enterprise plan? Lay theory officer safe admit.",0,0
"Channel: Web Form | Priority: Low | Product question - Too Hi Support, I would like to request a demo for my team. Piece affect possible modern south.",0,0
"Channel: Email | Priority: Low | Payment failed - Painting Hi Support, My subscription renewed automatically, but I wanted to cancel. Eight effect billion issue candidate.",1,1
"Channel: Web Form | Priority: Critical | Login failed - Its Hi Support, I cannot log into my account even after resetting the password. We cause see firm success.",0,0
"Channel: Web Form | Priority: Low | Invoice discrepancy - Finally Hi Support, I have been trying to update my payment method but it keeps failing. Later eye star education everybody role.",0,0
"Channel: Chat | Priority: Low | Data not syncing - Cold Hi Support, How do I install the latest patch on Windows 11? And among detail couple never room.",0,0
"Channel: Web Form | Priority: Medium | Charged twice - Station Hi Support, Why is my bill higher than the agreed amount? Value white anyone prove brother term type reality.",0,0
"Channel: Web Form | Priority: Medium | App crashing - Debate Hi Support, My data hasn't synced to the cloud for 24 hours. And report like next recognize particular.",0,0
"Channel: Web Form | Priority: Medium | Suspicious charge - Day Hi Support, Can you send me the invoice for transaction #99283? Show grow training owner course student decide along.",0,0
"Channel: Chat | Priority: Medium | Office location - Democratic Hi Support, Do you offer a discount for non-profits? Face cell now look.",1,0
"Channel: Chat | Priority: Low | Suspicious charge - Site Hi Support, I requested a refund 5 days ago, where is it? Keep offer yet Democrat collection man give.",0,1
"Channel: Web Form | Priority: Critical | Stolen card - Music Hi Support, I received a suspicious email claiming to be support. Water think campaign town discussion worker environmental employee.",1,1
"Channel: Web Form | Priority: High | Login failed - Tree Hi Support, I cannot log into my account even after resetting the password. Thousand account three skill offer force along.",0,0
"Channel: Chat | Priority: High | Payment failed - Three Hi Support, My subscription renewed automatically, but I wanted to cancel. For past course guy yard.",0,0
"Channel: Email | Priority: Critical | Suspicious activity - Environment Hi Support, Why is there a new device added to my trusted list? Kitchen along debate listen hear.",1,1
"Channel: Chat | Priority: Low | Refund status - Production Hi Support, Why is my bill higher than the agreed amount? Realize threat which accept.",1,1
"Channel: Web Form | Priority: High | API Error 500 - Or Hi Support, The dashboard is not loading any data, just a spinning wheel. Civil all system individual.",0,0
"Channel: Email | Priority: Low | Suspicious charge - Set Hi Support, I requested a refund 5 days ago, where is it? Candidate society including how.",1,0
"Channel: Chat | Priority: Critical | API Error 500 - Lose Hi Support, We are receiving a 500 Internal Server Error on the API endpoint. Heavy drug whatever ago medical century popular.",0,0
"Channel: Email | Priority: Critical | Unrecognized login - Yourself Hi Support, Someone used my card to make a purchase on your site. Take radio per.",1,1
"Channel: Chat | Priority: High | Hours of operation - Result Hi Support, What are your support operating hours? Whatever continue single beat know.",0,0
"Channel: Email | Priority: Low | Profile update - Visit Hi Support, My profile picture is not updating. Class hundred everyone have pressure may talk trade.",1,1
"Channel: Email | Priority: High | App crashing - Get Hi Support, We are receiving a 500 Internal Server Error on the API endpoint. Court cost role draw open cut why.",0,0
"Channel: Web Form | Priority: High | Unrecognized login - Campaign Hi Support, I think my account has been compromised. Particular issue business present yeah.",0,0
"Channel: Web Form | Priority: Critical | Login failed - He Hi Support, The application crashes every time I open the settings tab. Wear military accept hundred blue anything young.",0,0
"Channel: Email | Priority: Low | Change email - When Hi Support, How do I upgrade to the Enterprise plan? Prove hour huge member could toward say throw.",0,0
"Channel: Email | Priority: Medium | Delete account - Which Hi Support, I am not receiving the password reset email. Film success should can choice sit industry.",0,0
"Channel: Chat | Priority: Medium | Feature request - Beautiful Hi Support, Is there a roadmap for new features this year? Want tonight young during join whether.",1,1
"Channel: Web Form | Priority: Low | Payment failed - Hit Hi Support, I requested a refund 5 days ago, where is it? Foot stage painting grow environment break their.",1,1
"Channel: Chat | Priority: Low | Login failed - Two Hi Support, The application crashes every time I open the settings tab. Idea between above attack party force defense good.",1,1
"Channel: Chat | Priority: Medium | Data not syncing - Maintain Hi Support, The dashboard is not loading any data, just a spinning wheel. Relate available majority why employee food matter.",0,0
"Channel: Web Form | Priority: Low | Subscription upgrade - Agreement Hi Support, I want to permanently delete my account and data. Plant gun suffer worry law production up.",1,0
"Channel: Chat | Priority: Low | Pricing tiers - Available Hi Support, What are your support operating hours? Physical admit enough ok father news page.",1,0
"Channel: Chat | Priority: High | Product question - Rise Hi Support, Do you offer a discount for non-profits? Cup whose necessary reflect.",1,1
"Channel: Chat | Priority: Low | Change email - Probably Hi Support, I am not receiving the password reset email. Team measure attorney beautiful less.",0,1
"Channel: Email | Priority: Low | Office location - Avoid Hi Support, How does the team pricing tier work? Six language thus join claim fly sell.",0,0
"Channel: Email | Priority: Low | API Error 500 - Last Hi Support, I cannot log into my account even after resetting the password. Fill yard throw interview.",1,1
"Channel: Web Form | Priority: High | Stolen card - Different Hi Support, I received a login alert from a device in Russia, which wasn't me. Represent blood stay man international month special.",0,0
"Channel: Web Form | Priority: Critical | Stolen card - Side Hi Support, Someone used my card to make a purchase on your site. Fly crime court hair.",1,1
"Channel: Chat | Priority: Medium | Refund status - Risk Hi Support, Why is my bill higher than the agreed amount? Force hotel what gas.",0,0
"Channel: Web Form | Priority: Low | Pricing tiers - Across Hi Support, I would like to request a demo for my team. Investment hope us appear require top deal.",0,0
"Channel: Web Form | Priority: Low | Data not syncing - Cut Hi Support, How do I install the latest patch on Windows 11? She usually including order.",0,0
"Channel: Email | Priority: High | Screen freezes - Information Hi Support, The dashboard is not loading any data, just a spinning wheel. Foot partner base prepare change article.",0,0
"Channel: Web Form | Priority: High | API Error 500 - Industry Hi Support, We are receiving a 500 Internal Server Error on the API endpoint. Candidate music across do.",0,0
"Channel: Email | Priority: Low | Office location - End Hi Support, I would like to request a demo for my team. Citizen blood develop.",0,0
"Channel: Chat | Priority: Low | Update credit card - Office Hi Support, I have been trying to update my payment method but it keeps failing. While book season without.",1,1
"Channel: Web Form | Priority: Medium | Delete account - Security Hi Support, Please help me change the email address associated with my account. Argue hospital right ever price why public ago.",0,0
"Channel: Web Form | Priority: High | Hours of operation - Boy Hi Support, I would like to request a demo for my team. Yeah wrong call phone until.",1,1
"Channel: Web Form | Priority: Low | Suspicious charge - Road Hi Support, I have been trying to update my payment method but it keeps failing. Adult machine well occur.",1,1
"Channel: Web Form | Priority: Low | Product question - Expert Hi Support, I would like to request a demo for my team. Tend or late low.",0,0
"Channel: Web Form | Priority: Medium | Demo request - Size Hi Support, How does the team pricing tier work? Of seven teach forward.",0,1
"Channel: Chat | Priority: Critical | App crashing - Realize Hi Support, My data hasn't synced to the cloud for 24 hours. Mean study high reflect option single history.",0,1
"Channel: Web Form | Priority: Medium | Password reset - Town Hi Support, Please help me change the email address associated with my account. Health walk collection major.",0,0
"Channel: Email | Priority: Medium | Product question - Along Hi Support, Is there a roadmap for new features this year? No who condition gas chair buy center.",1,1
"Channel: Chat | Priority: Medium | Screen freezes - Left Hi Support, My data hasn't synced to the cloud for 24 hours. Admit behavior try water.",0,0
"Channel: Chat | Priority: Low | Installation issue - View Hi Support, The application crashes every time I open the settings tab. Air wife possible hotel standard try two.",1,1
"Channel: Email | Priority: Medium | Hours of operation - Happen Hi Support, Do you offer a discount for non-profits? Order reduce bank produce.",0,0
"Channel: Email | Priority: Low | Payment failed - Bill Hi Support, I noticed a double charge on my statement for last month. Toward relate manage notice item option lawyer.",1,1
"Channel: Web Form | Priority: Medium | Suspicious charge - Listen Hi Support, I requested a refund 5 days ago, where is it? Least speak purpose born.",0,0
"Channel: Web Form | Priority: Low | Update credit card - Court Hi Support, I requested a refund 5 days ago, where is it? Color claim beat technology major game.",1,0
"Channel: Chat | Priority: Low | Invoice discrepancy - Forward Hi Support, Why is my bill higher than the agreed amount? Represent about wait give concern.",0,0
"Channel: Email | Priority: Medium | Update credit card - Phone Hi Support, Why is my bill higher than the agreed amount? Imagine church save firm reflect.",0,0
"Channel: Web Form | Priority: Medium | Login failed - Step Hi Support, We are receiving a 500 Internal Server Error on the API endpoint. Court arm positive middle leg affect remember.",1,1
"Channel: Chat | Priority: Low | Charged twice - Field Hi Support, I noticed a double charge on my statement for last month. Wish space baby thank eat idea operation.",0,0
"Channel: Web Form | Priority: High | Installation issue - Enjoy Hi Support, How do I install the latest patch on Windows 11? Determine friend save indicate.",1,1
"Channel: Web Form | Priority: Medium | Charged twice - Stuff Hi Support, I requested a refund 5 days ago, where is it? Many article serve onto can response.",0,0
"Channel: Web Form | Priority: Low | App crashing - Read Hi Support, We are receiving a 500 Internal Server Error on the API endpoint. Successful technology station lead building choice wonder.",1,1
"Channel: Chat | Priority: High | Password reset - Receive Hi Support, I am not receiving the password reset email. Fire product face industry ten necessary base.",0,0
"Channel: Chat | Priority: Low | Data not syncing - Shake Hi Support, The application crashes every time I open the settings tab. Condition left perform there leave office administration.",1,1
"Channel: Web Form | Priority: High | Phishing attempt - Score Hi Support, Lock my account immediately, I see transactions I didn't make. Child prove with.",0,0
"Channel: Web Form | Priority: Low | Installation issue - Speak Hi Support, My data hasn't synced to the cloud for 24 hours. International mind common generation.",1,1
"Channel: Chat | Priority: Low | Charged twice - Give Hi Support, I noticed a double charge on my statement for last month. Between many health civil yourself give technology.",0,0
"Channel: Email | Priority: Medium | Hours of operation - Stock Hi Support, I would like to request a demo for my team. Deal radio yourself stay.",0,0
"Channel: Web Form | Priority: Medium | Change email - Choose Hi Support, How do I upgrade to the Enterprise plan? Among media about son.",1,1
"Channel: Chat | Priority: Medium | Suspicious charge - Work Hi Support, Can you send me the invoice for transaction #99283? Thing concern executive quality over bank.",0,0
"Channel: Web Form | Priority: Medium | Screen freezes - History Hi Support, How do I install the latest patch on Windows 11? Both weight line inside after.",0,0
"Channel: Chat | Priority: Low | Refund status - Check Hi Support, I have been trying to update my payment method but it keeps failing. I for much really over her vote next.",1,1
"Channel: Email | Priority: Medium | Product question - Commercial Hi Support, Do you offer a discount for non-profits? Nation tonight now popular those although him.",0,1
"Channel: Chat | Priority: High | Installation issue - Century Hi Support, How do I install the latest patch on Windows 11? Laugh produce child.",1,1
"Channel: Email | Priority: Medium | Suspicious charge - Get Hi Support, My subscription renewed automatically, but I wanted to cancel. Through staff professor.",0,0
"Channel: Chat | Priority: Critical | Phishing attempt - Sister Hi Support, I received a login alert from a device in Russia, which wasn't me. Subject carry assume field Democrat understand.",1,1
"Channel: Email | Priority: High | Hours of operation - Town Hi Support, Where is your headquarters located? Show Democrat hand campaign loss focus major reason.",1,1
"Channel: Chat | Priority: Medium | Change email - Yeah Hi Support, I want to permanently delete my account and data. Moment us another hospital police environmental book home.",0,0
"Channel: Chat | Priority: Low | Update credit card - Boy Hi Support, I noticed a double charge on my statement for last month. Democratic road our provide.",0,0
"Channel: Email | Priority: Low | Delete account - Carry Hi Support, How do I upgrade to the Enterprise plan? Congress citizen feeling everybody cost fund.",0,0
"Channel: Chat | Priority: Medium | App crashing - Exist Hi Support, We are receiving a 500 Internal Server Error on the API endpoint. His major line standard another exist age successful.",1,1
"Channel: Web Form | Priority: Low | API Error 500 - Record Hi Support, We are receiving a 500 Internal Server Error on the API endpoint. Southern strategy think couple.",1,1
"Channel: Email | Priority: Low | Demo request - Once Hi Support, How does the team pricing tier work? Capital choice decide return skin that.",0,0
"Channel: Chat | Priority: Medium | App crashing - Future Hi Support, The dashboard is not loading any data, just a spinning wheel. Both person bed pressure assume.",0,1
"Channel: Web Form | Priority: High | Suspicious activity - Major Hi Support, Someone used my card to make a purchase on your site. Main window likely executive word film.",0,0
"Channel: Web Form | Priority: Medium | Refund status - Mean Hi Support, Can you send me the invoice for transaction #99283? Score people tree green itself.",0,0
"Channel: Email | Priority: Low | Hours of operation - Next Hi Support, Do you offer a discount for non-profits? East significant concern.",0,0
"Channel: Chat | Priority: Medium | API Error 500 - Three Hi Support, I cannot log into my account even after resetting the password. Model agree of.",1,1
"Channel: Web Form | Priority: Low | Feature request - Authority Hi Support, What are your support operating hours? Kind attention thousand money thing pressure approach item.",1,0
"Channel: Web Form | Priority: Critical | Screen freezes - Season Hi Support, The application crashes every time I open the settings tab. Sure child pattern remain.",1,1
"Channel: Chat | Priority: Low | Charged twice - President Hi Support, I noticed a double charge on my statement for last month. Source wife sound argue reveal mission live.",0,0
"Channel: Web Form | Priority: Medium | Product question - Pm Hi Support, I would like to request a demo for my team. Foreign sing book when mission today imagine.",0,1
"Channel: Web Form | Priority: Medium | Change email - Return Hi Support, I want to permanently delete my account and data. Free half hit media sit theory.",0,0
"Channel: Email | Priority: Low | Change email - Allow Hi Support, I want to permanently delete my account and data. Carry agent meeting her voice north worry.",1,1
"Channel: Email | Priority: Medium | Delete account - Speak Hi Support, I lost my phone and cannot pass the 2FA check. Keep camera this key.",0,0
"Channel: Web Form | Priority: Low | Delete account - Food Hi Support, How do I upgrade to the Enterprise plan? Example house common suffer sense no.",0,0
"Channel: Chat | Priority: Low | Profile update - Sister Hi Support, How do I upgrade to the Enterprise plan? Skill forget dark enter.",0,0
"Channel: Web Form | Priority: Medium | Installation issue - Prevent Hi Support, My data hasn't synced to the cloud for 24 hours. Leave whose teach little structure night.",0,0
"Channel: Email | Priority: Medium | Charged twice - Under Hi Support, I have been trying to update my payment method but it keeps failing. Moment partner above short debate cause recognize yes.",0,0
"Channel: Email | Priority: Low | Hours of operation - High Hi Support, I would like to request a demo for my team. Film get find watch tonight arm.",0,0
"Channel: Email | Priority: Low | Feature request - Certainly Hi Support, What are your support operating hours? Stage exactly use according yes skill.",0,0
"Channel: Web Form | Priority: Low | Feature request - Career Hi Support, Where is your headquarters located? Bit player way election join.",0,0
"Channel: Chat | Priority: Medium | Screen freezes - Go Hi Support, My data hasn't synced to the cloud for 24 hours. Analysis church above image political.",0,0
"Channel: Chat | Priority: Low | Refund status - Everybody Hi Support, I noticed a double charge on my statement for last month. Site let morning deal.",1,1
"Channel: Chat | Priority: Low | Pricing tiers - I Hi Support, How does the team pricing tier work? Population wrong receive important activity.",0,0
"Channel: Chat | Priority: Medium | App crashing - Difficult Hi Support, My data hasn't synced to the cloud for 24 hours. Service happen painting billion explain deep professor.",1,1
"Channel: Chat | Priority: Critical | Phishing attempt - Everything Hi Support, I think my account has been compromised. Politics bring state what down carry.",0,1
"Channel: Web Form | Priority: High | Login failed - Mrs Hi Support, How do I install the latest patch on Windows 11? Entire argue majority son father score.",0,0
"Channel: Web Form | Priority: Low | Payment failed - Himself Hi Support, I have been trying to update my payment method but it keeps failing. Pretty control better continue involve consider good.",1,1
"Channel: Chat | Priority: Low | Suspicious charge - Authority Hi Support, I noticed a double charge on my statement for last month. Agree probably just hot describe outside.",0,0
"Channel: Chat | Priority: High | API Error 500 - Do Hi Support, The application crashes every time I open the settings tab. Former wrong establish series bag.",0,0
"Channel: Web Form | Priority: Low | Login failed - History Hi Support, We are receiving a 500 Internal Server Error on the API endpoint. Nor later whom animal great camera.",1,1
"Channel: Email | Priority: High | Payment failed - Agreement Hi Support, Why is my bill higher than the agreed amount? Head food feel thought explain.",0,0
"Channel: Email | Priority: High | Screen freezes - Bag Hi Support, How do I install the latest patch on Windows 11? Several forward page.",1,1
"Channel: Web Form | Priority: Low | Screen freezes - Send Hi Support, I cannot log into my account even after resetting the password. Despite girl work along picture cause best.",1,1
"Channel: Chat | Priority: High | Installation issue - Example Hi Support, How do I install the latest patch on Windows 11? Recognize more single test activity.",1,1
"Channel: Chat | Priority: High | Data not syncing - Describe Hi Support, I cannot log into my account even after resetting the password. Body after scene give.",0,0
"Channel: Email | Priority: Medium | Password reset - Dinner Hi Support, How do I upgrade to the Enterprise plan? However foreign his through friend wear painting.",0,0
"Channel: Email | Priority: High | Screen freezes - Look Hi Support, The dashboard is not loading any data, just a spinning wheel. Green bit research decade list difference.",0,0
"Channel: Web Form | Priority: Medium | App crashing - Suffer Hi Support, How do I install the latest patch on Windows 11? Wide still develop at career stop.",0,0
"Channel: Email | Priority: Medium | Hours of operation - Activity Hi Support, How does the team pricing tier work? Church third mind else current.",0,0
"Channel: Email | Priority: Medium | Update credit card - Money Hi Support, I requested a refund 5 days ago, where is it? Sport physical table base end able discuss.",0,0
"Channel: Email | Priority: Low | Change email - Even Hi Support, I am not receiving the password reset email. Smile along phone best administration difference represent.",0,1
"Channel: Chat | Priority: High | Hours of operation - Read Hi Support, How does the team pricing tier work? Close reach wall million.",1,1
"Channel: Chat | Priority: High | Payment failed - Common Hi Support, My subscription renewed automatically, but I wanted to cancel. Well nothing or along very fund soldier.",0,0
"Channel: Chat | Priority: High | Data not syncing - Performance Hi Support, How do I install the latest patch on Windows 11? Likely large test student him where.",1,1
"Channel: Chat | Priority: Medium | API Error 500 - Few Hi Support, I cannot log into my account even after resetting the password. Help magazine rise seat pattern mind.",0,1
"Channel: Chat | Priority: Low | Password reset - Say Hi Support, Please help me change the email address associated with my account. Partner ready individual tonight.",1,1
"Channel: Email | Priority: High | Pricing tiers - Daughter Hi Support, What are your support operating hours? For impact movement station foreign reason everything.",1,1
"Channel: Chat | Priority: High | Screen freezes - Yeah Hi Support, My data hasn't synced to the cloud for 24 hours. About marriage drive election different camera recognize.",1,0
"Channel: Email | Priority: Low | Payment failed - Authority Hi Support, I have been trying to update my payment method but it keeps failing. Energy most land great.",1,1
"Channel: Email | Priority: Low | Screen freezes - Better Hi Support, How do I install the latest patch on Windows 11? See military west.",0,0
"Channel: Chat | Priority: Medium | Refund status - Support Hi Support, I requested a refund 5 days ago, where is it? Experience hit beat product they must travel.",0,0
"Channel: Chat | Priority: High | Demo request - Help Hi Support, How does the team pricing tier work? Throw pick minute this.",1,1
"Channel: Chat | Priority: Low | Login failed - Tree Hi Support, The application crashes every time I open the settings tab. Analysis type song not conference agency behind nothing.",1,1
"Channel: Web Form | Priority: Medium | Login failed - Perhaps Hi Support, The dashboard is not loading any data, just a spinning wheel. Western school case effect value physical area.",0,1
"Channel: Chat | Priority: Low | Office location - Doctor Hi Support, Is there a roadmap for new features this year? Here community their reflect light color media.",0,0
"Channel: Web Form | Priority: Low | Profile update - Program Hi Support, Please help me change the email address associated with my account. Expect world kid many into type.",1,1
"Channel: Web Form | Priority: Medium | Change email - Campaign Hi Support, I lost my phone and cannot pass the 2FA check. Discover rather worker young American different half.",0,0
"Channel: Web Form | Priority: Medium | Login failed - Charge Hi Support, The application crashes every time I open the settings tab. Necessary condition energy thing specific maintain.",1,1
"Channel: Web Form | Priority: Low | Installation issue - World Hi Support, I cannot log into my account even after resetting the password. Involve song discover all practice.",1,1
"Channel: Chat | Priority: High | Profile update - Near Hi Support, How do I upgrade to the Enterprise plan? Right task floor choice teach.",1,1
"Channel: Chat | Priority: High | Payment failed - Drive Hi Support, I requested a refund 5 days ago, where is it? Especially draw call late seven agent bag.",0,0
"Channel: Email | Priority: Low | Data not syncing - Need Hi Support, The dashboard is not loading any data, just a spinning wheel. Test nor word.",1,1
"Channel: Chat | Priority: Critical | Login failed - Dream Hi Support, The application crashes every time I open the settings tab. Whatever Democrat look player letter available.",0,0
"Channel: Email | Priority: Medium | Office location - Should Hi Support, Where is your headquarters located? Head across former weight recently between.",0,0
"Channel: Chat | Priority: Low | Installation issue - Specific Hi Support, I cannot log into my account even after resetting the password. Per fact situation community stage.",1,1
"Channel: Email | Priority: Low | Suspicious charge - Season Hi Support, Why is my bill higher than the agreed amount? Practice left water news beat maintain cell.",0,0
"Channel: Email | Priority: Medium | Feature request - Determine Hi Support, How does the team pricing tier work? Cold cold less maybe require walk.",0,1
"Channel: Web Form | Priority: Low | Hours of operation - Mind Hi Support, I would like to request a demo for my team. Organization choice him treat team.",0,0
"Channel: Email | Priority: Low | Invoice discrepancy - Man Hi Support, I noticed a double charge on my statement for last month. Available everybody piece family this.",0,0
"Channel: Chat | Priority: High | Installation issue - West Hi Support, The dashboard is not loading any data, just a spinning wheel. Work learn girl.",0,0
"Channel: Web Form | Priority: High | Change email - Myself Hi Support, My profile picture is not updating. City send daughter network.",1,0
"Channel: Email | Priority: High | Charged twice - Particularly Hi Support, I requested a refund 5 days ago, where is it? Water sit field talk art.",0,1
"Channel: Web Form | Priority: Low | Hours of operation - Short Hi Support, Do you offer a discount for non-profits? Whether until admit official write teach.",0,0
"Channel: Email | Priority: Low | Delete account - World Hi Support, I want to permanently delete my account and data. Item east artist join send strategy.",0,0
"Channel: Chat | Priority: Low | Suspicious charge - Election Hi Support, I requested a refund 5 days ago, where is it? Well page appear.",0,0
"Channel: Web Form | Priority: Medium | Data not syncing - Interview Hi Support, My data hasn't synced to the cloud for 24 hours. Rule nearly southern citizen result.",0,0
"Channel: Chat | Priority: Medium | Data not syncing - Reason Hi Support, We are receiving a 500 Internal Server Error on the API endpoint. Generation west kid force area bad.",0,0
"Channel: Web Form | Priority: High | Data not syncing - Few Hi Support, I cannot log into my account even after resetting the password. Read work another fill page author son.",0,0
"Channel: Web Form | Priority: Low | Payment failed - Police Hi Support, I noticed a double charge on my statement for last month. Add tough no stock career eight gun face.",0,1
"Channel: Web Form | Priority: Medium | 2FA issues - Scene Hi Support, I am not receiving the password reset email. Make quite candidate remember happen side how.",0,0
"Channel: Web Form | Priority: Low | Invoice discrepancy - Fine Hi Support, I noticed a double charge on my statement for last month. Energy seek beautiful fear science remain.",0,0
"Channel: Email | Priority: Low | Update credit card - Quality Hi Support, Can you send me the invoice for transaction #99283? Experience model head force security culture.",0,0
"Channel: Chat | Priority: High | Profile update - Glass Hi Support, I lost my phone and cannot pass the 2FA check. Letter military hold change group mother.",0,0
"Channel: Email | Priority: Low | Suspicious charge - Anything Hi Support, My subscription renewed automatically, but I wanted to cancel. Research resource glass.",0,0
"Channel: Chat | Priority: Low | Product question - Need Hi Support, Do you offer a discount for non-profits? Office big big part.",0,0
"Channel: Web Form | Priority: Medium | Update credit card - Practice Hi Support, I requested a refund 5 days ago, where is it? Find seem mouth.",0,0
"Channel: Chat | Priority: Critical | Data not syncing - Age Hi Support, The dashboard is not loading any data, just a spinning wheel. Size reach none this establish challenge teach move.",1,1
"Channel: Chat | Priority: Low | App crashing - Election Hi Support, My data hasn't synced to the cloud for 24 hours. Computer message step give win.",1,1
"Channel: Email | Priority: Low | Change email - Thing Hi Support, I lost my phone and cannot pass the 2FA check. Protect many beat everybody.",1,1
"Channel: Web Form | Priority: Low | Suspicious charge - Anyone Hi Support, Can you send me the invoice for transaction #99283? Policy among environmental case.",0,0
"Channel: Email | Priority: Medium | 2FA issues - Pick Hi Support, I want to permanently delete my account and data. Theory truth receive someone candidate.",0,0
"Channel: Email | Priority: Low | Payment failed - Fear Hi Support, I requested a refund 5 days ago, where is it? Reduce game important.",1,1
"Channel: Email | Priority: Low | Office location - Word Hi Support, What are your support operating hours? Guy cold approach feel method least or.",0,0
"Channel: Chat | Priority: Medium | Subscription upgrade - View Hi Support, I lost my phone and cannot pass the 2FA check. Response hard whether church.",0,0
"Channel: Web Form | Priority: High | App crashing - Fire Hi Support, I cannot log into my account even after resetting the password. He culture benefit.",0,0
"Channel: Web Form | Priority: Low | Data not syncing - Since Hi Support, We are receiving a 500 Internal Server Error on the API endpoint. Any administration management eye ahead brother write.",1,1
"Channel: Email | Priority: High | Screen freezes - Tend Hi Support, My data hasn't synced to the cloud for 24 hours. Election television yard soon.",0,0
"Channel: Web Form | Priority: High | API Error 500 - Decision Hi Support, The dashboard is not loading any data, just a spinning wheel. Bill party sure protect education somebody worry.",0,0
"Channel: Email | Priority: Low | Login failed - Particular Hi Support, The dashboard is not loading any data, just a spinning wheel. Put teach player bar laugh.",1,1
"Channel: Web Form | Priority: Medium | Product question - He Hi Support, Is there a roadmap for new features this year? Off beyond western.",1,1
"Channel: Email | Priority: Low | Subscription upgrade - Suffer Hi Support, I want to permanently delete my account and data. Trade may medical tough watch understand movement thousand.",0,1
"Channel: Web Form | Priority: Medium | App crashing - Administration Hi Support, How do I install the latest patch on Windows 11? Parent politics student world church admit or less.",0,0
"Channel: Email | Priority: Medium | Product question - Suddenly Hi Support, How does the team pricing tier work? Particularly church write small next from.",1,1
"Channel: Chat | Priority: Medium | Product question - Seat Hi Support, How does the team pricing tier work? Stand rock focus daughter near.",1,1
"Channel: Chat | Priority: High | Invoice discrepancy - Generation Hi Support, My subscription renewed automatically, but I wanted to cancel. So election difficult certainly oil street receive.",1,1
"Channel: Chat | Priority: Critical | API Error 500 - Keep Hi Support, The application crashes every time I open the settings tab. Surface finally statement.",1,0
"Channel: Web Form | Priority: Low | Invoice discrepancy - Major Hi Support, I requested a refund 5 days ago, where is it? The model happen teacher million head its.",0,0
"Channel: Email | Priority: Low | Payment failed - Analysis Hi Support, Why is my bill higher than the agreed amount? Exactly protect four month firm.",1,1
"Channel: Email | Priority: Medium | Installation issue - Whose Hi Support, My data hasn't synced to the cloud for 24 hours. Age sea loss might.",0,0
"Channel: Chat | Priority: Medium | Update credit card - Power Hi Support, My subscription renewed automatically, but I wanted to cancel. Foot must place nothing cold poor address.",0,0
"Channel: Chat | Priority: Medium | Password reset - Hear Hi Support, I lost my phone and cannot pass the 2FA check. Policy end play truth.",0,0
"Channel: Email | Priority: Medium | Product question - Identify Hi Support, Where is your headquarters located? Direction during situation probably most offer.",1,1
"Channel: Web Form | Priority: Low | Delete account - Owner Hi Support, Please help me change the email address associated with my account. Would deep entire forget sure.",0,1
"Channel: Web Form | Priority: Low | Update credit card - Attack Hi Support, I noticed a double charge on my statement for last month. Vote thought arrive economy sing.",0,0
"Channel: Web Form | Priority: High | Stolen card - Present Hi Support, Why is there a new device added to my trusted list? Space wide rule sit.",1,1
"Channel: Web Form | Priority: Medium | Installation issue - Matter Hi Support, The dashboard is not loading any data, just a spinning wheel. Certain same long smile.",0,0
"Channel: Chat | Priority: Medium | 2FA issues - Wonder Hi Support, I want to permanently delete my account and data. Father film simple international most look question.",0,0
"Channel: Web Form | Priority: Low | Pricing tiers - This Hi Support, Do you offer a discount for non-profits? Ability candidate Mrs point allow beat.",0,0
"Channel: Email | Priority: Low | Product question - Health Hi Support, What are your support operating hours? Perform guess will coach film occur wind.",0,0
"Channel: Web Form | Priority: Low | Profile update - Oil Hi Support, I am not receiving the password reset email. Marriage memory market Congress.",1,1
"Channel: Chat | Priority: Medium | Product question - Fill Hi Support, Where is your headquarters located? Bit near everybody without agency growth.",0,0
"Channel: Email | Priority: Low | Invoice discrepancy - Federal Hi Support, I noticed a double charge on my statement for last month. Happy usually lot project.",0,0
"Channel: Email | Priority: Low | Office location - Mention Hi Support, I would like to request a demo for my team. Plan hold value season guy trade.",0,0
"Channel: Web Form | Priority: Low | Refund status - Thousand Hi Support, My subscription renewed automatically, but I wanted to cancel. Cell very theory place perhaps name.",0,1
"Channel: Web Form | Priority: Medium | App crashing - There Hi Support, We are receiving a 500 Internal Server Error on the API endpoint. Whether build provide hear information maintain pattern cover.",0,1
"Channel: Email | Priority: Medium | Subscription upgrade - Central Hi Support, I am not receiving the password reset email. Campaign character serve hit matter arrive show population.",0,0
"Channel: Web Form | Priority: Low | Profile update - Head Hi Support, How do I upgrade to the Enterprise plan? Speak friend air goal third.",0,0
"Channel: Web Form | Priority: Medium | Subscription upgrade - Exist Hi Support, How do I upgrade to the Enterprise plan? Really month consider claim occur close.",0,0
"Channel: Email | Priority: Critical | App crashing - Finish Hi Support, I cannot log into my account even after resetting the password. Top president during loss might high notice.",0,0
"Channel: Web Form | Priority: High | Charged twice - Plan Hi Support, Can you send me the invoice for transaction #99283? Arm level relate wear reach herself.",1,1
"Channel: Chat | Priority: Medium | Pricing tiers - Tough Hi Support, Is there a roadmap for new features this year? Weight school level live.",0,1
"Channel: Web Form | Priority: High | Screen freezes - But Hi Support, How do I install the latest patch on Windows 11? Chair many drop term brother current sea body.",1,1
"Channel: Chat | Priority: Medium | Hours of operation - Tax Hi Support, How does the team pricing tier work? Family shoulder car dog system.",1,0
"Channel: Email | Priority: High | Login failed - Use Hi Support, The dashboard is not loading any data, just a spinning wheel. East one identify response oil it executive.",0,0
"Channel: Email | Priority: Critical | Suspicious activity - Him Hi Support, Why is there a new device added to my trusted list? Benefit pretty gun agreement certain.",1,1
"Channel: Email | Priority: Medium | Hours of operation - Agree Hi Support, Where is your headquarters located? Audience how and meeting call home discuss simple.",0,0
"Channel: Web Form | Priority: Medium | Feature request - Method Hi Support, How does the team pricing tier work? Loss executive throw candidate majority service modern.",0,1
"Channel: Chat | Priority: Low | Password reset - Manage Hi Support, Please help me change the email address associated with my account. Both deep live.",0,1
"Channel: Email | Priority: Low | Hours of operation - Under Hi Support, Is there a roadmap for new features this year? Face offer hair which order speak.",0,0
"Channel: Web Form | Priority: High | Product question - Social Hi Support, How does the team pricing tier work? Cause east yard that ask.",1,1
"Channel: Email | Priority: Medium | Office location - Suddenly Hi Support, Where is your headquarters located? Any represent social number team common food.",0,0
"Channel: Web Form | Priority: Medium | Suspicious charge - Center Hi Support, I have been trying to update my payment method but it keeps failing. All sign bring who focus.",0,0
"Channel: Email | Priority: Low | Delete account - Safe Hi Support, How do I upgrade to the Enterprise plan? Wide lose sometimes ever.",0,0
"Channel: Email | Priority: Low | Payment failed - Wrong Hi Support, Why is my bill higher than the agreed amount? Economy call mission present compare.",1,1
"Channel: Chat | Priority: Medium | Installation issue - Tell Hi Support, The dashboard is not loading any data, just a spinning wheel. Between follow ability soon theory adult.",0,0
"Channel: Web Form | Priority: Medium | API Error 500 - Form Hi Support, We are receiving a 500 Internal Server Error on the API endpoint. West only another majority recent and scientist.",0,0
"Channel: Web Form | Priority: Low | Demo request - Sense Hi Support, I would like to request a demo for my team. Memory east evidence need.",0,0
"Channel: Email | Priority: Medium | Subscription upgrade - Goal Hi Support, I want to permanently delete my account and data. Adult prove what throughout article soon bring character.",0,0
"Channel: Email | Priority: Low | Profile update - Time Hi Support, I lost my phone and cannot pass the 2FA check. Price hundred citizen strong other most.",1,1
"Channel: Email | Priority: High | Hours of operation - Cause Hi Support, Where is your headquarters located? Road take democratic team commercial long.",1,1
"Channel: Chat | Priority: Medium | Suspicious charge - Population Hi Support, Can you send me the invoice for transaction #99283? Administration care campaign sometimes new participant.",0,0
"Channel: Web Form | Priority: Low | Profile update - Far Hi Support, I want to permanently delete my account and data. Fear use star.",1,1
"Channel: Email | Priority: Low | Subscription upgrade - Lose Hi Support, I lost my phone and cannot pass the 2FA check. Hear whatever send themselves fire how.",0,1
"Channel: Web Form | Priority: Critical | Unrecognized login - Research Hi Support, I think my account has been compromised. Race that early language trip.",1,1
"Channel: Chat | Priority: Medium | Delete account - Make Hi Support, My profile picture is not updating. Need safe fly manage.",0,0
"Channel: Web Form | Priority: Low | Login failed - Difference Hi Support, How do I install the latest patch on Windows 11? Nothing measure town guess our force keep notice.",0,0
"Channel: Email | Priority: Low | Hours of operation - My Hi Support, What are your support operating hours? Maintain win ask area able.",1,1
"Channel: Chat | Priority: Critical | Account hacked - Rise Hi Support, I received a login alert from a device in Russia, which wasn't me. Under yourself position perhaps study sea with money.",0,0
"Channel: Chat | Priority: Medium | Feature request - College Hi Support, Where is your headquarters located? Eat particular office south her one bar too.",0,1
"Channel: Chat | Priority: Medium | 2FA issues - Network Hi Support, How do I upgrade to the Enterprise plan? Produce music cup class top movie staff.",1,1
"Channel: Web Form | Priority: High | Stolen card - Difference Hi Support, I received a login alert from a device in Russia, which wasn't me. Happen beat financial around even population must.",0,0
"Channel: Web Form | Priority: Medium | Invoice discrepancy - Car Hi Support, I noticed a double charge on my statement for last month. Respond since region stock three order.",0,0
"Channel: Web Form | Priority: Low | Charged twice - Mrs Hi Support, I requested a refund 5 days ago, where is it? Everybody pressure a board would movement outside blood.",1,1
"Channel: Email | Priority: Critical | Data not syncing - Yet Hi Support, How do I install the latest patch on Windows 11? Mission yet old discussion any fact consumer.",1,1
"Channel: Chat | Priority: Critical | Login failed - Mother Hi Support, I cannot log into my account even after resetting the password. Under high serve.",0,0
"Channel: Email | Priority: Medium | App crashing - Sense Hi Support, How do I install the latest patch on Windows 11? Chair certainly instead sign.",0,0
"Channel: Email | Priority: Low | Subscription upgrade - Minute Hi Support, My profile picture is not updating. Measure fast address dog sense.",0,0
"Channel: Email | Priority: Low | Change email - Enter Hi Support, I lost my phone and cannot pass the 2FA check. Some against consider measure mission present.",0,1
"Channel: Email | Priority: Low | Update credit card - Agreement Hi Support, I have been trying to update my payment method but it keeps failing. Commercial lot matter.",1,1
"Channel: Web Form | Priority: Medium | Update credit card - Follow Hi Support, I requested a refund 5 days ago, where is it? Magazine big break interest wall this girl cold.",0,0
"Channel: Web Form | Priority: High | App crashing - Large Hi Support, We are receiving a 500 Internal Server Error on the API endpoint. American attack game drop.",0,0
"Channel: Email | Priority: Medium | Installation issue - Your Hi Support, How do I install the latest patch on Windows 11? Community response newspaper reveal side company she hold.",0,0
"Channel: Web Form | Priority: Low | Suspicious charge - Fear Hi Support, I have been trying to update my payment method but it keeps failing. War order edge why back.",1,1
"Channel: Email | Priority: Low | Hours of operation - Safe Hi Support, Do you offer a discount for non-profits? Night trip often force six.",0,0
"Channel: Web Form | Priority: Low | Charged twice - Myself Hi Support, My subscription renewed automatically, but I wanted to cancel. Certain tell magazine believe time.",0,0
"Channel: Web Form | Priority: Low | Data not syncing - Matter Hi Support, The dashboard is not loading any data, just a spinning wheel. Two arrive indeed bag successful day smile.",0,1
"Channel: Chat | Priority: High | Charged twice - Mother Hi Support, I noticed a double charge on my statement for last month. Of second you wish whom final tree.",1,1
"Channel: Web Form | Priority: Low | Update credit card - None Hi Support, Why is my bill higher than the agreed amount? Effect catch doctor happy leave religious activity.",0,0
"Channel: Email | Priority: Medium | Feature request - Official Hi Support, Where is your headquarters located? Congress where visit difference.",1,1
"Channel: Chat | Priority: Medium | Invoice discrepancy - Win Hi Support, Can you send me the invoice for transaction #99283? Cover require down site seek election.",0,0
"Channel: Email | Priority: High | Installation issue - Treat Hi Support, The dashboard is not loading any data, just a spinning wheel. Describe attorney second age step impact.",0,0
"Channel: Chat | Priority: Medium | Data not syncing - Debate Hi Support, How do I install the latest patch on Windows 11? Condition million Mrs environment including position election.",0,0
"Channel: Web Form | Priority: Medium | Refund status - Wrong Hi Support, I requested a refund 5 days ago, where is it? Speech sister dream fast risk national board.",0,0
"Channel: Web Form | Priority: Low | Payment failed - Score Hi Support, My subscription renewed automatically, but I wanted to cancel. Less decide response foreign describe make soldier.",1,1
"Channel: Email | Priority: Low | Suspicious charge - People Hi Support, I requested a refund 5 days ago, where is it? Common seat kind these foot not price.",0,0
"Channel: Web Form | Priority: Low | Profile update - Age Hi Support, I lost my phone and cannot pass the 2FA check. Unit lay machine certain though black.",1,1
"Channel: Email | Priority: Low | Refund status - Tough Hi Support, Can you send me the invoice for transaction #99283? Save career throw past.",0,0
"Channel: Email | Priority: Medium | Installation issue - Campaign Hi Support, My data hasn't synced to the cloud for 24 hours. Lawyer available rate well particular because remain recently.",0,0
"Channel: Web Form | Priority: Medium | Login failed - Southern Hi Support, How do I install the latest patch on Windows 11? Former seven administration get best worry.",0,0
"Channel: Email | Priority: Low | Payment failed - Issue Hi Support, I have been trying to update my payment method but it keeps failing. Speech thank cut number race those wall.",1,1
"Channel: Email | Priority: Low | Subscription upgrade - Learn Hi Support, Please help me change the email address associated with my account. Human area least order one including yourself.",0,0
"Channel: Web Form | Priority: Low | Office location - Today Hi Support, What are your support operating hours? Traditional see because everything sure case knowledge station.",1,0
"Channel: Email | Priority: Low | Feature request - Truth Hi Support, I would like to request a demo for my team. Short white both then behavior simply someone material.",0,0
"Channel: Email | Priority: Medium | App crashing - Southern Hi Support, The application crashes every time I open the settings tab. Trade also charge forward game see economic.",0,0
"Channel: Email | Priority: Medium | Refund status - Wait Hi Support, I noticed a double charge on my statement for last month. Standard why peace student figure or either.",0,0
"Channel: Email | Priority: Medium | Screen freezes - Task Hi Support, The dashboard is not loading any data, just a spinning wheel. Spend field energy player.",0,0
"Channel: Email | Priority: Low | 2FA issues - Lay Hi Support, I lost my phone and cannot pass the 2FA check. Former real scene political while.",0,0
"Channel: Web Form | Priority: High | Subscription upgrade - Long Hi Support, My profile picture is not updating. Much result also color job throughout.",0,1
"Channel: Chat | Priority: High | Phishing attempt - Study Hi Support, I think my account has been compromised. Deep pattern special detail card heavy quality.",0,0
"Channel: Web Form | Priority: Low | Refund status - East Hi Support, I requested a refund 5 days ago, where is it? Big heavy sit perform sound.",0,1
"Channel: Web Form | Priority: Low | Data not syncing - Tough Hi Support, We are receiving a 500 Internal Server Error on the API endpoint. List director type modern drop everyone.",1,1
"Channel: Web Form | Priority: Medium | Demo request - Democrat Hi Support, Do you offer a discount for non-profits? Weight picture television action.",0,0
"Channel: Email | Priority: Low | Password reset - Foot Hi Support, My profile picture is not updating. Forget population floor much present already.",0,1
"Channel: Email | Priority: Low | Payment failed - Time Hi Support, I have been trying to update my payment method but it keeps failing. Build play power cultural rather investment only.",1,1
"Channel: Email | Priority: Medium | Product question - Where Hi Support, Is there a roadmap for new features this year? Baby own similar room finally take ability.",1,1
"Channel: Chat | Priority: Low | Pricing tiers - Its Hi Support, I would like to request a demo for my team. Trial unit difference usually.",0,0
"Channel: Chat | Priority: Medium | Screen freezes - Available Hi Support, We are receiving a 500 Internal Server Error on the API endpoint. Trade left seven today people free.",1,1
"Channel: Chat | Priority: Low | Profile update - And Hi Support, I want to permanently delete my account and data. Generation blue central fall tonight Democrat stand.",1,0
"Channel: Web Form | Priority: Low | Update credit card - Life Hi Support, Why is my bill higher than the agreed amount? Young but value lay choose international.",0,0
"Channel: Web Form | Priority: Medium | Installation issue - Despite Hi Support, We are receiving a 500 Internal Server Error on the API endpoint. Evening tend family number memory take ok.",0,1
"Channel: Web Form | Priority: Low | Subscription upgrade - Data Hi Support, How do I upgrade to the Enterprise plan? Without radio fire now.",0,0
"Channel: Web Form | Priority: Medium | Password reset - Especially Hi Support, I am not receiving the password reset email. Security company edge nor assume.",0,0
"Channel: Chat | Priority: High | Phishing attempt - Contain Hi Support, Lock my account immediately, I see transactions I didn't make. Woman then stop free probably structure.",0,0
"Channel: Email | Priority: Low | Suspicious charge - Whatever Hi Support, Why is my bill higher than the agreed amount? However century others former cover best expert.",0,0
"Channel: Chat | Priority: High | Installation issue - Commercial Hi Support, The dashboard is not loading any data, just a spinning wheel. Stage seem difference just can.",0,0
"Channel: Email | Priority: Low | Pricing tiers - Their Hi Support, Do you offer a discount for non-profits? Fish if source individual everything computer.",0,0
"Channel: Email | Priority: Low | Payment failed - South Hi Support, I have been trying to update my payment method but it keeps failing. From seem idea exist.",1,1
"Channel: Email | Priority: Low | Product question - During Hi Support, Is there a roadmap for new features this year? Than challenge morning many could.",0,0
"Channel: Web Form | Priority: Medium | Office location - Time Hi Support, Do you offer a discount for non-profits? Short left first.",0,0
"Channel: Chat | Priority: Medium | Screen freezes - Law Hi Support, The application crashes every time I open the settings tab. Until bed suffer.",0,1
"Channel: Chat | Priority: Low | Demo request - Physical Hi Support, Where is your headquarters located? Myself let positive difficult bill.",0,0
"Channel: Web Form | Priority: Critical | Suspicious activity - Structure Hi Support, I received a login alert from a device in Russia, which wasn't me. Sing center smile wait usually.",1,1
"Channel: Email | Priority: Medium | Profile update - Serious Hi Support, I lost my phone and cannot pass the 2FA check. Certain increase at.",0,0
"Channel: Email | Priority: Low | App crashing - Myself Hi Support, The dashboard is not loading any data, just a spinning wheel. Develop industry film probably.",1,1
"Channel: Web Form | Priority: High | Profile update - Worry Hi Support, I lost my phone and cannot pass the 2FA check. Week major pull increase right.",0,0
"Channel: Chat | Priority: High | App crashing - Boy Hi Support, The dashboard is not loading any data, just a spinning wheel. Tv bag education detail.",0,0
"Channel: Web Form | Priority: Medium | Installation issue - Yet Hi Support, The dashboard is not loading any data, just a spinning wheel. Ok these up do might region series girl.",0,0
"Channel: Email | Priority: Medium | Invoice discrepancy - Defense Hi Support, My subscription renewed automatically, but I wanted to cancel. Main reflect poor material why ever.",0,0
"Channel: Web Form | Priority: Medium | Installation issue - Discuss Hi Support, My data hasn't synced to the cloud for 24 hours. Possible rate guy prove somebody ask.",0,0
"Channel: Email | Priority: High | Screen freezes - Create Hi Support, How do I install the latest patch on Windows 11? Also decision down.",1,1
"Channel: Chat | Priority: Low | Product question - None Hi Support, I would like to request a demo for my team. Lay study public.",0,0
"Channel: Chat | Priority: Critical | Unrecognized login - Which Hi Support, Lock my account immediately, I see transactions I didn't make. Near enough prepare.",0,0
"Channel: Chat | Priority: Medium | Screen freezes - Officer Hi Support, How do I install the latest patch on Windows 11? Talk interest reason.",0,0
"Channel: Web Form | Priority: Medium | Password reset - Threat Hi Support, I want to permanently delete my account and data. Chair value describe development race center to.",0,0
"Channel: Web Form | Priority: Low | 2FA issues - Next Hi Support, I lost my phone and cannot pass the 2FA check. Enough population moment step answer.",1,0
"Channel: Chat | Priority: Medium | Charged twice - Agreement Hi Support, My subscription renewed automatically, but I wanted to cancel. Simple no anyone statement.",0,0
"Channel: Web Form | Priority: Low | Charged twice - Push Hi Support, I noticed a double charge on my statement for last month. Improve its American moment street.",0,0
"Channel: Email | Priority: Critical | Login failed - Mean Hi Support, We are receiving a 500 Internal Server Error on the API endpoint. Cup dog feel campaign figure.",0,0
"Channel: Chat | Priority: High | Login failed - Season Hi Support, We are receiving a 500 Internal Server Error on the API endpoint. Trouble their parent center data who first.",0,0
"Channel: Email | Priority: High | Installation issue - Under Hi Support, The dashboard is not loading any data, just a spinning wheel. Tax size everything ground nice down nor everything.",0,0
"Channel: Web Form | Priority: Low | Payment failed - Carry Hi Support, Why is my bill higher than the agreed amount? Check because enter certainly fall against ready will.",1,1
"Channel: Web Form | Priority: Medium | App crashing - Reflect Hi Support, The application crashes every time I open the settings tab. Window expert rate rise computer population.",1,1
"Channel: Web Form | Priority: Low | Data not syncing - Blood Hi Support, The dashboard is not loading any data, just a spinning wheel. Water industry forget agent.",0,1
"Channel: Email | Priority: High | Update credit card - Word Hi Support, My subscription renewed automatically, but I wanted to cancel. Pass country almost protect own.",0,1
"Channel: Chat | Priority: Medium | Installation issue - Woman Hi Support, The dashboard is not loading any data, just a spinning wheel. Cold daughter recently.",0,0
"Channel: Web Form | Priority: Low | Office location - Guy Hi Support, Is there a roadmap for new features this year? Decision professional health response past lose door meeting.",0,0
"Channel: Web Form | Priority: Low | Refund status - Usually Hi Support, Can you send me the invoice for transaction #99283? Training book man general outside response side laugh.",0,0
"Channel: Email | Priority: Medium | Suspicious charge - Check Hi Support, I have been trying to update my payment method but it keeps failing. Have recent situation particularly rule heart.",0,0
"Channel: Chat | Priority: High | Profile update - Lose Hi Support, I want to permanently delete my account and data. Fast history campaign score right like.",0,0
"Channel: Email | Priority: Medium | Refund status - Recently Hi Support, I have been trying to update my payment method but it keeps failing. Because song actually floor yet kid several kind.",0,0
"Channel: Web Form | Priority: High | Refund status - And Hi Support, My subscription renewed automatically, but I wanted to cancel. Into deal message my power method.",0,0
"Channel: Chat | Priority: Critical | Stolen card - Knowledge Hi Support, I think my account has been compromised. Water our provide dream just hard somebody.",1,1
"Channel: Email | Priority: Medium | Change email - Moment Hi Support, Please help me change the email address associated with my account. Notice decide store.",0,0
"Channel: Web Form | Priority: Low | Change email - Claim Hi Support, I want to permanently delete my account and data. Eye admit you.",0,1
"Channel: Email | Priority: Medium | Suspicious charge - Hand Hi Support, I requested a refund 5 days ago, where is it? Know per wish what lead.",0,0
"Channel: Chat | Priority: Low | Charged twice - Manager Hi Support, I noticed a double charge on my statement for last month. Rest ask point seek student small help.",1,0
"Channel: Email | Priority: Critical | Login failed - Visit Hi Support, How do I install the latest patch on Windows 11? Claim return actually body part.",1,1
"Channel: Email | Priority: Low | Screen freezes - Maintain Hi Support, We are receiving a 500 Internal Server Error on the API endpoint. Down president be visit reason.",1,1
"Channel: Email | Priority: Critical | Account hacked - Stand Hi Support, Lock my account immediately, I see transactions I didn't make. Lose knowledge owner cause big million concern note.",0,0
"Channel: Chat | Priority: Low | Suspicious charge - Young Hi Support, I have been trying to update my payment method but it keeps failing. Else talk area but role market media.",1,1
"Channel: Email | Priority: Medium | Login failed - Theory Hi Support, The dashboard is not loading any data, just a spinning wheel. Republican example international worker myself look.",1,1
"Channel: Web Form | Priority: Medium | Feature request - Those Hi Support, Is there a roadmap for new features this year? Couple audience economic wide describe.",1,1
"Channel: Web Form | Priority: Low | Pricing tiers - Public Hi Support, Do you offer a discount for non-profits? Field with such after class travel thus.",0,0
"Channel: Chat | Priority: Medium | Suspicious charge - Something Hi Support, Why is my bill higher than the agreed amount? Race where eight interesting.",0,0
"Channel: Email | Priority: Low | Pricing tiers - Common Hi Support, Do you offer a discount for non-profits? Including cultural around player growth.",0,0
"Channel: Chat | Priority: High | Installation issue - Around Hi Support, The application crashes every time I open the settings tab. Land second happen rate.",0,0
"Channel: Chat | Priority: Medium | Update credit card - Sort Hi Support, Can you send me the invoice for transaction #99283? Start night situation growth best.",0,0
"Channel: Chat | Priority: Low | Demo request - Conference Hi Support, Do you offer a discount for non-profits? About dinner three challenge.",0,0
"Channel: Web Form | Priority: Low | Installation issue - Process Hi Support, I cannot log into my account even after resetting the password. Herself how outside system.",1,1
"Channel: Chat | Priority: High | Suspicious charge - Role Hi Support, I requested a refund 5 days ago, where is it? Interesting west court buy second majority.",1,1
"Channel: Email | Priority: Low | Charged twice - Firm Hi Support, I requested a refund 5 days ago, where is it? Range church during maintain.",0,1
"Channel: Web Form | Priority: Medium | Subscription upgrade - Spring Hi Support, My profile picture is not updating. Author these foot.",0,0
"Channel: Chat | Priority: Medium | 2FA issues - Catch Hi Support, My profile picture is not updating. Executive pretty near material issue.",0,0
"Channel: Chat | Priority: Low | Charged twice - Less Hi Support, I have been trying to update my payment method but it keeps failing. Position ground child chair at join follow.",1,1
"Channel: Web Form | Priority: Medium | Screen freezes - Child Hi Support, We are receiving a 500 Internal Server Error on the API endpoint. Type which huge herself.",1,1
"Channel: Email | Priority: Medium | Login failed - Part Hi Support, I cannot log into my account even after resetting the password. Author machine off agency wonder.",0,1
"Channel: Chat | Priority: Critical | Suspicious activity - Free Hi Support, Why is there a new device added to my trusted list? Participant everyone perhaps level want marriage majority.",1,1
"Channel: Chat | Priority: Low | Login failed - Fly Hi Support, How do I install the latest patch on Windows 11? Behind level use decade concern skill gun.",0,0
"Channel: Chat | Priority: Low | App crashing - No Hi Support, I cannot log into my account even after resetting the password. School few tough imagine budget international east husband.",1,1
"Channel: Chat | Priority: Medium | Product question - Who Hi Support, How does the team pricing tier work? Too environmental maintain story.",1,1
"Channel: Chat | Priority: Low | Demo request - Result Hi Support, How does the team pricing tier work? Interest series culture lose theory rich.",0,0
"Channel: Web Form | Priority: Low | Screen freezes - Low Hi Support, The dashboard is not loading any data, just a spinning wheel. Agency fact company worry less.",1,1
"Channel: Web Form | Priority: Low | Product question - Camera Hi Support, What are your support operating hours? Money city set pay down then us.",0,0
"Channel: Chat | Priority: Low | Profile update - Two Hi Support, How do I upgrade to the Enterprise plan? Support rest drive partner.",0,0
"Channel: Chat | Priority: Low | App crashing - Fish Hi Support, We are receiving a 500 Internal Server Error on the API endpoint. Current edge race drive woman.",1,1
"Channel: Chat | Priority: Medium | Refund status - Arm Hi Support, Why is my bill higher than the agreed amount? Child Congress because what former either.",0,0
"Channel: Email | Priority: High | Data not syncing - Body Hi Support, We are receiving a 500 Internal Server Error on the API endpoint. Magazine reason term baby.",0,0
"Channel: Chat | Priority: Critical | Stolen card - Culture Hi Support, I received a login alert from a device in Russia, which wasn't me. Director wonder good behind employee court.",1,1
"Channel: Chat | Priority: Critical | Suspicious activity - Able Hi Support, Why is there a new device added to my trusted list? But capital name attorney.",1,1
"Channel: Chat | Priority: Medium | Demo request - Sit Hi Support, Is there a roadmap for new features this year? Cause art senior perhaps.",1,1
"Channel: Email | Priority: Low | Invoice discrepancy - Floor Hi Support, My subscription renewed automatically, but I wanted to cancel. Protect friend strategy investment appear six important indicate.",0,0
"Channel: Chat | Priority: Low | App crashing - Into Hi Support, How do I install the latest patch on Windows 11? Likely attack financial free cost at.",0,1
"Channel: Web Form | Priority: Low | Invoice discrepancy - Old Hi Support, My subscription renewed automatically, but I wanted to cancel. Law stop fire blood.",0,0
"Channel: Chat | Priority: Medium | Update credit card - Spend Hi Support, I noticed a double charge on my statement for last month. Law standard degree.",0,0
"Channel: Chat | Priority: Medium | API Error 500 - Entire Hi Support, The dashboard is not loading any data, just a spinning wheel. Door school community experience cover.",0,1
"Channel: Email | Priority: Medium | Suspicious charge - Responsibility Hi Support, Can you send me the invoice for transaction #99283? Mind total cultural pass.",0,0
"Channel: Web Form | Priority: Low | Hours of operation - Boy Hi Support, Do you offer a discount for non-profits? Discover return discover Mrs public mention if.",0,0
"Channel: Chat | Priority: Medium | API Error 500 - Summer Hi Support, The dashboard is not loading any data, just a spinning wheel. Each age expect court indicate.",1,1
"Channel: Email | Priority: Low | Change email - Land Hi Support, I want to permanently delete my account and data. Play hit until on factor draw.",0,1
"Channel: Chat | Priority: Low | Change email - Them Hi Support, My profile picture is not updating. Office threat enjoy pay.",1,1
"Channel: Email | Priority: Medium | API Error 500 - Close Hi Support, How do I install the latest patch on Windows 11? Pressure participant none ok third listen phone.",0,0
"Channel: Email | Priority: High | Login failed - Present Hi Support, My data hasn't synced to the cloud for 24 hours. Dark care improve small may cell.",0,0
"Channel: Web Form | Priority: Critical | Stolen card - On Hi Support, Lock my account immediately, I see transactions I didn't make. Program computer check every thousand physical skin.",0,1
"Channel: Email | Priority: High | App crashing - Last Hi Support, The application crashes every time I open the settings tab. Try from evening guess three trouble.",0,0
"Channel: Web Form | Priority: Critical | Screen freezes - State Hi Support, My data hasn't synced to the cloud for 24 hours. Pretty only compare read.",1,1
"Channel: Email | Priority: Low | 2FA issues - Action Hi Support, I am not receiving the password reset email. Top organization account discover know.",0,1
"Channel: Web Form | Priority: Low | 2FA issues - Perform Hi Support, Please help me change the email address associated with my account. About maybe full parent card time.",0,0
"Channel: Email | Priority: Medium | API Error 500 - Heavy Hi Support, How do I install the latest patch on Windows 11? Without prevent ok hand.",0,0
"Channel: Chat | Priority: Medium | Refund status - According Hi Support, I noticed a double charge on my statement for last month. Message her vote above system.",0,0
"Channel: Chat | Priority: Low | Payment failed - Pull Hi Support, I requested a refund 5 days ago, where is it? Herself rest stop series.",1,1
"Channel: Web Form | Priority: High | Subscription upgrade - Imagine Hi Support, I am not receiving the password reset email. Through evening investment.",0,1
"Channel: Web Form | Priority: Medium | App crashing - Visit Hi Support, The application crashes every time I open the settings tab. Political little and always wide.",0,0
"Channel: Email | Priority: Medium | Delete account - Surface Hi Support, I lost my phone and cannot pass the 2FA check. Garden dream do outside stage usually.",0,0
"Channel: Chat | Priority: Low | App crashing - After Hi Support, How do I install the latest patch on Windows 11? Again order coach arrive wind.",0,0
"Channel: Chat | Priority: High | Installation issue - Again Hi Support, My data hasn't synced to the cloud for 24 hours. Realize pass girl discussion charge institution more.",0,0
"Channel: Email | Priority: Medium | Invoice discrepancy - Prevent Hi Support, My subscription renewed automatically, but I wanted to cancel. Pick throughout significant traditional.",0,0
"Channel: Chat | Priority: Medium | Payment failed - Number Hi Support, My subscription renewed automatically, but I wanted to cancel. Police husband discuss daughter environment put bag.",0,1
"Channel: Chat | Priority: Low | Update credit card - Training Hi Support, I noticed a double charge on my statement for last month. Example first hope commercial.",0,0
"Channel: Chat | Priority: Medium | App crashing - Follow Hi Support, We are receiving a 500 Internal Server Error on the API endpoint. Whom require guy firm head light statement.",1,1
"Channel: Chat | Priority: High | Payment failed - Level Hi Support, Can you send me the invoice for transaction #99283? Collection expert keep he manage until.",0,0
"Channel: Web Form | Priority: High | Invoice discrepancy - Media Hi Support, I noticed a double charge on my statement for last month. Compare focus others war artist adult weight.",1,1
"Channel: Chat | Priority: Critical | Suspicious activity - Leave Hi Support, Someone used my card to make a purchase on your site. Identify form worker.",1,1
"Channel: Email | Priority: Medium | Refund status - Beat Hi Support, Can you send me the invoice for transaction #99283? High also improve house special cell his end.",0,0
"Channel: Email | Priority: Medium | Suspicious charge - Power Hi Support, Can you send me the invoice for transaction #99283? Change marriage grow this.",0,0
"Channel: Chat | Priority: Critical | Login failed - Site Hi Support, How do I install the latest patch on Windows 11? Pretty themselves line western face.",1,1
"Channel: Email | Priority: Low | Office location - Air Hi Support, I would like to request a demo for my team. Whole current protect campaign above generation none particularly.",0,0
"Channel: Email | Priority: Low | 2FA issues - Front Hi Support, I am not receiving the password reset email. Place financial sing network hotel another accept moment.",0,0
"Channel: Web Form | Priority: Low | Demo request - Lot Hi Support, Where is your headquarters located? Part feeling shoulder.",0,0
"Channel: Web Form | Priority: High | Charged twice - Us Hi Support, Why is my bill higher than the agreed amount? Room production he decide.",1,1
"Channel: Web Form | Priority: Low | Password reset - Name Hi Support, I want to permanently delete my account and data. Painting must rest structure.",0,1
"Channel: Email | Priority: Low | Invoice discrepancy - Technology Hi Support, Can you send me the invoice for transaction #99283? Scientist whose section argue include already.",0,0
"Channel: Email | Priority: Medium | Invoice discrepancy - Space Hi Support, Why is my bill higher than the agreed amount? Voice according job down.",0,0
"Channel: Email | Priority: Critical | Suspicious activity - Doctor Hi Support, Someone used my card to make a purchase on your site. Full store perhaps.",1,1
"Channel: Email | Priority: High | Screen freezes - Stop Hi Support, My data hasn't synced to the cloud for 24 hours. Within management party maybe guy commercial want near.",0,0
"Channel: Email | Priority: Low | API Error 500 - Nothing Hi Support, The application crashes every time I open the settings tab. Purpose commercial believe late their run.",1,1
"Channel: Chat | Priority: Low | Feature request - Art Hi Support, How does the team pricing tier work? Sell audience and really stage college open.",0,0
"Channel: Web Form | Priority: Low | Product question - International Hi Support, Do you offer a discount for non-profits? Great research blue yet hot billion.",0,0
"Channel: Web Form | Priority: Low | Payment failed - Back Hi Support, I have been trying to update my payment method but it keeps failing. Age site listen rich.",1,1
"Channel: Email | Priority: Low | Hours of operation - Stop Hi Support, Do you offer a discount for non-profits? Choose air use worker us.",0,0
"Channel: Chat | Priority: Medium | 2FA issues - Growth Hi Support, Please help me change the email address associated with my account. Read field far allow.",0,0
"Channel: Chat | Priority: Medium | API Error 500 - Available Hi Support, The application crashes every time I open the settings tab. Mouth focus traditional social Congress way him.",1,1
"Channel: Chat | Priority: Medium | Delete account - Course Hi Support, My profile picture is not updating. Late same couple.",0,0
"Channel: Chat | Priority: Low | Payment failed - Myself Hi Support, Why is my bill higher than the agreed amount? Area hear whatever indicate special form player.",1,1
"Channel: Chat | Priority: High | Hours of operation - Employee Hi Support, How does the team pricing tier work? Set want attention walk lot box.",1,1
"Channel: Chat | Priority: High | Product question - Old Hi Support, Is there a roadmap for new features this year? Citizen serve piece term.",1,1
"Channel: Email | Priority: Low | Hours of operation - Reduce Hi Support, How does the team pricing tier work? Education stock accept though lawyer take case ok.",0,0
"Channel: Web Form | Priority: Low | Product question - Describe Hi Support, Is there a roadmap for new features this year? Yet every music total anything.",0,0
"Channel: Web Form | Priority: Low | Invoice discrepancy - Specific Hi Support, My subscription renewed automatically, but I wanted to cancel. Hard series few himself sort grow agent.",0,0
"Channel: Chat | Priority: Medium | Office location - There Hi Support, What are your support operating hours? End threat body money decide natural purpose.",0,0
"Channel: Chat | Priority: Medium | Update credit card - Easy Hi Support, I noticed a double charge on my statement for last month. Like reveal kitchen benefit pay give party trade.",0,0
"Channel: Web Form | Priority: Low | Demo request - Stay Hi Support, How does the team pricing tier work? Executive carry month responsibility want unit become.",0,0
"Channel: Email | Priority: Medium | Change email - Structure Hi Support, Please help me change the email address associated with my account. Food cold also.",0,0
"Channel: Web Form | Priority: High | 2FA issues - His Hi Support, I lost my phone and cannot pass the 2FA check. Player social democratic sit.",0,1
"Channel: Email | Priority: Medium | Office location - Oil Hi Support, How does the team pricing tier work? Product try lawyer attention.",0,1
"Channel: Chat | Priority: Medium | Installation issue - Late Hi Support, The dashboard is not loading any data, just a spinning wheel. Speech then whether your door quality seven.",0,0
"Channel: Chat | Priority: Low | Office location - Start Hi Support, What are your support operating hours? Expect behavior fly bar.",1,1
"Channel: Email | Priority: Low | Invoice discrepancy - Last Hi Support, Can you send me the invoice for transaction #99283? Since almost late whole.",0,0
"Channel: Chat | Priority: Low | Invoice discrepancy - Wind Hi Support, Why is my bill higher than the agreed amount? Hold police increase painting.",0,0
"Channel: Email | Priority: Medium | Office location - Let Hi Support, What are your support operating hours? Final let ready cultural a item garden.",0,0
"Channel: Web Form | Priority: Medium | Office location - Level Hi Support, Do you offer a discount for non-profits? Through beyond ready be against what foot.",0,1
"Channel: Web Form | Priority: High | Password reset - Foreign Hi Support, I want to permanently delete my account and data. Think father tree point.",0,0
"Channel: Chat | Priority: Medium | Invoice discrepancy - Try Hi Support, I requested a refund 5 days ago, where is it? After throughout else.",0,0
"Channel: Email | Priority: Critical | Installation issue - Radio Hi Support, How do I install the latest patch on Windows 11? Describe inside owner finally.",1,1
"Channel: Email | Priority: Low | Delete account - Pay Hi Support, How do I upgrade to the Enterprise plan? Everybody reveal pull you fund add cell design.",0,0
"Channel: Chat | Priority: Medium | Delete account - Song Hi Support, How do I upgrade to the Enterprise plan? Evidence forget program ok we.",0,0
"Channel: Chat | Priority: High | App crashing - Involve Hi Support, How do I install the latest patch on Windows 11? Green good view none foreign woman your.",1,1
"Channel: Email | Priority: Medium | 2FA issues - New Hi Support, I lost my phone and cannot pass the 2FA check. Suddenly company room issue.",0,0
"Channel: Web Form | Priority: Medium | Login failed - Community Hi Support, How do I install the latest patch on Windows 11? Opportunity right sit investment power possible.",0,0
"Channel: Chat | Priority: Medium | App crashing - Way Hi Support, The dashboard is not loading any data, just a spinning wheel. Father sense community fine manage billion foot.",0,0
"Channel: Web Form | Priority: Medium | Refund status - Turn Hi Support, My subscription renewed automatically, but I wanted to cancel. Health goal direction into interest.",0,0
"Channel: Email | Priority: Low | Demo request - Agent Hi Support, Where is your headquarters located? Fight tell writer could artist site.",0,0
"Channel: Email | Priority: Low | Payment failed - Table Hi Support, I have been trying to update my payment method but it keeps failing. Heart pass marriage risk national.",1,1
"Channel: Web Form | Priority: Medium | Subscription upgrade - Job Hi Support, I lost my phone and cannot pass the 2FA check. That take create record enough.",0,0
"Channel: Chat | Priority: Medium | Screen freezes - Station Hi Support, I cannot log into my account even after resetting the password. Cause fill little everyone.",0,0
"Channel: Email | Priority: Low | Screen freezes - Argue Hi Support, I cannot log into my account even after resetting the password. Look doctor image return could white cut friend.",1,1
"Channel: Email | Priority: Medium | Pricing tiers - Skin Hi Support, Do you offer a discount for non-profits? Recent exist operation last news center reason.",0,0
"Channel: Chat | Priority: Medium | Refund status - System Hi Support, Can you send me the invoice for transaction #99283? Everything fact visit media.",0,0
"Channel: Chat | Priority: Low | Office location - Record Hi Support, I would like to request a demo for my team. Animal opportunity six security conference.",0,0
"Channel: Chat | Priority: Low | App crashing - Any Hi Support, We are receiving a 500 Internal Server Error on the API endpoint. On impact Mrs next.",1,1
"Channel: Chat | Priority: Low | Subscription upgrade - Lawyer Hi Support, I want to permanently delete my account and data. Remember hope beyond find policy draw physical bad.",0,0
"Channel: Chat | Priority: Medium | API Error 500 - Total Hi Support, The dashboard is not loading any data, just a spinning wheel. Draw old modern parent get close.",0,1
"Channel: Email | Priority: Critical | Alert notification - Size Hi Support, Lock my account immediately, I see transactions I didn't make. Above question determine address unit nor century budget.",1,1
"Channel: Chat | Priority: Medium | App crashing - Since Hi Support, We are receiving a 500 Internal Server Error on the API endpoint. Time general pay ready team green.",1,1
"Channel: Email | Priority: Medium | Change email - Statement Hi Support, My profile picture is not updating. Which health necessary month rock staff.",0,0
"Channel: Email | Priority: Medium | Subscription upgrade - Forward Hi Support, I am not receiving the password reset email. Have there yard opportunity read plant.",0,0
"Channel: Chat | Priority: Medium | Invoice discrepancy - Decade Hi Support, I noticed a double charge on my statement for last month. Wrong approach yourself.",1,0
"Channel: Chat | Priority: Low | Refund status - Media Hi Support, Can you send me the invoice for transaction #99283? Occur boy matter American.",0,0
"Channel: Chat | Priority: Critical | Screen freezes - South Hi Support, My data hasn't synced to the cloud for 24 hours. Should mission tough eat simply job.",1,1
"Channel: Email | Priority: Medium | Demo request - Box Hi Support, Is there a roadmap for new features this year? Reduce evening join what where audience.",0,1
"Channel: Web Form | Priority: Low | Office location - Out Hi Support, How does the team pricing tier work? Skill production too sign friend theory win.",0,0
"Channel: Email | Priority: High | Suspicious charge - Any Hi Support, My subscription renewed automatically, but I wanted to cancel. These director how style of within while trade.",1,1
"Channel: Web Form | Priority: High | Update credit card - Protect Hi Support, I noticed a double charge on my statement for last month. Everyone population expert thank writer suddenly thus.",1,1
"Channel: Chat | Priority: Medium | Invoice discrepancy - Serious Hi Support, I have been trying to update my payment method but it keeps failing. Difficult piece high half respond.",0,0
"Channel: Chat | Priority: Low | Charged twice - Indeed Hi Support, I requested a refund 5 days ago, where is it? Head upon sometimes.",0,1
"Channel: Email | Priority: Low | Screen freezes - Decade Hi Support, How do I install the latest patch on Windows 11? Police why call affect interesting respond.",0,0
"Channel: Web Form | Priority: Medium | Charged twice - Turn Hi Support, Why is my bill higher than the agreed amount? Lawyer share miss.",0,0
"Channel: Email | Priority: Medium | Refund status - Now Hi Support, I requested a refund 5 days ago, where is it? Cultural lawyer general term fast.",0,0
"Channel: Email | Priority: Low | Suspicious charge - President Hi Support, Why is my bill higher than the agreed amount? Majority none trial in doctor star.",0,0
"Channel: Web Form | Priority: High | Profile update - Sometimes Hi Support, I lost my phone and cannot pass the 2FA check. Pm say same old describe.",0,0
"Channel: Chat | Priority: Medium | Product question - Movement Hi Support, Do you offer a discount for non-profits? American well within charge open name machine.",1,1
"Channel: Web Form | Priority: Medium | Change email - Music Hi Support, How do I upgrade to the Enterprise plan? Later standard sound.",1,1
"Channel: Chat | Priority: Low | Feature request - Market Hi Support, Where is your headquarters located? Itself thus Republican care.",0,0
"Channel: Chat | Priority: Low | Subscription upgrade - Process Hi Support, How do I upgrade to the Enterprise plan? Bill indeed physical reason challenge region two.",0,0
"Channel: Email | Priority: High | Screen freezes - How Hi Support, The dashboard is not loading any data, just a spinning wheel. Professional material staff dog month.",0,0
"Channel: Web Form | Priority: Medium | Data not syncing - Cause Hi Support, We are receiving a 500 Internal Server Error on the API endpoint. Public accept trial reflect forget board impact hand.",0,0
"Channel: Web Form | Priority: Medium | Pricing tiers - End Hi Support, Do you offer a discount for non-profits? Year establish poor.",0,0
"Channel: Chat | Priority: Low | App crashing - Walk Hi Support, We are receiving a 500 Internal Server Error on the API endpoint. Hotel attorney then center these skill wall.",1,1
"Channel: Email | Priority: Medium | Feature request - Parent Hi Support, Where is your headquarters located? Follow political run manage go arm.",0,1
"Channel: Web Form | Priority: Low | Profile update - Think Hi Support, Please help me change the email address associated with my account. Pretty hour brother four.",0,1
"Channel: Chat | Priority: Critical | Installation issue - School Hi Support, The dashboard is not loading any data, just a spinning wheel. Sit through must throw.",1,1
"Channel: Web Form | Priority: Low | Payment failed - Mother Hi Support, I noticed a double charge on my statement for last month. Thus series in up make.",1,1
"Channel: Web Form | Priority: Low | 2FA issues - Action Hi Support, I want to permanently delete my account and data. People bring ball instead author study development.",0,0
"Channel: Email | Priority: Medium | Payment failed - Decision Hi Support, I have been trying to update my payment method but it keeps failing. Travel nor magazine most real.",0,1
"Channel: Chat | Priority: Critical | Alert notification - Staff Hi Support, I received a login alert from a device in Russia, which wasn't me. Character save agreement man beautiful.",1,1
"Channel: Chat | Priority: Low | Product question - Save Hi Support, Where is your headquarters located? Member nation decision ok shoulder leader left million.",0,0
"Channel: Web Form | Priority: Low | Refund status - Much Hi Support, Can you send me the invoice for transaction #99283? Guess leave author fast gas type.",1,1
"Channel: Web Form | Priority: Medium | Password reset - Campaign Hi Support, I lost my phone and cannot pass the 2FA check. Chair commercial few lay though large put.",0,0
"Channel: Chat | Priority: Low | Invoice discrepancy - One Hi Support, Can you send me the invoice for transaction #99283? Eat during five fast.",0,0
"Channel: Web Form | Priority: Low | Hours of operation - Race Hi Support, Where is your headquarters located? Prepare own present player student party fine.",0,0
"Channel: Chat | Priority: Low | App crashing - Record Hi Support, The application crashes every time I open the settings tab. How season activity me nature none movement.",1,1
"Channel: Chat | Priority: Medium | Installation issue - Quickly Hi Support, The dashboard is not loading any data, just a spinning wheel. Goal various marriage degree.",0,0
"Channel: Email | Priority: Medium | Product question - Foot Hi Support, Where is your headquarters located? Choice Congress nearly.",1,1
"Channel: Chat | Priority: Medium | 2FA issues - Story Hi Support, I lost my phone and cannot pass the 2FA check. Fire reveal present.",0,0
"Channel: Email | Priority: Medium | App crashing - Black Hi Support, We are receiving a 500 Internal Server Error on the API endpoint. Activity yes talk.",1,1
"Channel: Chat | Priority: Medium | Invoice discrepancy - North Hi Support, My subscription renewed automatically, but I wanted to cancel. Project large mention war.",0,0
"Channel: Email | Priority: Low | Password reset - His Hi Support, I lost my phone and cannot pass the 2FA check. Support most policy must.",1,1
"Channel: Chat | Priority: Critical | Suspicious activity - Maintain Hi Support, Lock my account immediately, I see transactions I didn't make. Design dream local all change.",0,0
"Channel: Web Form | Priority: Medium | Subscription upgrade - The Hi Support, How do I upgrade to the Enterprise plan? Out government color support.",1,1
"Channel: Chat | Priority: Critical | Account hacked - Early Hi Support, I think my account has been compromised. Half car election bring officer.",1,0
"Channel: Web Form | Priority: Medium | Login failed - Too Hi Support, We are receiving a 500 Internal Server Error on the API endpoint. Outside natural star.",0,1
"Channel: Chat | Priority: Medium | Pricing tiers - Few Hi Support, Where is your headquarters located? Case record month force east series.",0,0
"Channel: Email | Priority: Low | Product question - Can Hi Support, I would like to request a demo for my team. She draw heart.",0,0
"Channel: Chat | Priority: Medium | Demo request - Role Hi Support, I would like to request a demo for my team. Experience themselves writer see western beautiful.",0,1
"Channel: Web Form | Priority: Low | Subscription upgrade - Them Hi Support, I am not receiving the password reset email. Example out method fire.",0,1
"Channel: Chat | Priority: High | Charged twice - Somebody Hi Support, I requested a refund 5 days ago, where is it? Nothing agree part future after.",0,0
"Channel: Web Form | Priority: Low | Delete account - Think Hi Support, My profile picture is not updating. Play home hard really long.",1,1
"Channel: Web Form | Priority: Low | Suspicious charge - Enjoy Hi Support, I requested a refund 5 days ago, where is it? Rule social course.",0,0
"Channel: Chat | Priority: Low | Password reset - Place Hi Support, My profile picture is not updating. Event risk couple maintain.",0,1
"Channel: Chat | Priority: High | API Error 500 - Ready Hi Support, My data hasn't synced to the cloud for 24 hours. Skill world result once arrive.",0,0
"Channel: Chat | Priority: Medium | Charged twice - Sport Hi Support, Can you send me the invoice for transaction #99283? Able participant choice agency admit.",0,0
"Channel: Web Form | Priority: Medium | Update credit card - Choose Hi Support, Why is my bill higher than the agreed amount? Seek apply safe career company week ask.",0,0
"Channel: Email | Priority: Low | Update credit card - Many Hi Support, My subscription renewed automatically, but I wanted to cancel. Focus large himself work song.",0,0
"Channel: Chat | Priority: Low | Login failed - Always Hi Support, I cannot log into my account even after resetting the password. Expert agreement idea wall.",1,1
"Channel: Web Form | Priority: High | Suspicious charge - Congress Hi Support, I have been trying to update my payment method but it keeps failing. I Mr agreement.",0,0
"Channel: Email | Priority: Critical | Data not syncing - Experience Hi Support, How do I install the latest patch on Windows 11? National paper billion call perform direction threat within.",1,1
"Channel: Email | Priority: Low | Office location - Somebody Hi Support, I would like to request a demo for my team. Fly night on reflect gun.",0,0
"Channel: Web Form | Priority: Medium | API Error 500 - Young Hi Support, We are receiving a 500 Internal Server Error on the API endpoint. Each director ago that worry.",1,1
"Channel: Email | Priority: Medium | Installation issue - Dog Hi Support, We are receiving a 500 Internal Server Error on the API endpoint. Present finally to laugh phone each TV whom.",0,0
"Channel: Chat | Priority: Medium | Pricing tiers - Between Hi Support, What are your support operating hours? Suddenly free end visit.",0,0
"Channel: Web Form | Priority: Low | Suspicious charge - Minute Hi Support, Why is my bill higher than the agreed amount? Affect century compare manage view.",0,0
"Channel: Web Form | Priority: Medium | API Error 500 - Hair Hi Support, The dashboard is not loading any data, just a spinning wheel. Hour scene item social claim region bed.",1,0
"Channel: Email | Priority: Low | Demo request - Thought Hi Support, How does the team pricing tier work? Protect top method sell field.",0,0
"Channel: Email | Priority: Medium | Charged twice - Financial Hi Support, I noticed a double charge on my statement for last month. Me education choice subject officer focus.",0,0
"Channel: Email | Priority: High | App crashing - Some Hi Support, The application crashes every time I open the settings tab. Clearly clearly small east measure understand.",0,0
"Channel: Chat | Priority: Low | Feature request - Imagine Hi Support, Where is your headquarters located? Capital lay address than surface over.",0,0
"Channel: Web Form | Priority: Medium | Product question - Sing Hi Support, Where is your headquarters located? Fast again page race pressure lawyer then.",0,1
"Channel: Web Form | Priority: Medium | Update credit card - Share Hi Support, Why is my bill higher than the agreed amount? Almost view price industry policy.",0,0
"Channel: Email | Priority: Medium | Update credit card - Well Hi Support, Why is my bill higher than the agreed amount? Throughout themselves style home example trial time.",0,0
"Channel: Email | Priority: High | Refund status - Role Hi Support, I have been trying to update my payment method but it keeps failing. Believe mouth appear off people drug up.",0,0
"Channel: Chat | Priority: Medium | Pricing tiers - Site Hi Support, What are your support operating hours? Near especially force second oil.",0,0
"Channel: Chat | Priority: Low | Charged twice - Impact Hi Support, Why is my bill higher than the agreed amount? Thousand expect structure movement southern conference.",0,0
"Channel: Web Form | Priority: Medium | Screen freezes - Tonight Hi Support, We are receiving a 500 Internal Server Error on the API endpoint. Scene minute contain key fish.",0,1
"Channel: Email | Priority: High | Login failed - Important Hi Support, The dashboard is not loading any data, just a spinning wheel. Enter policy scientist through professional mind money.",0,0
"Channel: Email | Priority: Medium | Password reset - Chair Hi Support, How do I upgrade to the Enterprise plan? Region raise edge share natural thus.",0,0
"Channel: Email | Priority: Critical | API Error 500 - System Hi Support, We are receiving a 500 Internal Server Error on the API endpoint. Blue win thank major.",0,0
"Channel: Chat | Priority: Medium | Delete account - Animal Hi Support, My profile picture is not updating. Detail edge laugh scientist.",0,0
"Channel: Web Form | Priority: Low | Update credit card - Center Hi Support, Can you send me the invoice for transaction #99283? Father catch other thousand.",0,0
"Channel: Chat | Priority: Low | API Error 500 - Gun Hi Support, The application crashes every time I open the settings tab. Close represent decision future international.",1,1
"Channel: Web Form | Priority: Medium | Product question - Must Hi Support, Do you offer a discount for non-profits? Realize tree act just above indicate do.",1,1
"Channel: Chat | Priority: Low | Refund status - On Hi Support, Why is my bill higher than the agreed amount? Strategy accept next until that single.",0,0
"Channel: Email | Priority: High | Login failed - Part Hi Support, We are receiving a 500 Internal Server Error on the API endpoint. Play nearly nor.",0,0
"Channel: Email | Priority: Medium | Office location - Event Hi Support, What are your support operating hours? Set international street truth.",0,0
"Channel: Web Form | Priority: Low | Pricing tiers - Such Hi Support, Do you offer a discount for non-profits? Loss perhaps must vote example simple research.",0,0
"Channel: Chat | Priority: Medium | Password reset - Safe Hi Support, I want to permanently delete my account and data. On control style notice.",0,0
"Channel: Web Form | Priority: Low | Profile update - Relate Hi Support, My profile picture is not updating. Beat grow power.",0,0
"Channel: Email | Priority: Critical | Installation issue - Black Hi Support, We are receiving a 500 Internal Server Error on the API endpoint. Management election effort.",0,1
"Channel: Chat | Priority: Low | Change email - Very Hi Support, Please help me change the email address associated with my account. Window health outside threat certain.",0,1
"Channel: Web Form | Priority: High | API Error 500 - Probably Hi Support, The dashboard is not loading any data, just a spinning wheel. Interesting eight church member wait.",0,0
"Channel: Chat | Priority: Low | Invoice discrepancy - Section Hi Support, My subscription renewed automatically, but I wanted to cancel. Example response ever not for late.",0,0
"Channel: Chat | Priority: Medium | Change email - Factor Hi Support, I am not receiving the password reset email. Decision put near spring agent.",0,0
"Channel: Web Form | Priority: Low | Payment failed - Collection Hi Support, Can you send me the invoice for transaction #99283? Put place provide authority young yourself create rate.",1,1
"Channel: Email | Priority: High | API Error 500 - Control Hi Support, My data hasn't synced to the cloud for 24 hours. Energy able bill maybe.",0,0
"Channel: Email | Priority: Low | Refund status - Mother Hi Support, I requested a refund 5 days ago, where is it? Card institution watch back environment reason.",0,1
"Channel: Email | Priority: Low | Hours of operation - Suddenly Hi Support, Do you offer a discount for non-profits? Than hot over born agree tend teacher.",0,0
"Channel: Email | Priority: Low | Subscription upgrade - Population Hi Support, I lost my phone and cannot pass the 2FA check. Answer purpose position run inside write region.",0,0
"Channel: Email | Priority: Medium | Invoice discrepancy - Collection Hi Support, Why is my bill higher than the agreed amount? Also woman trade enter recently.",0,0
"Channel: Chat | Priority: Medium | Feature request - Animal Hi Support, What are your support operating hours? Expect under paper suddenly.",0,0
"Channel: Email | Priority: Medium | Profile update - Parent Hi Support, Please help me change the email address associated with my account. Mission same language letter newspaper break.",0,0
"Channel: Chat | Priority: Low | Hours of operation - Seem Hi Support, Do you offer a discount for non-profits? Management total here run someone positive resource.",0,0
"Channel: Email | Priority: Medium | Delete account - Stuff Hi Support, My profile picture is not updating. Picture environmental during involve first responsibility.",0,0
"Channel: Email | Priority: Critical | Phishing attempt - Strong Hi Support, I received a suspicious email claiming to be support. Dog dog although attorney poor arm material including.",1,1
"Channel: Email | Priority: Low | Invoice discrepancy - Daughter Hi Support, I requested a refund 5 days ago, where is it? Need look future shake.",0,0
"Channel: Chat | Priority: Medium | Installation issue - Door Hi Support, My data hasn't synced to the cloud for 24 hours. Several according national reduce pay protect remember.",0,0
"Channel: Web Form | Priority: Medium | Data not syncing - Phone Hi Support, How do I install the latest patch on Windows 11? Outside various inside reflect little.",1,0
"Channel: Email | Priority: Critical | Data not syncing - Focus Hi Support, How do I install the latest patch on Windows 11? While start final large.",1,1
"Channel: Email | Priority: Low | Profile update - Shake Hi Support, I lost my phone and cannot pass the 2FA check. Watch rate phone image tonight.",1,1
"Channel: Web Form | Priority: Medium | API Error 500 - Section Hi Support, How do I install the latest patch on Windows 11? Rock risk little baby people two.",0,0
"Channel: Chat | Priority: Medium | API Error 500 - Practice Hi Support, The application crashes every time I open the settings tab. Light according sound break after put.",1,1
"Channel: Chat | Priority: Medium | Data not syncing - Likely Hi Support, How do I install the latest patch on Windows 11? Blood see effect picture some.",0,0
"Channel: Chat | Priority: Low | Office location - Month Hi Support, How does the team pricing tier work? Usually response free two.",0,0
"Channel: Email | Priority: Low | Update credit card - Provide Hi Support, I noticed a double charge on my statement for last month. Along study argue agent.",0,0
"Channel: Email | Priority: Low | Pricing tiers - Local Hi Support, Is there a roadmap for new features this year? I require fly big.",0,0
"Channel: Web Form | Priority: Low | Password reset - First Hi Support, I lost my phone and cannot pass the 2FA check. Forget hope seek perform.",0,1
"Channel: Email | Priority: Low | Charged twice - Nation Hi Support, My subscription renewed automatically, but I wanted to cancel. Candidate itself mouth rich miss.",0,0
"Channel: Chat | Priority: Medium | Pricing tiers - Side Hi Support, Do you offer a discount for non-profits? Leave movie might information plant.",0,0
"Channel: Email | Priority: Critical | App crashing - Certain Hi Support, I cannot log into my account even after resetting the password. Raise mention your.",0,0
"Channel: Web Form | Priority: Critical | Account hacked - Itself Hi Support, I received a login alert from a device in Russia, which wasn't me. See read beat shoulder.",0,0
"Channel: Email | Priority: Low | Charged twice - Bill Hi Support, I noticed a double charge on my statement for last month. Ground any name behavior.",0,0
"Channel: Chat | Priority: Medium | Office location - Deep Hi Support, I would like to request a demo for my team. Anyone arm career nearly large beautiful.",1,1
"Channel: Web Form | Priority: Medium | Refund status - Blue Hi Support, I noticed a double charge on my statement for last month. Economy write service performance range professor daughter.",0,0
"Channel: Email | Priority: Medium | Installation issue - Interest Hi Support, The dashboard is not loading any data, just a spinning wheel. Specific subject us central green.",0,0
"Channel: Web Form | Priority: Medium | Update credit card - Or Hi Support, I noticed a double charge on my statement for last month. At statement year worker hold art.",0,0
"Channel: Chat | Priority: Medium | API Error 500 - Role Hi Support, How do I install the latest patch on Windows 11? Ahead long despite little realize.",0,0
"Channel: Email | Priority: Low | Login failed - Contain Hi Support, My data hasn't synced to the cloud for 24 hours. Stop machine develop century statement.",1,1
"Channel: Chat | Priority: Medium | Delete account - Somebody Hi Support, I lost my phone and cannot pass the 2FA check. Fund area gun any still now.",0,0
"Channel: Chat | Priority: Low | Password reset - Treatment Hi Support, I lost my phone and cannot pass the 2FA check. Plant particularly across quality step air moment.",1,0
"Channel: Email | Priority: Low | Subscription upgrade - Those Hi Support, Please help me change the email address associated with my account. Little degree trade teacher notice media.",0,0
"Channel: Chat | Priority: Medium | Office location - Find Hi Support, I would like to request a demo for my team. Thus especially civil maintain assume inside throughout.",1,1
"Channel: Web Form | Priority: Low | Charged twice - Military Hi Support, I have been trying to update my payment method but it keeps failing. Control read sometimes around something.",1,1
"Channel: Chat | Priority: Low | Delete account - Tree Hi Support, I want to permanently delete my account and data. None task bag debate break eat down.",0,1
"Channel: Email | Priority: Critical | Unrecognized login - Hot Hi Support, Why is there a new device added to my trusted list? Her for challenge may number program.",1,1
"Channel: Chat | Priority: Low | Hours of operation - Both Hi Support, How does the team pricing tier work? Space candidate Republican realize garden who need.",0,0
"Channel: Chat | Priority: Low | Charged twice - Southern Hi Support, I have been trying to update my payment method but it keeps failing. Natural relate computer method cover.",1,1
"Channel: Web Form | Priority: Medium | Subscription upgrade - Big Hi Support, I lost my phone and cannot pass the 2FA check. Concern firm miss build.",0,0
"Channel: Web Form | Priority: Critical | Phishing attempt - Budget Hi Support, I think my account has been compromised. Maybe four more while few professional road.",1,1
"Channel: Chat | Priority: Medium | Pricing tiers - Democrat Hi Support, What are your support operating hours? Box describe probably current.",0,0
"Channel: Web Form | Priority: Low | Subscription upgrade - Son Hi Support, Please help me change the email address associated with my account. South war or stage.",0,0
"Channel: Email | Priority: High | Installation issue - First Hi Support, The dashboard is not loading any data, just a spinning wheel. Line whatever subject economic society professor.",0,0
"Channel: Email | Priority: Medium | Invoice discrepancy - Total Hi Support, Can you send me the invoice for transaction #99283? Food collection under occur spring.",0,0
"Channel: Web Form | Priority: Medium | Hours of operation - Stage Hi Support, How does the team pricing tier work? Feel future ever window law.",0,0
"Channel: Email | Priority: Medium | Suspicious charge - Pay Hi Support, Why is my bill higher than the agreed amount? Simply smile worry factor can blood anyone husband.",0,0
"Channel: Email | Priority: Low | Subscription upgrade - Watch Hi Support, I want to permanently delete my account and data. Company single important rule.",0,0
"Channel: Chat | Priority: Low | Invoice discrepancy - Shoulder Hi Support, I noticed a double charge on my statement for last month. Nation thing enter television.",0,0
"Channel: Web Form | Priority: Medium | Installation issue - Much Hi Support, The dashboard is not loading any data, just a spinning wheel. Old little law.",0,0
"Channel: Web Form | Priority: Low | Hours of operation - Adult Hi Support, How does the team pricing tier work? Season task trial structure debate.",0,0
"Channel: Chat | Priority: Critical | Installation issue - Often Hi Support, I cannot log into my account even after resetting the password. As along reflect investment fine guy.",1,1
"Channel: Chat | Priority: High | Office location - Television Hi Support, Is there a roadmap for new features this year? Think nation no house some alone son hit.",1,1
"Channel: Chat | Priority: Low | Change email - Likely Hi Support, How do I upgrade to the Enterprise plan? New general accept positive phone case second.",0,0
"Channel: Web Form | Priority: Low | Payment failed - Difficult Hi Support, Can you send me the invoice for transaction #99283? Different particularly second product stay.",1,1
"Channel: Email | Priority: Low | Pricing tiers - Later Hi Support, I would like to request a demo for my team. Almost easy way clearly hard including.",0,0
"Channel: Email | Priority: Low | 2FA issues - Here Hi Support, I am not receiving the password reset email. Expert person early tell approach.",1,1
"Channel: Chat | Priority: Medium | Product question - College Hi Support, How does the team pricing tier work? Century build better player even wind.",0,1
"Channel: Web Form | Priority: Medium | Charged twice - Network Hi Support, Can you send me the invoice for transaction #99283? Deep morning word provide do another discussion.",0,0
"Channel: Email | Priority: Medium | Update credit card - Through Hi Support, My subscription renewed automatically, but I wanted to cancel. Piece modern watch since.",0,0
"Channel: Web Form | Priority: Medium | Pricing tiers - Thing Hi Support, I would like to request a demo for my team. Eight still home thought opportunity poor.",1,0
"Channel: Web Form | Priority: Low | Update credit card - Wear Hi Support, I noticed a double charge on my statement for last month. Television camera likely live law.",0,0
"Channel: Web Form | Priority: Low | Invoice discrepancy - Avoid Hi Support, Can you send me the invoice for transaction #99283? Decade scientist likely church three.",0,0
"Channel: Email | Priority: Medium | Pricing tiers - Night Hi Support, I would like to request a demo for my team. Add situation important now.",0,1
"Channel: Email | Priority: Low | Office location - Good Hi Support, Where is your headquarters located? Benefit wait thing piece what fall nearly.",0,0
"Channel: Web Form | Priority: Low | Delete account - Research Hi Support, I am not receiving the password reset email. As mouth tell indeed start paper pressure as.",1,1
"Channel: Email | Priority: Critical | Alert notification - Edge Hi Support, Why is there a new device added to my trusted list? Center oil treatment poor her there.",1,1
"Channel: Email | Priority: Low | Suspicious charge - May Hi Support, My subscription renewed automatically, but I wanted to cancel. Evening item use.",0,0
"Channel: Chat | Priority: Low | Charged twice - Ability Hi Support, I have been trying to update my payment method but it keeps failing. This including peace say.",1,1
"Channel: Chat | Priority: High | Data not syncing - Energy Hi Support, My data hasn't synced to the cloud for 24 hours. People do get population.",0,0
"Channel: Email | Priority: High | App crashing - Buy Hi Support, I cannot log into my account even after resetting the password. Tough maintain everything call bed.",0,0
"Channel: Email | Priority: Low | Data not syncing - Watch Hi Support, The application crashes every time I open the settings tab. Big ok measure our claim.",0,1
"Channel: Email | Priority: Low | Subscription upgrade - Sense Hi Support, My profile picture is not updating. Language crime program necessary put.",0,0
"Channel: Web Form | Priority: Low | Update credit card - Maintain Hi Support, Can you send me the invoice for transaction #99283? Kid improve everyone.",0,0
"Channel: Email | Priority: Medium | Office location - Policy Hi Support, How does the team pricing tier work? Ten certain school begin company least former.",0,1
"Channel: Web Form | Priority: Medium | Demo request - Carry Hi Support, I would like to request a demo for my team. Weight letter such call keep.",0,0
"Channel: Chat | Priority: Medium | Product question - Nation Hi Support, How does the team pricing tier work? Husband detail news analysis.",0,1
"Channel: Web Form | Priority: Medium | Update credit card - Whether Hi Support, I noticed a double charge on my statement for last month. Eye station all also week certainly.",0,0
"Channel: Web Form | Priority: Low | Office location - Nice Hi Support, How does the team pricing tier work? Organization short piece table challenge open charge.",0,0
"Channel: Web Form | Priority: Medium | Invoice discrepancy - Majority Hi Support, I requested a refund 5 days ago, where is it? Piece bed should a hand cover my than.",0,0
"Channel: Web Form | Priority: Low | Charged twice - Run Hi Support, My subscription renewed automatically, but I wanted to cancel. Pressure structure plant financial.",1,1
"Channel: Chat | Priority: Critical | Phishing attempt - Assume Hi Support, I received a login alert from a device in Russia, which wasn't me. Deal free very country foot Mr.",1,1
"Channel: Chat | Priority: Medium | Hours of operation - Nothing Hi Support, I would like to request a demo for my team. Anyone TV manage maintain pass.",0,0
"Channel: Email | Priority: High | Hours of operation - Another Hi Support, Is there a roadmap for new features this year? Common gun move drive this provide.",1,1
"Channel: Web Form | Priority: High | Screen freezes - You Hi Support, The dashboard is not loading any data, just a spinning wheel. Rock reason including.",0,0
"Channel: Web Form | Priority: Low | Hours of operation - Loss Hi Support, Where is your headquarters located? Under billion five wear with cut.",0,0
"Channel: Email | Priority: Medium | Office location - Risk Hi Support, Do you offer a discount for non-profits? Itself scene trip gun effort government.",0,0
"Channel: Email | Priority: High | Password reset - Rock Hi Support, My profile picture is not updating. Soon spend son price join note one.",0,0
"Channel: Chat | Priority: Low | Subscription upgrade - Fly Hi Support, Please help me change the email address associated with my account. Coach again analysis hand general research foreign.",0,0
"Channel: Web Form | Priority: Low | Password reset - Drive Hi Support, How do I upgrade to the Enterprise plan? Red step success animal financial pretty gun.",0,0
"Channel: Web Form | Priority: Medium | Installation issue - Big Hi Support, We are receiving a 500 Internal Server Error on the API endpoint. Unit assume agent save especially hair bar.",0,0
"Channel: Web Form | Priority: Low | Product question - About Hi Support, Is there a roadmap for new features this year? Work tough south forward choose take say player.",0,0
"Channel: Email | Priority: High | API Error 500 - Significant Hi Support, We are receiving a 500 Internal Server Error on the API endpoint. Resource way game single heavy team remain.",0,0
"Channel: Email | Priority: High | App crashing - Lot Hi Support, The dashboard is not loading any data, just a spinning wheel. Provide know produce along term soon.",0,0
"Channel: Web Form | Priority: Medium | Payment failed - When Hi Support, Why is my bill higher than the agreed amount? Conference opportunity sort space sure personal.",0,0
"Channel: Email | Priority: Medium | Login failed - Picture Hi Support, How do I install the latest patch on Windows 11? Walk challenge she especially share.",0,0
"Channel: Web Form | Priority: Low | Payment failed - Ground Hi Support, Can you send me the invoice for transaction #99283? Happen possible notice live member its.",1,1
"Channel: Chat | Priority: Medium | Update credit card - Like Hi Support, I requested a refund 5 days ago, where is it? Fact positive result into culture.",0,0
"Channel: Chat | Priority: Medium | API Error 500 - Half Hi Support, The application crashes every time I open the settings tab. Difference that order state.",0,1
"Channel: Chat | Priority: Low | Invoice discrepancy - Possible Hi Support, I noticed a double charge on my statement for last month. Its between continue somebody trial rich.",0,0
"Channel: Chat | Priority: Medium | Delete account - Song Hi Support, I am not receiving the password reset email. Their section those exist.",0,0
"Channel: Email | Priority: High | Hours of operation - Right Hi Support, Do you offer a discount for non-profits? Gun blood explain reduce security blue even ask.",1,1
"Channel: Chat | Priority: Medium | Installation issue - Drive Hi Support, The dashboard is not loading any data, just a spinning wheel. Discover continue hit goal whole democratic between.",0,0
"Channel: Email | Priority: Low | Hours of operation - Send Hi Support, What are your support operating hours? Land claim plant old free much.",0,1
"Channel: Email | Priority: Low | Office location - Somebody Hi Support, I would like to request a demo for my team. More test really kid.",0,0
"Channel: Chat | Priority: Medium | Update credit card - Throughout Hi Support, My subscription renewed automatically, but I wanted to cancel. Then dark stock house statement walk sometimes.",0,0
"Channel: Email | Priority: Medium | Invoice discrepancy - Population Hi Support, Can you send me the invoice for transaction #99283? May defense film bed hold might key.",0,0
"Channel: Web Form | Priority: High | Refund status - People Hi Support, Why is my bill higher than the agreed amount? Order finally able doctor.",0,0
"Channel: Email | Priority: Medium | Payment failed - Order Hi Support, Can you send me the invoice for transaction #99283? Look could painting cover foot raise white.",0,0
"Channel: Email | Priority: Medium | Payment failed - Bag Hi Support, Can you send me the invoice for transaction #99283? Public color officer song allow manage score.",0,0
"Channel: Chat | Priority: Low | Password reset - Senior Hi Support, I lost my phone and cannot pass the 2FA check. Night account measure month those now.",1,1
"Channel: Web Form | Priority: Medium | Refund status - Pm Hi Support, My subscription renewed automatically, but I wanted to cancel. Apply energy audience recently.",0,0
"Channel: Email | Priority: Low | Office location - Movie Hi Support, Is there a roadmap for new features this year? Base subject attorney food age.",0,0
"Channel: Chat | Priority: Medium | Data not syncing - Fill Hi Support, We are receiving a 500 Internal Server Error on the API endpoint. It program despite near such two.",0,0
"Channel: Email | Priority: Low | 2FA issues - Week Hi Support, I want to permanently delete my account and data. Subject anyone month leave fill.",0,0
"Channel: Chat | Priority: Medium | Payment failed - Fire Hi Support, Can you send me the invoice for transaction #99283? Bank true player.",0,0
"Channel: Web Form | Priority: High | Subscription upgrade - What Hi Support, I lost my phone and cannot pass the 2FA check. As go sound he admit soon.",0,0
"Channel: Chat | Priority: Low | Charged twice - Industry Hi Support, I noticed a double charge on my statement for last month. Maintain end try national.",0,0
"Channel: Chat | Priority: Medium | Hours of operation - Trouble Hi Support, What are your support operating hours? Everything start beyond low concern southern which.",0,0
"Channel: Chat | Priority: Low | 2FA issues - Enough Hi Support, I want to permanently delete my account and data. Better size model seek.",0,0
"Channel: Email | Priority: Critical | Stolen card - Lot Hi Support, Why is there a new device added to my trusted list? Never religious happy consider certainly account.",1,1
"Channel: Web Form | Priority: Medium | Office location - Evidence Hi Support, Do you offer a discount for non-profits? Practice able system yet mind pick brother area.",0,1
"Channel: Email | Priority: High | Phishing attempt - Whom Hi Support, Someone used my card to make a purchase on your site. Difference without can treatment strong.",0,0
"Channel: Email | Priority: Medium | Payment failed - Health Hi Support, I requested a refund 5 days ago, where is it? Like and tend.",0,0
"Channel: Email | Priority: Medium | App crashing - Price Hi Support, The application crashes every time I open the settings tab. Make day right response.",0,1
"Channel: Chat | Priority: Medium | Screen freezes - Stuff Hi Support, I cannot log into my account even after resetting the password. Necessary onto significant picture cup rather admit.",0,0
"Channel: Chat | Priority: Low | Pricing tiers - For Hi Support, I would like to request a demo for my team. Night discussion wait argue small.",0,0
"Channel: Web Form | Priority: Critical | Alert notification - Big Hi Support, Someone used my card to make a purchase on your site. Evidence plant degree ability add ago imagine.",1,1
"Channel: Email | Priority: Low | Product question - Visit Hi Support, Where is your headquarters located? Trade research house.",0,0
"Channel: Email | Priority: Medium | Update credit card - International Hi Support, I noticed a double charge on my statement for last month. Health exist research father role report.",0,0
"Channel: Chat | Priority: Low | Screen freezes - Which Hi Support, My data hasn't synced to the cloud for 24 hours. Fish country join season professional explain thing item.",1,1
"Channel: Email | Priority: Low | Refund status - Know Hi Support, Can you send me the invoice for transaction #99283? Walk total approach.",1,1
"Channel: Email | Priority: Low | Refund status - Through Hi Support, Why is my bill higher than the agreed amount? Whatever hit top director claim.",0,1
"Channel: Web Form | Priority: Medium | Hours of operation - Season Hi Support, What are your support operating hours? Market rise boy some.",0,0
"Channel: Web Form | Priority: Medium | Screen freezes - Worry Hi Support, How do I install the latest patch on Windows 11? Either small fact.",0,0
"Channel: Web Form | Priority: High | Phishing attempt - Describe Hi Support, I received a suspicious email claiming to be support. Foreign make analysis catch money without week.",0,0
"Channel: Chat | Priority: Medium | Update credit card - Official Hi Support, I requested a refund 5 days ago, where is it? Throw above production book we morning ago lay.",0,0
"Channel: Web Form | Priority: Medium | Change email - Adult Hi Support, I want to permanently delete my account and data. Ready song back.",0,0
"Channel: Email | Priority: High | App crashing - Animal Hi Support, The application crashes every time I open the settings tab. Change culture night ten may.",0,0
"Channel: Email | Priority: Medium | 2FA issues - Ability Hi Support, Please help me change the email address associated with my account. Enter need region rather.",0,0
"Channel: Chat | Priority: High | API Error 500 - Ahead Hi Support, How do I install the latest patch on Windows 11? Exist see management include time he care.",0,0
"Channel: Web Form | Priority: Low | Feature request - Generation Hi Support, How does the team pricing tier work? Perhaps throw kitchen successful enter floor owner.",0,0
"Channel: Web Form | Priority: Low | Screen freezes - Kitchen Hi Support, I cannot log into my account even after resetting the password. Trade nothing must will talk about.",1,1
"Channel: Web Form | Priority: Medium | Profile update - Evening Hi Support, My profile picture is not updating. Close account meeting safe.",0,0
"Channel: Email | Priority: Medium | Screen freezes - Teach Hi Support, The application crashes every time I open the settings tab. Page easy affect others big worker.",1,1
"Channel: Chat | Priority: Medium | App crashing - Learn Hi Support, The application crashes every time I open the settings tab. Church movie business owner.",0,1
"Channel: Chat | Priority: High | API Error 500 - Season Hi Support, How do I install the latest patch on Windows 11? Peace candidate even choose spend both popular.",0,0
"Channel: Web Form | Priority: Low | Invoice discrepancy - Future Hi Support, My subscription renewed automatically, but I wanted to cancel. Face us century writer.",0,0
"Channel: Email | Priority: Medium | Hours of operation - They Hi Support, Where is your headquarters located? Itself change hair central.",0,0
"Channel: Email | Priority: Low | Feature request - Save Hi Support, I would like to request a demo for my team. Person across day management why author.",0,0
"Channel: Chat | Priority: Medium | Password reset - Perform Hi Support, I lost my phone and cannot pass the 2FA check. Open peace whom between dream affect.",0,0
"Channel: Email | Priority: Medium | Login failed - Trouble Hi Support, The dashboard is not loading any data, just a spinning wheel. Those science one set.",0,1
"Channel: Web Form | Priority: Medium | Delete account - Sure Hi Support, My profile picture is not updating. Ready specific walk its miss leg size.",0,0
"Channel: Web Form | Priority: Low | Charged twice - Seven Hi Support, Why is my bill higher than the agreed amount? Attention open recent serious.",0,1
"Channel: Email | Priority: Low | Demo request - Study Hi Support, I would like to request a demo for my team. Order personal act ok.",0,0
"Channel: Web Form | Priority: Low | Suspicious charge - Official Hi Support, I requested a refund 5 days ago, where is it? Than different control be present office physical billion.",1,0
"Channel: Email | Priority: Medium | Product question - Use Hi Support, I would like to request a demo for my team. Doctor pattern eye southern.",0,1
"Channel: Email | Priority: Medium | Office location - Say Hi Support, Do you offer a discount for non-profits? Policy environmental move investment.",1,1
"Channel: Web Form | Priority: Medium | App crashing - Score Hi Support, How do I install the latest patch on Windows 11? Audience ask indeed its area entire.",0,0
"Channel: Web Form | Priority: Medium | Profile update - School Hi Support, I want to permanently delete my account and data. Knowledge bill real artist gas politics approach hear.",0,0
"Channel: Email | Priority: Medium | Payment failed - Tonight Hi Support, I have been trying to update my payment method but it keeps failing. Mr another expert exactly trial.",1,1
"Channel: Chat | Priority: High | App crashing - Reflect Hi Support, The dashboard is not loading any data, just a spinning wheel. Thank them when.",0,0
"Channel: Email | Priority: Medium | Data not syncing - Your Hi Support, The application crashes every time I open the settings tab. Probably write personal technology.",0,0
"Channel: Chat | Priority: Medium | Screen freezes - Movie Hi Support, I cannot log into my account even after resetting the password. Learn buy light spring which all.",0,0
"Channel: Email | Priority: Medium | API Error 500 - Rate Hi Support, The dashboard is not loading any data, just a spinning wheel. Organization recognize wife realize for poor.",1,1
"Channel: Email | Priority: Medium | Product question - State Hi Support, I would like to request a demo for my team. Major kitchen for open politics write.",1,1
"Channel: Chat | Priority: Low | Invoice discrepancy - Relate Hi Support, My subscription renewed automatically, but I wanted to cancel. Community another reality college on.",0,0
"Channel: Email | Priority: High | Charged twice - Town Hi Support, My subscription renewed automatically, but I wanted to cancel. Cup even total spend.",0,1
"Channel: Email | Priority: High | API Error 500 - Range Hi Support, My data hasn't synced to the cloud for 24 hours. Brother recognize glass establish.",0,0
"Channel: Web Form | Priority: Low | API Error 500 - Right Hi Support, The application crashes every time I open the settings tab. Sing staff then party unit four.",1,1
"Channel: Web Form | Priority: Low | Change email - Century Hi Support, My profile picture is not updating. Morning quality perhaps result air.",1,1
"Channel: Chat | Priority: High | Login failed - You Hi Support, We are receiving a 500 Internal Server Error on the API endpoint. Mrs particularly close mean before toward whole.",0,0
"Channel: Email | Priority: High | API Error 500 - Different Hi Support, I cannot log into my account even after resetting the password. Character fact present deep country which management.",0,0
"Channel: Web Form | Priority: Low | Screen freezes - Especially Hi Support, I cannot log into my account even after resetting the password. Back traditional suddenly camera job picture spring.",1,1
"Channel: Chat | Priority: Low | Data not syncing - Like Hi Support, How do I install the latest patch on Windows 11? Quickly rather truth explain Mrs night guess third.",0,0
"Channel: Web Form | Priority: Low | Update credit card - Month Hi Support, Can you send me the invoice for transaction #99283? Others close purpose develop clear.",0,0
"Channel: Chat | Priority: Low | Delete account - Yourself Hi Support, I want to permanently delete my account and data. Guy exist artist involve.",1,1
"Channel: Email | Priority: Low | Feature request - Best Hi Support, I would like to request a demo for my team. Point quickly history share daughter step base.",0,0
"Channel: Email | Priority: Medium | Demo request - Reality Hi Support, Is there a roadmap for new features this year? Focus condition energy right as take man.",1,1
"Channel: Email | Priority: Medium | Data not syncing - Herself Hi Support, I cannot log into my account even after resetting the password. Small partner area suffer.",0,0
"Channel: Email | Priority: High | API Error 500 - Process Hi Support, I cannot log into my account even after resetting the password. Large join name under.",0,0
"Channel: Web Form | Priority: Low | Refund status - Alone Hi Support, I noticed a double charge on my statement for last month. Compare them beat debate program carry north.",0,0
"Channel: Web Form | Priority: Low | Delete account - Foot Hi Support, I lost my phone and cannot pass the 2FA check. Magazine billion scene follow garden.",0,1
"Channel: Chat | Priority: High | Hours of operation - Apply Hi Support, What are your support operating hours? Them their hold two.",0,0
"Channel: Web Form | Priority: Medium | Refund status - Live Hi Support, I requested a refund 5 days ago, where is it? Doctor project also score full a.",0,0
"Channel: Web Form | Priority: Medium | Change email - Series Hi Support, I want to permanently delete my account and data. Six effort sea policy summer.",0,0
"Channel: Email | Priority: High | Installation issue - Since Hi Support, How do I install the latest patch on Windows 11? Call visit growth.",1,1
"Channel: Email | Priority: Medium | Screen freezes - Before Hi Support, The dashboard is not loading any data, just a spinning wheel. Part think including stay possible spring even act.",0,0
"Channel: Email | Priority: Low | Data not syncing - Hundred Hi Support, The dashboard is not loading any data, just a spinning wheel. Quickly positive help choose as economic body.",1,0
"Channel: Web Form | Priority: Low | 2FA issues - Unit Hi Support, I want to permanently delete my account and data. Else catch low morning wonder.",0,0
"Channel: Web Form | Priority: Medium | Screen freezes - Analysis Hi Support, The application crashes every time I open the settings tab. Interview lose lay near.",1,1
"Channel: Chat | Priority: Low | Data not syncing - Party Hi Support, The dashboard is not loading any data, just a spinning wheel. Set lead month meet trip morning.",0,1
"Channel: Web Form | Priority: Low | Hours of operation - Clear Hi Support, Is there a roadmap for new features this year? Happy already only it.",0,0
"Channel: Chat | Priority: Low | Subscription upgrade - Prevent Hi Support, My profile picture is not updating. Training which design.",0,0
"Channel: Chat | Priority: Medium | Invoice discrepancy - Democratic Hi Support, Can you send me the invoice for transaction #99283? Cost analysis quality we.",0,0
"Channel: Web Form | Priority: High | App crashing - Reveal Hi Support, My data hasn't synced to the cloud for 24 hours. Seem everything live course family just.",0,0
"Channel: Email | Priority: Medium | Login failed - The Hi Support, I cannot log into my account even after resetting the password. Find on up news.",1,1
"Channel: Email | Priority: Medium | Subscription upgrade - Model Hi Support, I lost my phone and cannot pass the 2FA check. Hit popular first seek reveal include.",0,0
"Channel: Web Form | Priority: Medium | Pricing tiers - Why Hi Support, I would like to request a demo for my team. Loss third item hard end almost resource.",0,0
"Channel: Web Form | Priority: Medium | API Error 500 - Moment Hi Support, The application crashes every time I open the settings tab. Behind whatever Democrat central young.",1,1
"Channel: Email | Priority: Medium | Screen freezes - Almost Hi Support, How do I install the latest patch on Windows 11? Wrong drop yeah feel outside.",0,0
"Channel: Chat | Priority: Low | Invoice discrepancy - Board Hi Support, Can you send me the invoice for transaction #99283? Surface include dog head affect participant art.",0,0
"Channel: Chat | Priority: Low | Demo request - Get Hi Support, How does the team pricing tier work? Include very world relate all role reveal.",0,0
"Channel: Chat | Priority: Critical | Phishing attempt - Thing Hi Support, I received a suspicious email claiming to be support. Share knowledge find future.",1,1
"Channel: Chat | Priority: Medium | Delete account - Ok Hi Support, How do I upgrade to the Enterprise plan? Young question fund plant large any.",0,0
"Channel: Web Form | Priority: Medium | API Error 500 - Miss Hi Support, The application crashes every time I open the settings tab. Sit safe blue everyone.",0,1
"Channel: Web Form | Priority: Medium | Hours of operation - Have Hi Support, Where is your headquarters located? Song deep system task party challenge.",0,0
"Channel: Chat | Priority: High | Update credit card - Put Hi Support, I noticed a double charge on my statement for last month. Realize send for natural land leave.",1,1
"Channel: Web Form | Priority: High | Hours of operation - Necessary Hi Support, What are your support operating hours? Heart create maybe hot.",0,0
"Channel: Web Form | Priority: High | Login failed - Wind Hi Support, We are receiving a 500 Internal Server Error on the API endpoint. Argue someone anything relationship ahead small improve.",0,0
"Channel: Email | Priority: Medium | Installation issue - Memory Hi Support, My data hasn't synced to the cloud for 24 hours. Business camera simple look.",0,0
"Channel: Chat | Priority: High | Invoice discrepancy - Admit Hi Support, Why is my bill higher than the agreed amount? Customer page good yard.",1,1
"Channel: Email | Priority: Low | App crashing - Me Hi Support, How do I install the latest patch on Windows 11? Item nation large care whether.",0,0
"Channel: Web Form | Priority: Medium | Invoice discrepancy - Onto Hi Support, Can you send me the invoice for transaction #99283? Explain road mission occur trouble season cover.",0,0
"Channel: Web Form | Priority: Low | Charged twice - As Hi Support, My subscription renewed automatically, but I wanted to cancel. Increase group rock summer key think.",0,0
"Channel: Email | Priority: High | Profile update - Hard Hi Support, I lost my phone and cannot pass the 2FA check. Of far important rate character.",0,0
"Channel: Web Form | Priority: Medium | Payment failed - Buy Hi Support, Can you send me the invoice for transaction #99283? Conference reality oil sure well gas more.",0,0
"Channel: Chat | Priority: Critical | App crashing - Debate Hi Support, How do I install the latest patch on Windows 11? When traditional teach during huge.",1,1
"Channel: Email | Priority: Medium | Payment failed - Political Hi Support, I requested a refund 5 days ago, where is it? Direction eat modern wrong southern.",0,0
"Channel: Email | Priority: Low | 2FA issues - Stuff Hi Support, Please help me change the email address associated with my account. Door spring although want.",0,0
"Channel: Chat | Priority: High | Data not syncing - Page Hi Support, The application crashes every time I open the settings tab. Technology team create plant.",0,0
"Channel: Email | Priority: Medium | API Error 500 - Into Hi Support, The dashboard is not loading any data, just a spinning wheel. Million chance election though appear professional.",0,0
"Channel: Chat | Priority: Medium | Charged twice - Think Hi Support, I requested a refund 5 days ago, where is it? Picture cost evening hand.",0,0
"Channel: Web Form | Priority: Low | Invoice discrepancy - Control Hi Support, Why is my bill higher than the agreed amount? Enter color cost score.",0,0
"Channel: Web Form | Priority: High | Data not syncing - Cold Hi Support, We are receiving a 500 Internal Server Error on the API endpoint. Conference president computer pressure poor clearly remember produce.",0,0
"Channel: Email | Priority: Low | Hours of operation - Theory Hi Support, Is there a roadmap for new features this year? Team house rise.",0,0
"Channel: Web Form | Priority: Medium | Subscription upgrade - Black Hi Support, I want to permanently delete my account and data. Represent per condition easy.",0,0
"Channel: Web Form | Priority: Medium | App crashing - Fire Hi Support, I cannot log into my account even after resetting the password. Without recently trouble.",1,1
"Channel: Web Form | Priority: Low | Suspicious charge - Notice Hi Support, I noticed a double charge on my statement for last month. Rate call be return claim media.",0,0
"Channel: Web Form | Priority: Low | App crashing - Available Hi Support, How do I install the latest patch on Windows 11? Main rate fish return section.",0,0
"Channel: Email | Priority: Medium | Screen freezes - Artist Hi Support, The application crashes every time I open the settings tab. Kitchen red together floor recently tough.",0,1
"Channel: Web Form | Priority: Low | Pricing tiers - Dog Hi Support, Is there a roadmap for new features this year? Wife school much really near model understand.",0,0
"Channel: Web Form | Priority: Low | App crashing - Thousand Hi Support, My data hasn't synced to the cloud for 24 hours. Imagine treat level fire win camera.",1,1
"Channel: Chat | Priority: Low | Refund status - Deal Hi Support, I noticed a double charge on my statement for last month. Cut sometimes benefit vote a now option but.",1,0
"Channel: Email | Priority: Medium | App crashing - Computer Hi Support, The dashboard is not loading any data, just a spinning wheel. Ready today cell after campaign to.",0,0
"Channel: Web Form | Priority: High | Invoice discrepancy - See Hi Support, I noticed a double charge on my statement for last month. Only get radio Republican agency seek.",1,1
"Channel: Chat | Priority: Medium | App crashing - Few Hi Support, I cannot log into my account even after resetting the password. Speech information imagine offer structure former decade drug.",0,0
"Channel: Chat | Priority: High | Login failed - Contain Hi Support, I cannot log into my account even after resetting the password. Dinner allow brother together create head physical.",0,0
"Channel: Email | Priority: Low | Suspicious charge - Shake Hi Support, I noticed a double charge on my statement for last month. Why any good actually wish organization improve.",0,0
"Channel: Email | Priority: Medium | Login failed - Between Hi Support, The application crashes every time I open the settings tab. Practice him will only book.",1,1
"Channel: Web Form | Priority: Medium | Charged twice - Work Hi Support, My subscription renewed automatically, but I wanted to cancel. Be so pick music behavior reason call everybody.",0,0
"Channel: Web Form | Priority: High | Delete account - Every Hi Support, I lost my phone and cannot pass the 2FA check. Future economic factor security south girl buy.",0,0
"Channel: Email | Priority: Low | 2FA issues - Decision Hi Support, My profile picture is not updating. Think hotel describe brother contain wife other few.",0,0
"Channel: Email | Priority: High | Invoice discrepancy - Avoid Hi Support, I requested a refund 5 days ago, where is it? Move successful population light miss travel face.",0,1
"Channel: Web Form | Priority: High | Stolen card - Style Hi Support, I received a suspicious email claiming to be support. Beautiful reflect exist treat still industry attorney.",1,1
"Channel: Chat | Priority: Low | Pricing tiers - Stock Hi Support, Is there a roadmap for new features this year? Per kid shoulder list entire.",0,0
"Channel: Email | Priority: Critical | Phishing attempt - Property Hi Support, I received a login alert from a device in Russia, which wasn't me. Group wife country.",1,1
"Channel: Email | Priority: Medium | Profile update - Woman Hi Support, I am not receiving the password reset email. South week certainly form wonder reflect wonder language.",0,0
"Channel: Email | Priority: Low | Password reset - Can Hi Support, I am not receiving the password reset email. President trouble ready test word officer scientist.",1,1
"Channel: Web Form | Priority: Medium | Installation issue - Step Hi Support, The dashboard is not loading any data, just a spinning wheel. Need class tonight wish social.",0,0
"Channel: Web Form | Priority: Medium | 2FA issues - Environment Hi Support, I lost my phone and cannot pass the 2FA check. Toward computer customer accept early set.",0,0
"Channel: Chat | Priority: Critical | Installation issue - Everybody Hi Support, I cannot log into my account even after resetting the password. Involve wrong region light maybe heart.",1,1
"Channel: Web Form | Priority: Low | Delete account - Increase Hi Support, I want to permanently delete my account and data. These set moment land what small sense thought.",1,0
"Channel: Email | Priority: Medium | Delete account - Radio Hi Support, My profile picture is not updating. Man purpose provide town.",0,0
"Channel: Chat | Priority: Low | Update credit card - Goal Hi Support, Why is my bill higher than the agreed amount? Activity beyond sell employee down risk.",1,0
"Channel: Web Form | Priority: High | API Error 500 - Nor Hi Support, I cannot log into my account even after resetting the password. Partner ever bad.",0,0
"Channel: Chat | Priority: Low | Hours of operation - Animal Hi Support, Do you offer a discount for non-profits? Doctor eat job reflect special scientist approach choose.",0,0
"Channel: Web Form | Priority: Medium | Update credit card - Until Hi Support, I have been trying to update my payment method but it keeps failing. Decision form hour course laugh.",0,0
"Channel: Web Form | Priority: Low | Hours of operation - Ball Hi Support, Do you offer a discount for non-profits? Public difficult president enough exactly nor.",0,0
"Channel: Chat | Priority: Medium | Password reset - Eye Hi Support, How do I upgrade to the Enterprise plan? Notice effect tree member long six hotel position.",0,0
"Channel: Web Form | Priority: Critical | Login failed - Though Hi Support, The dashboard is not loading any data, just a spinning wheel. Give billion onto fear affect.",0,0
"Channel: Web Form | Priority: Medium | Product question - For Hi Support, What are your support operating hours? Where understand subject today.",0,0
"Channel: Web Form | Priority: Medium | Screen freezes - Reveal Hi Support, The dashboard is not loading any data, just a spinning wheel. Walk traditional read order fund.",0,0
"Channel: Web Form | Priority: Low | Update credit card - Class Hi Support, My subscription renewed automatically, but I wanted to cancel. Out put understand.",0,0
"Channel: Web Form | Priority: Medium | Invoice discrepancy - There Hi Support, Can you send me the invoice for transaction #99283? Prevent total book create.",0,0
"Channel: Web Form | Priority: Medium | Password reset - Happen Hi Support, Please help me change the email address associated with my account. Head authority operation site room.",0,0
"Channel: Chat | Priority: High | Screen freezes - Son Hi Support, My data hasn't synced to the cloud for 24 hours. Easy step wrong drop surface available.",0,0
"Channel: Web Form | Priority: Low | Invoice discrepancy - My Hi Support, I requested a refund 5 days ago, where is it? Evening say charge east listen represent.",0,0
"Channel: Chat | Priority: Medium | Installation issue - Training Hi Support, How do I install the latest patch on Windows 11? Allow rate manage.",0,0
"Channel: Chat | Priority: Medium | Screen freezes - Ago Hi Support, My data hasn't synced to the cloud for 24 hours. Put a nothing mouth agreement can statement.",0,0
"Channel: Web Form | Priority: Medium | Profile update - Run Hi Support, I am not receiving the password reset email. Role red who.",0,0
"Channel: Chat | Priority: Critical | Screen freezes - Heavy Hi Support, We are receiving a 500 Internal Server Error on the API endpoint. From worry present marriage price number this could.",0,1
"Channel: Email | Priority: Low | 2FA issues - Teach Hi Support, Please help me change the email address associated with my account. Officer dinner who which tend.",0,0
"Channel: Email | Priority: High | Suspicious charge - Address Hi Support, Can you send me the invoice for transaction #99283? Mr audience thing part pick thousand.",1,1
"Channel: Chat | Priority: Low | Product question - Contain Hi Support, Where is your headquarters located? Heart partner full against concern.",0,0
"Channel: Web Form | Priority: Low | Feature request - Again Hi Support, Is there a roadmap for new features this year? Know hot turn ten.",0,0
"Channel: Web Form | Priority: Medium | Data not syncing - Factor Hi Support, We are receiving a 500 Internal Server Error on the API endpoint. Share rate democratic security.",0,0
"Channel: Email | Priority: Medium | Subscription upgrade - Final Hi Support, I am not receiving the password reset email. Think oil with sound recognize.",0,0
"Channel: Chat | Priority: Medium | Office location - Make Hi Support, Do you offer a discount for non-profits? Trouble prove federal skin road former voice.",0,0
"Channel: Email | Priority: Low | Data not syncing - Site Hi Support, We are receiving a 500 Internal Server Error on the API endpoint. Similar employee them leg analysis physical task.",1,1
"Channel: Chat | Priority: Low | Demo request - I Hi Support, Is there a roadmap for new features this year? Student choice condition himself police so.",0,0
"Channel: Email | Priority: Critical | App crashing - Fire Hi Support, We are receiving a 500 Internal Server Error on the API endpoint. News similar after blood prepare drug.",0,0
"Channel: Chat | Priority: Medium | Feature request - Meeting Hi Support, Is there a roadmap for new features this year? Parent bed bill challenge court.",1,1
"Channel: Chat | Priority: Medium | Installation issue - Thousand Hi Support, How do I install the latest patch on Windows 11? Usually certain record participant building such.",0,0
"Channel: Web Form | Priority: Medium | Charged twice - Beat Hi Support, I noticed a double charge on my statement for last month. What position marriage east especially market build require.",0,0
"Channel: Chat | Priority: High | Pricing tiers - Hospital Hi Support, I would like to request a demo for my team. President own you mission answer according.",1,1
"Channel: Web Form | Priority: High | Screen freezes - Agree Hi Support, My data hasn't synced to the cloud for 24 hours. A once any office economic.",0,0
"Channel: Web Form | Priority: Low | Installation issue - Name Hi Support, I cannot log into my account even after resetting the password. Defense manage wrong hear.",1,1
"Channel: Web Form | Priority: Low | Product question - Change Hi Support, Where is your headquarters located? Young even commercial television.",0,0
"Channel: Web Form | Priority: Low | Installation issue - Risk Hi Support, The application crashes every time I open the settings tab. Beyond friend second write hard church.",1,1
"Channel: Web Form | Priority: Medium | Invoice discrepancy - Traditional Hi Support, My subscription renewed automatically, but I wanted to cancel. Everyone art whom alone.",0,0
"Channel: Email | Priority: Critical | Phishing attempt - Our Hi Support, Someone used my card to make a purchase on your site. Skin indicate base view safe.",1,1
"Channel: Web Form | Priority: Medium | Data not syncing - Plant Hi Support, We are receiving a 500 Internal Server Error on the API endpoint. Data deal man son.",0,0
"Channel: Chat | Priority: Medium | Refund status - Every Hi Support, My subscription renewed automatically, but I wanted to cancel. Raise suffer position less same.",0,0
"Channel: Chat | Priority: High | API Error 500 - Dinner Hi Support, We are receiving a 500 Internal Server Error on the API endpoint. Describe small later court new adult board suggest.",0,0
"Channel: Web Form | Priority: High | API Error 500 - Do Hi Support, My data hasn't synced to the cloud for 24 hours. And check occur teacher.",0,0
"Channel: Email | Priority: Low | Change email - Happen Hi Support, Please help me change the email address associated with my account. Build wide remember evidence team rise.",0,0
"Channel: Email | Priority: Medium | Product question - Assume Hi Support, What are your support operating hours? Economic turn soldier family pull.",0,0
"Channel: Chat | Priority: Low | Product question - Food Hi Support, Do you offer a discount for non-profits? True majority fund election.",0,0
"Channel: Web Form | Priority: Medium | Delete account - This Hi Support, I want to permanently delete my account and data. Five glass modern yet continue sea yet.",0,0
"Channel: Chat | Priority: Medium | Update credit card - Most Hi Support, Can you send me the invoice for transaction #99283? World push everything next daughter dream.",0,0
"Channel: Chat | Priority: Medium | Product question - Director Hi Support, Where is your headquarters located? Feel guess us both as star huge.",0,1
"Channel: Web Form | Priority: Medium | 2FA issues - Or Hi Support, I lost my phone and cannot pass the 2FA check. Evidence travel poor hold.",0,0
"Channel: Web Form | Priority: Medium | Charged twice - Down Hi Support, Can you send me the invoice for transaction #99283? Debate thought per.",0,0
"Channel: Web Form | Priority: Low | Pricing tiers - Situation Hi Support, Do you offer a discount for non-profits? Treat building event town.",0,0
"Channel: Email | Priority: Low | Password reset - Smile Hi Support, Please help me change the email address associated with my account. Involve everything range physical indeed of concern letter.",0,0
"Channel: Chat | Priority: High | Delete account - Keep Hi Support, Please help me change the email address associated with my account. North difference decade matter who successful now.",1,1
"Channel: Chat | Priority: High | Login failed - Watch Hi Support, How do I install the latest patch on Windows 11? Sing boy operation institution quality society successful idea.",0,0
"Channel: Web Form | Priority: Medium | Login failed - Collection Hi Support, How do I install the latest patch on Windows 11? Others war return here also.",0,0
"Channel: Web Form | Priority: High | Invoice discrepancy - Hear Hi Support, I noticed a double charge on my statement for last month. Remember claim hope nature bit born sometimes.",1,1
"Channel: Web Form | Priority: Low | Subscription upgrade - Break Hi Support, I am not receiving the password reset email. Letter tax fish note sport medical husband window.",1,0
"Channel: Web Form | Priority: Medium | Delete account - Fast Hi Support, Please help me change the email address associated with my account. Drive material go quite full six indicate.",0,0
"Channel: Email | Priority: Low | Screen freezes - Section Hi Support, My data hasn't synced to the cloud for 24 hours. Sure should reach pressure.",0,1
"Channel: Web Form | Priority: Low | Pricing tiers - Whole Hi Support, I would like to request a demo for my team. Science another way page.",0,0
"Channel: Chat | Priority: High | Screen freezes - Performance Hi Support, The application crashes every time I open the settings tab. Million maybe right yes sing contain.",0,0
"Channel: Chat | Priority: High | Change email - Live Hi Support, Please help me change the email address associated with my account. Six above during join collection card.",1,1
"Channel: Web Form | Priority: Medium | Login failed - Mouth Hi Support, My data hasn't synced to the cloud for 24 hours. Financial education sister word pattern on.",1,0
"Channel: Email | Priority: Medium | Delete account - Image Hi Support, How do I upgrade to the Enterprise plan? Focus job upon.",0,0
"Channel: Web Form | Priority: Medium | Suspicious charge - Though Hi Support, My subscription renewed automatically, but I wanted to cancel. Accept wonder fear do.",0,0
"Channel: Web Form | Priority: Medium | Hours of operation - Shoulder Hi Support, What are your support operating hours? Recent morning yeah special tonight seem.",0,0
"Channel: Chat | Priority: High | Refund status - Several Hi Support, Can you send me the invoice for transaction #99283? Security be center sit range table everyone.",0,0
"Channel: Email | Priority: Low | Charged twice - Career Hi Support, Can you send me the invoice for transaction #99283? Yourself most say common energy politics yet.",0,0
"Channel: Chat | Priority: Medium | Product question - Pull Hi Support, Where is your headquarters located? Usually account course.",0,1
"Channel: Email | Priority: High | Login failed - His Hi Support, We are receiving a 500 Internal Server Error on the API endpoint. Forward about central bag benefit interest.",0,0
"Channel: Chat | Priority: Low | Hours of operation - Above Hi Support, Do you offer a discount for non-profits? Late race surface.",0,0
"Channel: Web Form | Priority: High | Login failed - Reality Hi Support, How do I install the latest patch on Windows 11? Level support professor foreign seven will itself.",0,0
"Channel: Web Form | Priority: Low | Installation issue - Focus Hi Support, How do I install the latest patch on Windows 11? Group police simply religious throw a.",0,0
"Channel: Web Form | Priority: Medium | Hours of operation - Speak Hi Support, What are your support operating hours? Its then worry without.",0,0
"Channel: Chat | Priority: Medium | Subscription upgrade - Bad Hi Support, I am not receiving the password reset email. Down street push media.",0,0
"Channel: Chat | Priority: Low | Invoice discrepancy - Try Hi Support, Can you send me the invoice for transaction #99283? Standard age glass two son program.",0,0
"Channel: Web Form | Priority: High | Installation issue - Issue Hi Support, I cannot log into my account even after resetting the password. Gun seem material spring eight doctor health choose.",0,0
"Channel: Email | Priority: Low | Invoice discrepancy - Size Hi Support, Why is my bill higher than the agreed amount? Most their score far join know.",0,0
"Channel: Chat | Priority: Medium | Demo request - Town Hi Support, Where is your headquarters located? Record scientist color moment relationship have leave.",0,0
"Channel: Chat | Priority: Low | Feature request - Field Hi Support, Is there a roadmap for new features this year? How plant could budget modern.",0,0
"Channel: Chat | Priority: Medium | Change email - Talk Hi Support, How do I upgrade to the Enterprise plan? Card authority write me.",0,0
"Channel: Web Form | Priority: High | Login failed - Industry Hi Support, The dashboard is not loading any data, just a spinning wheel. Thousand worker other product whether continue executive.",0,0
"Channel: Email | Priority: High | Profile update - Half Hi Support, I am not receiving the password reset email. Blood that little work house town only.",0,0
"Channel: Web Form | Priority: Low | Suspicious charge - Mouth Hi Support, I noticed a double charge on my statement for last month. Throw increase hundred any religious.",0,0
"Channel: Email | Priority: Medium | Screen freezes - Reach Hi Support, My data hasn't synced to the cloud for 24 hours. Field though study month bank.",0,0
"Channel: Chat | Priority: Medium | Invoice discrepancy - Consumer Hi Support, I requested a refund 5 days ago, where is it? Page relationship structure detail receive success month.",0,0
"Channel: Web Form | Priority: Medium | Feature request - Knowledge Hi Support, I would like to request a demo for my team. Yes brother most situation.",0,1
"Channel: Email | Priority: Medium | Installation issue - Provide Hi Support, My data hasn't synced to the cloud for 24 hours. Practice factor deal ahead kind.",0,0
"Channel: Chat | Priority: High | Invoice discrepancy - Garden Hi Support, I requested a refund 5 days ago, where is it? Southern water film give medical interesting.",1,1
"Channel: Chat | Priority: Medium | Screen freezes - Compare Hi Support, I cannot log into my account even after resetting the password. Edge activity generation then.",0,0
"Channel: Chat | Priority: Low | Profile update - Actually Hi Support, My profile picture is not updating. Create vote maybe culture.",0,1
"Channel: Web Form | Priority: High | Refund status - Toward Hi Support, I requested a refund 5 days ago, where is it? Gun process ability wife stage public.",0,0
"Channel: Chat | Priority: Low | Update credit card - Six Hi Support, Why is my bill higher than the agreed amount? Chance yet someone of born.",0,0
"Channel: Chat | Priority: Low | Screen freezes - Television Hi Support, The dashboard is not loading any data, just a spinning wheel. Spend nation laugh opportunity everything shake top.",0,1
"Channel: Email | Priority: Low | 2FA issues - Modern Hi Support, I am not receiving the password reset email. Any pressure off effect executive.",0,1
"Channel: Web Form | Priority: Medium | Delete account - Pattern Hi Support, My profile picture is not updating. Test build believe senior often only choose.",0,0
"Channel: Chat | Priority: Medium | Change email - Pretty Hi Support, I lost my phone and cannot pass the 2FA check. Occur control hit assume.",0,0
"Channel: Web Form | Priority: Low | Feature request - Newspaper Hi Support, How does the team pricing tier work? They election space just six central.",0,0
"Channel: Web Form | Priority: Critical | Screen freezes - Either Hi Support, We are receiving a 500 Internal Server Error on the API endpoint. Himself might hand.",0,0
"Channel: Email | Priority: Medium | Password reset - Image Hi Support, I am not receiving the password reset email. Yeah plant wish reveal smile both lay.",0,0
"Channel: Chat | Priority: Low | Hours of operation - Yes Hi Support, How does the team pricing tier work? Their summer control large.",0,0
"Channel: Chat | Priority: Low | Suspicious charge - Happen Hi Support, My subscription renewed automatically, but I wanted to cancel. Paper hour professional fire policy.",0,0
"Channel: Email | Priority: Medium | Installation issue - History Hi Support, My data hasn't synced to the cloud for 24 hours. Dog power a country.",0,0
"Channel: Chat | Priority: High | Installation issue - Form Hi Support, How do I install the latest patch on Windows 11? Serve body out color avoid feeling.",1,1
"Channel: Chat | Priority: Medium | Pricing tiers - Sense Hi Support, What are your support operating hours? Section spend plan particular scene.",0,0
"Channel: Web Form | Priority: Low | Invoice discrepancy - Science Hi Support, I have been trying to update my payment method but it keeps failing. Water month value spend order.",0,0
"Channel: Email | Priority: Low | Payment failed - Debate Hi Support, I requested a refund 5 days ago, where is it? Pick little front.",0,1
"Channel: Email | Priority: Low | Change email - Nothing Hi Support, Please help me change the email address associated with my account. Week military at party phone mention exactly.",0,0
"Channel: Chat | Priority: Medium | App crashing - Cold Hi Support, My data hasn't synced to the cloud for 24 hours. Alone address natural.",0,0
"Channel: Web Form | Priority: High | Invoice discrepancy - Win Hi Support, I noticed a double charge on my statement for last month. Set threat view bill.",1,1
"Channel: Chat | Priority: Low | Login failed - Guy Hi Support, My data hasn't synced to the cloud for 24 hours. Weight a spend.",1,1
"Channel: Web Form | Priority: Critical | App crashing - Hit Hi Support, My data hasn't synced to the cloud for 24 hours. Rule person important night language power.",0,1
"Channel: Web Form | Priority: Low | Product question - Game Hi Support, What are your support operating hours? Have operation laugh author.",0,0
"Channel: Web Form | Priority: Medium | Charged twice - Represent Hi Support, Why is my bill higher than the agreed amount? Either car serve alone.",0,0
"Channel: Email | Priority: Medium | Suspicious charge - Option Hi Support, I noticed a double charge on my statement for last month. Card first worker tonight remain church whom.",0,0
"Channel: Web Form | Priority: High | Pricing tiers - Leg Hi Support, Is there a roadmap for new features this year? Road trip tend fire business.",1,1
"Channel: Email | Priority: Low | Password reset - Within Hi Support, I am not receiving the password reset email. Difference form player beat once.",0,1
"Channel: Web Form | Priority: Low | Invoice discrepancy - Tv Hi Support, Why is my bill higher than the agreed amount? Life smile lose.",0,0
"Channel: Email | Priority: Low | Charged twice - Reduce Hi Support, I have been trying to update my payment method but it keeps failing. Especially single factor key major action.",1,1
"Channel: Email | Priority: Critical | Account hacked - Exist Hi Support, I received a suspicious email claiming to be support. Create spring write.",0,0
"Channel: Email | Priority: High | Unrecognized login - Gas Hi Support, I received a suspicious email claiming to be support. Turn high happy scientist.",0,0
"Channel: Chat | Priority: Low | Profile update - Number Hi Support, Please help me change the email address associated with my account. Outside even affect camera.",0,1
"Channel: Chat | Priority: Medium | 2FA issues - Cold Hi Support, Please help me change the email address associated with my account. Third end role style.",0,0
"Channel: Email | Priority: Low | Screen freezes - Security Hi Support, How do I install the latest patch on Windows 11? Blue have fight eight firm answer morning.",0,0
"Channel: Email | Priority: Low | 2FA issues - Mention Hi Support, I am not receiving the password reset email. Ok assume wrong necessary positive.",1,1
"Channel: Email | Priority: Low | Password reset - Miss Hi Support, Please help me change the email address associated with my account. Little another travel age him prevent.",1,1
"Channel: Web Form | Priority: Low | Screen freezes - Instead Hi Support, The dashboard is not loading any data, just a spinning wheel. Tend open peace discuss be.",1,1
"Channel: Chat | Priority: Low | Installation issue - Turn Hi Support, How do I install the latest patch on Windows 11? Nor human us visit design total.",0,0
"Channel: Email | Priority: Low | Login failed - Decade Hi Support, How do I install the latest patch on Windows 11? Place of design.",1,0
"Channel: Chat | Priority: Medium | Delete account - Must Hi Support, How do I upgrade to the Enterprise plan? Property model institution most notice most artist.",0,0
"Channel: Web Form | Priority: Critical | Account hacked - Without Hi Support, I received a login alert from a device in Russia, which wasn't me. Building pull history trouble understand do special.",1,0
"Channel: Web Form | Priority: Medium | Refund status - Report Hi Support, Can you send me the invoice for transaction #99283? Consider personal couple they white value.",0,0
"Channel: Email | Priority: Low | Suspicious charge - Kid Hi Support, I noticed a double charge on my statement for last month. Somebody quickly may east how already.",0,0
"Channel: Chat | Priority: High | Refund status - Property Hi Support, I requested a refund 5 days ago, where is it? After difference direction doctor.",1,0
"Channel: Web Form | Priority: Low | Hours of operation - Available Hi Support, I would like to request a demo for my team. Street quite more world appear worker.",0,0
"Channel: Email | Priority: Medium | API Error 500 - Happy Hi Support, The dashboard is not loading any data, just a spinning wheel. Matter law much southern call experience.",1,1
"Channel: Email | Priority: Low | Password reset - By Hi Support, My profile picture is not updating. Wait visit star event benefit tonight floor summer.",1,1
"Channel: Email | Priority: Low | Office location - Music Hi Support, I would like to request a demo for my team. Student chair billion this guy development.",0,0
"Channel: Email | Priority: Medium | Installation issue - American Hi Support, I cannot log into my account even after resetting the password. Commercial every dark American throw book board.",0,0
"Channel: Chat | Priority: High | Stolen card - Particularly Hi Support, Lock my account immediately, I see transactions I didn't make. Young discuss mouth position series.",0,0
"Channel: Chat | Priority: Low | Hours of operation - Seek Hi Support, Is there a roadmap for new features this year? Easy third artist some clear behavior benefit.",0,0
"Channel: Web Form | Priority: Medium | Payment failed - Environment Hi Support, My subscription renewed automatically, but I wanted to cancel. Hit service data.",0,1
"Channel: Chat | Priority: Medium | App crashing - Officer Hi Support, The dashboard is not loading any data, just a spinning wheel. Shake laugh woman list color season peace.",0,0
"Channel: Chat | Priority: Medium | Password reset - Our Hi Support, How do I upgrade to the Enterprise plan? Tree kid myself.",0,0
"Channel: Email | Priority: Low | Data not syncing - Activity Hi Support, How do I install the latest patch on Windows 11? Doctor ok later consider state.",0,0
"Channel: Web Form | Priority: Critical | Screen freezes - Wind Hi Support, I cannot log into my account even after resetting the password. Base among necessary much Democrat.",1,1
"Channel: Email | Priority: Medium | App crashing - Use Hi Support, The dashboard is not loading any data, just a spinning wheel. Policy child a continue scientist other.",0,0
"Channel: Chat | Priority: Low | Hours of operation - Best Hi Support, I would like to request a demo for my team. That half guy letter determine.",0,0
"Channel: Chat | Priority: High | Login failed - Someone Hi Support, How do I install the latest patch on Windows 11? Very only home east plan doctor.",0,0
"Channel: Email | Priority: Low | Demo request - Few Hi Support, Where is your headquarters located? Direction window teach likely leader answer hear perhaps.",0,0
"Channel: Chat | Priority: Low | Screen freezes - Open Hi Support, How do I install the latest patch on Windows 11? Drive capital force after too professional.",0,0
"Channel: Web Form | Priority: Low | Subscription upgrade - Most Hi Support, I lost my phone and cannot pass the 2FA check. Size worry argue.",0,0
"Channel: Email | Priority: High | Login failed - Reality Hi Support, The application crashes every time I open the settings tab. First black catch.",0,0
"Channel: Chat | Priority: High | Installation issue - Contain Hi Support, My data hasn't synced to the cloud for 24 hours. Per each success difficult relationship recent.",0,0
"Channel: Web Form | Priority: Low | Update credit card - Also Hi Support, Can you send me the invoice for transaction #99283? Choice subject paper them reality trade girl education.",0,0
"Channel: Chat | Priority: Low | Change email - Color Hi Support, Please help me change the email address associated with my account. Own hotel marriage thousand style whose.",0,0
"Channel: Email | Priority: Medium | Installation issue - Company Hi Support, The application crashes every time I open the settings tab. Teach buy toward animal only.",1,0
"Channel: Web Form | Priority: Low | Screen freezes - Glass Hi Support, The dashboard is not loading any data, just a spinning wheel. Home better head edge seat appear.",1,1
"Channel: Email | Priority: Medium | Payment failed - Win Hi Support, My subscription renewed automatically, but I wanted to cancel. Grow soldier minute capital matter.",0,0
"Channel: Web Form | Priority: High | Installation issue - School Hi Support, I cannot log into my account even after resetting the password. Base at opportunity office purpose pull.",0,0
"Channel: Email | Priority: High | Data not syncing - Our Hi Support, The dashboard is not loading any data, just a spinning wheel. Her stuff appear.",0,0
"Channel: Email | Priority: Critical | Screen freezes - Much Hi Support, How do I install the latest patch on Windows 11? Already traditional view cause space nearly note.",1,1
"Channel: Email | Priority: Medium | Office location - Must Hi Support, How does the team pricing tier work? Whatever history offer lay culture score central.",0,1
"Channel: Email | Priority: Medium | 2FA issues - Keep Hi Support, Please help me change the email address associated with my account. Card message everyone share figure.",0,0
"Channel: Chat | Priority: Low | Suspicious charge - Stand Hi Support, My subscription renewed automatically, but I wanted to cancel. Stage rest from law yourself especially put.",0,0
"Channel: Chat | Priority: Medium | Feature request - Boy Hi Support, What are your support operating hours? Base act radio edge inside chance teacher.",0,0
"Channel: Web Form | Priority: Medium | Demo request - Right Hi Support, What are your support operating hours? Surface above instead discussion discuss note.",0,0
"Channel: Web Form | Priority: Low | Invoice discrepancy - City Hi Support, Why is my bill higher than the agreed amount? Hundred memory whatever talk above.",0,0
"Channel: Email | Priority: Low | Data not syncing - Stock Hi Support, The application crashes every time I open the settings tab. Rule teacher trade training test cup.",1,1
"Channel: Chat | Priority: High | Phishing attempt - Always Hi Support, Someone used my card to make a purchase on your site. Change organization key someone what final fear.",0,0
"Channel: Web Form | Priority: High | API Error 500 - Spring Hi Support, How do I install the latest patch on Windows 11? Develop become large forward national thank.",0,0
"Channel: Web Form | Priority: High | Password reset - Bit Hi Support, I lost my phone and cannot pass the 2FA check. Purpose statement job sound performance apply voice.",0,0
"Channel: Email | Priority: Medium | Payment failed - Parent Hi Support, I requested a refund 5 days ago, where is it? Wear can building popular appear nice.",0,0
"Channel: Email | Priority: Medium | Screen freezes - Window Hi Support, My data hasn't synced to the cloud for 24 hours. Discuss government accept.",0,0
"Channel: Email | Priority: Medium | API Error 500 - Difficult Hi Support, We are receiving a 500 Internal Server Error on the API endpoint. According accept grow quite ground.",0,1
"Channel: Chat | Priority: Medium | Refund status - Too Hi Support, Why is my bill higher than the agreed amount? About son challenge compare trip other example.",0,0
"Channel: Web Form | Priority: Medium | Demo request - Give Hi Support, What are your support operating hours? Sure every camera past toward bag remain individual.",0,0
"Channel: Web Form | Priority: Low | Payment failed - Land Hi Support, Why is my bill higher than the agreed amount? Somebody must buy prove interest.",1,1
"Channel: Email | Priority: Medium | Refund status - Attack Hi Support, I noticed a double charge on my statement for last month. Modern name full senior go employee.",0,0
"Channel: Chat | Priority: High | Password reset - Down Hi Support, Please help me change the email address associated with my account. Senior he present film.",0,0
"Channel: Chat | Priority: Medium | Profile update - Only Hi Support, I want to permanently delete my account and data. Issue bad check cost money.",0,0
"Channel: Email | Priority: Medium | API Error 500 - Ball Hi Support, How do I install the latest patch on Windows 11? Add article test red.",0,0
"Channel: Chat | Priority: Low | Product question - According Hi Support, Is there a roadmap for new features this year? Grow turn school doctor.",0,0
"Channel: Email | Priority: Low | Profile update - Rock Hi Support, I lost my phone and cannot pass the 2FA check. Pressure kid season rather design.",0,0
"Channel: Email | Priority: High | Feature request - Scene Hi Support, I would like to request a demo for my team. Rock amount build indeed player.",1,1
"Channel: Chat | Priority: Medium | Update credit card - Need Hi Support, Can you send me the invoice for transaction #99283? Treat our ball southern relationship minute.",0,0
"Channel: Chat | Priority: Medium | Login failed - Ago Hi Support, How do I install the latest patch on Windows 11? Write budget full view cell toward then.",0,0
"Channel: Email | Priority: Low | Invoice discrepancy - Property Hi Support, I have been trying to update my payment method but it keeps failing. Former the environment wonder.",0,0
"Channel: Chat | Priority: Low | Demo request - Pick Hi Support, What are your support operating hours? Resource book language.",1,0
"Channel: Web Form | Priority: High | App crashing - Purpose Hi Support, The application crashes every time I open the settings tab. Government address up offer.",0,0
"Channel: Chat | Priority: High | Installation issue - Million Hi Support, The application crashes every time I open the settings tab. Citizen teach fight who.",0,0
"Channel: Email | Priority: Medium | Feature request - Shoulder Hi Support, I would like to request a demo for my team. Enjoy hotel front.",1,1
"Channel: Email | Priority: Low | Change email - Wait Hi Support, How do I upgrade to the Enterprise plan? Whose process Republican he necessary.",0,0
"Channel: Web Form | Priority: Medium | Installation issue - Participant Hi Support, I cannot log into my account even after resetting the password. Here while short or increase than.",0,0
"Channel: Email | Priority: Medium | Charged twice - Paper Hi Support, I have been trying to update my payment method but it keeps failing. Scene never serve.",0,0
"Channel: Chat | Priority: Low | Demo request - Require Hi Support, What are your support operating hours? Form care author issue general trade.",0,0
"Channel: Chat | Priority: Low | Delete account - Argue Hi Support, My profile picture is not updating. Population heavy charge American inside really arm.",0,1
"Channel: Web Form | Priority: High | Charged twice - Add Hi Support, I have been trying to update my payment method but it keeps failing. He here indeed evidence hot thought.",0,0
"Channel: Web Form | Priority: High | Login failed - Across Hi Support, The dashboard is not loading any data, just a spinning wheel. Dream manager professor fish account.",0,0
"Channel: Email | Priority: Low | Product question - Model Hi Support, What are your support operating hours? Class according instead summer team throughout.",0,0
"Channel: Email | Priority: Critical | API Error 500 - The Hi Support, The application crashes every time I open the settings tab. Minute cell some under.",0,0
"Channel: Chat | Priority: Critical | Installation issue - Represent Hi Support, I cannot log into my account even after resetting the password. Strong car rise trip community voice.",1,1
"Channel: Email | Priority: Low | Demo request - Figure Hi Support, How does the team pricing tier work? Center head animal test camera dream down.",0,0
"Channel: Email | Priority: Medium | API Error 500 - Concern Hi Support, My data hasn't synced to the cloud for 24 hours. Father risk conference include affect produce.",0,0
"Channel: Chat | Priority: High | Office location - Floor Hi Support, What are your support operating hours? Democratic senior thought analysis century seat dream.",1,1
"Channel: Chat | Priority: High | Profile update - Lead Hi Support, I lost my phone and cannot pass the 2FA check. Best record material music.",0,1
"Channel: Chat | Priority: Critical | Stolen card - Firm Hi Support, I received a login alert from a device in Russia, which wasn't me. Traditional teacher market central bill poor little.",1,1
"Channel: Chat | Priority: Low | Payment failed - Population Hi Support, I have been trying to update my payment method but it keeps failing. Suddenly floor interview there stage have current.",1,1
"Channel: Web Form | Priority: Medium | Hours of operation - Leader Hi Support, Is there a roadmap for new features this year? Join organization give all modern.",0,0
"Channel: Email | Priority: High | API Error 500 - Cell Hi Support, I cannot log into my account even after resetting the password. Product possible perhaps story use former.",0,0
"Channel: Web Form | Priority: Medium | Profile update - Might Hi Support, My profile picture is not updating. Tend whose wait school officer after remember.",0,0
"Channel: Email | Priority: Medium | Update credit card - Build Hi Support, My subscription renewed automatically, but I wanted to cancel. Site choice business amount Mr wish event.",0,0
"Channel: Chat | Priority: High | Installation issue - Result Hi Support, We are receiving a 500 Internal Server Error on the API endpoint. Soon occur attention their.",0,0
"Channel: Chat | Priority: Medium | Suspicious charge - International Hi Support, Why is my bill higher than the agreed amount? Police between certain say.",0,0
"Channel: Email | Priority: High | Payment failed - Trip Hi Support, My subscription renewed automatically, but I wanted to cancel. Pretty center loss specific the.",0,0
"Channel: Email | Priority: High | Password reset - Put Hi Support, I lost my phone and cannot pass the 2FA check. Analysis common many central anyone population actually lot.",0,0
"Channel: Web Form | Priority: High | Login failed - Road Hi Support, The dashboard is not loading any data, just a spinning wheel. All leg sing money first trouble.",0,0
"Channel: Chat | Priority: Medium | Pricing tiers - Ago Hi Support, I would like to request a demo for my team. It house rock world.",0,1
"Channel: Email | Priority: Low | Feature request - Kitchen Hi Support, Where is your headquarters located? Door us boy clear all.",0,0
"Channel: Web Form | Priority: Medium | Subscription upgrade - Different Hi Support, How do I upgrade to the Enterprise plan? Boy moment cover learn view similar factor.",1,1
"Channel: Web Form | Priority: High | Installation issue - Hard Hi Support, The dashboard is not loading any data, just a spinning wheel. Buy form beautiful allow.",0,0
"Channel: Chat | Priority: High | App crashing - Everything Hi Support, I cannot log into my account even after resetting the password. Job subject bit election hold during might.",0,0
"Channel: Web Form | Priority: Low | Subscription upgrade - Fish Hi Support, Please help me change the email address associated with my account. Ok contain occur apply nor force chair fear.",0,0
"Channel: Chat | Priority: High | Installation issue - Experience Hi Support, We are receiving a 500 Internal Server Error on the API endpoint. Identify green produce whether address.",0,0
"Channel: Web Form | Priority: Medium | Delete account - Behind Hi Support, My profile picture is not updating. Focus run foreign play soon clear.",0,0
"Channel: Web Form | Priority: Medium | Password reset - Glass Hi Support, Please help me change the email address associated with my account. Pay employee late simply have draw boy pretty.",0,0
"Channel: Web Form | Priority: Low | Office location - Maybe Hi Support, I would like to request a demo for my team. Board enjoy author my.",0,0
"Channel: Chat | Priority: High | Screen freezes - Peace Hi Support, The application crashes every time I open the settings tab. Glass describe sort story rule camera her.",0,0
"Channel: Email | Priority: Low | Update credit card - Job Hi Support, I have been trying to update my payment method but it keeps failing. Try window north local speak national.",0,1
"Channel: Email | Priority: Medium | API Error 500 - That Hi Support, My data hasn't synced to the cloud for 24 hours. Vote maybe subject hit.",0,1
"Channel: Email | Priority: High | App crashing - With Hi Support, The dashboard is not loading any data, just a spinning wheel. Though often determine nearly most alone level billion.",0,0
"Channel: Web Form | Priority: Medium | Update credit card - Accept Hi Support, I have been trying to update my payment method but it keeps failing. Wind something election six consumer.",0,0
"Channel: Email | Priority: Medium | Office location - American Hi Support, Where is your headquarters located? Herself check away moment maintain open.",0,0
"Channel: Email | Priority: Low | Suspicious charge - Something Hi Support, I requested a refund 5 days ago, where is it? Perform civil employee recent build worry.",0,1
"Channel: Chat | Priority: Low | Demo request - Station Hi Support, Do you offer a discount for non-profits? Education on listen talk instead try remain manage.",0,0
"Channel: Web Form | Priority: Low | Change email - Foot Hi Support, How do I upgrade to the Enterprise plan? This unit you new.",0,0
"Channel: Email | Priority: High | Installation issue - Truth Hi Support, My data hasn't synced to the cloud for 24 hours. Common arm until pressure social seem miss per.",0,0
"Channel: Email | Priority: Low | Product question - Serious Hi Support, How does the team pricing tier work? Life buy something other.",0,0
"Channel: Web Form | Priority: Medium | Login failed - Health Hi Support, How do I install the latest patch on Windows 11? Suffer born enter yeah guess no us.",0,0
"Channel: Web Form | Priority: Low | Charged twice - Arrive Hi Support, I requested a refund 5 days ago, where is it? Hundred tree mean represent.",1,1
"Channel: Web Form | Priority: Low | Suspicious charge - Indicate Hi Support, My subscription renewed automatically, but I wanted to cancel. Stay low institution.",1,0
"Channel: Email | Priority: High | Demo request - Beat Hi Support, Where is your headquarters located? Such again across anything attention through very.",1,1
"Channel: Email | Priority: Low | Login failed - Use Hi Support, I cannot log into my account even after resetting the password. Front anyone under away yard.",1,1
"Channel: Chat | Priority: Low | Update credit card - Understand Hi Support, Can you send me the invoice for transaction #99283? Above what avoid guy note put management.",0,0
"Channel: Chat | Priority: Low | Demo request - People Hi Support, Where is your headquarters located? Save offer economic western.",0,0
"Channel: Web Form | Priority: High | Suspicious activity - Cultural Hi Support, Lock my account immediately, I see transactions I didn't make. Somebody main should any down clearly fact.",0,0
"Channel: Email | Priority: Medium | App crashing - Tax Hi Support, The dashboard is not loading any data, just a spinning wheel. Receive most artist north.",0,0
"Channel: Web Form | Priority: Medium | Password reset - Training Hi Support, My profile picture is not updating. Kind resource page price building.",0,0
"Channel: Chat | Priority: Medium | Change email - Receive Hi Support, Please help me change the email address associated with my account. Drug who board guy west property.",0,0
"Channel: Web Form | Priority: High | Login failed - Institution Hi Support, We are receiving a 500 Internal Server Error on the API endpoint. Mind water because home almost citizen of.",0,0
"Channel: Chat | Priority: Low | Profile update - Bed Hi Support, My profile picture is not updating. Many offer month focus run.",0,0
"Channel: Chat | Priority: High | Data not syncing - People Hi Support, The application crashes every time I open the settings tab. Account bar issue can.",0,0
"Channel: Web Form | Priority: Low | Feature request - Beyond Hi Support, How does the team pricing tier work? It building oil within chance force.",0,0
"Channel: Web Form | Priority: High | API Error 500 - Budget Hi Support, The dashboard is not loading any data, just a spinning wheel. Determine natural citizen peace hot.",0,0
"Channel: Chat | Priority: Low | Profile update - What Hi Support, I am not receiving the password reset email. Successful our respond capital no government already.",1,1
"Channel: Email | Priority: Critical | Account hacked - Very Hi Support, I received a login alert from a device in Russia, which wasn't me. Stand special about bill.",0,0
"Channel: Email | Priority: High | Subscription upgrade - Especially Hi Support, My profile picture is not updating. Worker wear as language close able.",0,0
"Channel: Web Form | Priority: Low | Change email - Bed Hi Support, I lost my phone and cannot pass the 2FA check. Church responsibility need phone cell whether.",0,0
"Channel: Chat | Priority: Medium | Installation issue - Million Hi Support, The application crashes every time I open the settings tab. Per culture line time hour then likely admit.",1,0
"Channel: Web Form | Priority: Low | Change email - American Hi Support, How do I upgrade to the Enterprise plan? Discuss develop style its course party.",0,0
"Channel: Chat | Priority: Critical | Alert notification - Fund Hi Support, Why is there a new device added to my trusted list? True firm present the after future.",1,1
"Channel: Chat | Priority: Medium | Subscription upgrade - Remain Hi Support, I am not receiving the password reset email. Position standard hit send.",0,0
"Channel: Chat | Priority: Medium | Delete account - Form Hi Support, I want to permanently delete my account and data. Eye house standard others or economic yard.",0,0
"Channel: Web Form | Priority: Medium | Invoice discrepancy - Raise Hi Support, I noticed a double charge on my statement for last month. Thousand far quickly.",0,0
"Channel: Email | Priority: Low | Suspicious charge - Back Hi Support, Why is my bill higher than the agreed amount? Mention decision exist program race me car.",0,0
"Channel: Email | Priority: Low | Hours of operation - Design Hi Support, How does the team pricing tier work? Family evidence fact your see fear.",0,0
"Channel: Web Form | Priority: High | Charged twice - Field Hi Support, Can you send me the invoice for transaction #99283? Increase oil example idea part.",1,1
"Channel: Email | Priority: Low | Profile update - Walk Hi Support, I lost my phone and cannot pass the 2FA check. Station tonight exactly several close change senior.",1,1
"Channel: Email | Priority: Low | Charged twice - Action Hi Support, My subscription renewed automatically, but I wanted to cancel. While movie issue full since message exist reason.",1,0
"Channel: Email | Priority: Low | Pricing tiers - Control Hi Support, Do you offer a discount for non-profits? Than top message change present hear sport.",0,0
"Channel: Chat | Priority: Low | 2FA issues - Present Hi Support, I lost my phone and cannot pass the 2FA check. Long method smile season.",0,0
"Channel: Email | Priority: Medium | Profile update - Phone Hi Support, I am not receiving the password reset email. Smile stock real laugh sign.",0,0
"Channel: Chat | Priority: Low | Pricing tiers - Worry Hi Support, Where is your headquarters located? Stop product parent bring professor individual time.",0,0
"Channel: Web Form | Priority: Medium | Subscription upgrade - Special Hi Support, I lost my phone and cannot pass the 2FA check. Current quality common moment across million knowledge.",0,0
"Channel: Web Form | Priority: Low | Password reset - Call Hi Support, How do I upgrade to the Enterprise plan? Involve option bring whatever father production.",0,0
"Channel: Web Form | Priority: Low | 2FA issues - Strong Hi Support, I lost my phone and cannot pass the 2FA check. Food admit billion radio long affect.",0,0
"Channel: Chat | Priority: Critical | Login failed - Or Hi Support, I cannot log into my account even after resetting the password. Pressure fight reflect choose.",0,0
"Channel: Email | Priority: Low | Office location - Yeah Hi Support, Is there a roadmap for new features this year? Our certainly take sell conference although would for.",0,0
"Channel: Chat | Priority: Medium | Suspicious charge - Reason Hi Support, Can you send me the invoice for transaction #99283? Consider nice enough wear.",0,0
"Channel: Web Form | Priority: Low | Invoice discrepancy - Career Hi Support, I requested a refund 5 days ago, where is it? Old recent why son own bar head democratic.",0,0
"Channel: Email | Priority: Low | Office location - Card Hi Support, How does the team pricing tier work? Billion range source hear official power rich himself.",0,0
"Channel: Web Form | Priority: Critical | Suspicious activity - Care Hi Support, I received a suspicious email claiming to be support. Know already talk.",1,1
"Channel: Web Form | Priority: Low | Login failed - Myself Hi Support, My data hasn't synced to the cloud for 24 hours. East too glass thousand something.",1,1
"Channel: Web Form | Priority: Low | Office location - Man Hi Support, Is there a roadmap for new features this year? Course one himself just movie question cause.",0,0
"Channel: Email | Priority: Low | Feature request - Future Hi Support, Do you offer a discount for non-profits? Others although after voice.",0,0
"Channel: Web Form | Priority: Critical | Unrecognized login - Candidate Hi Support, I think my account has been compromised. Second threat ball thank water office.",1,1
"Channel: Chat | Priority: Low | Profile update - Page Hi Support, I want to permanently delete my account and data. Kitchen mission understand anyone.",0,0
"Channel: Web Form | Priority: Medium | Password reset - Perform Hi Support, I am not receiving the password reset email. School ahead three animal marriage.",0,0
"Channel: Chat | Priority: Low | Delete account - Recently Hi Support, How do I upgrade to the Enterprise plan? Trial TV hundred together knowledge.",0,0
"Channel: Chat | Priority: Low | Screen freezes - Its Hi Support, My data hasn't synced to the cloud for 24 hours. Hair specific employee natural.",1,1
"Channel: Email | Priority: Medium | Payment failed - Recent Hi Support, Why is my bill higher than the agreed amount? Forward us against window somebody provide.",1,0
"Channel: Email | Priority: Medium | Screen freezes - Interest Hi Support, How do I install the latest patch on Windows 11? Effort strong hotel matter each.",0,0
"Channel: Chat | Priority: Low | 2FA issues - Skill Hi Support, Please help me change the email address associated with my account. Small form trial involve child purpose in human.",0,0
"Channel: Web Form | Priority: Critical | App crashing - Set Hi Support, The dashboard is not loading any data, just a spinning wheel. Similar themselves hand blood.",1,1
"Channel: Web Form | Priority: Low | Pricing tiers - List Hi Support, What are your support operating hours? Information care land among degree draw.",0,0
"Channel: Chat | Priority: Medium | Office location - Maintain Hi Support, Where is your headquarters located? Dark rule her manager.",0,0
"Channel: Chat | Priority: Low | Password reset - Republican Hi Support, My profile picture is not updating. Current hair certain computer never remain feel.",1,1
"Channel: Web Form | Priority: Medium | Feature request - Market Hi Support, What are your support operating hours? Idea sort able their boy health.",0,0
"Channel: Email | Priority: High | Hours of operation - Away Hi Support, I would like to request a demo for my team. Right resource walk free east discuss PM.",1,1
"Channel: Email | Priority: Critical | Phishing attempt - President Hi Support, I think my account has been compromised. Remain service film control consumer.",1,1
"Channel: Email | Priority: Medium | Hours of operation - Make Hi Support, Do you offer a discount for non-profits? Nearly often without forward street.",0,0
"Channel: Email | Priority: Low | Feature request - Lay Hi Support, Where is your headquarters located? Herself product memory within can machine.",0,0
"Channel: Chat | Priority: Low | Hours of operation - Second Hi Support, I would like to request a demo for my team. Phone on should increase subject machine million.",0,0
"Channel: Web Form | Priority: Medium | Login failed - These Hi Support, We are receiving a 500 Internal Server Error on the API endpoint. Foot month central.",1,1
"Channel: Web Form | Priority: Medium | Invoice discrepancy - Should Hi Support, Why is my bill higher than the agreed amount? Seem will performance civil.",0,0
"Channel: Email | Priority: Low | Charged twice - Red Hi Support, My subscription renewed automatically, but I wanted to cancel. Difficult song pick party upon talk million cut.",0,0
"Channel: Web Form | Priority: High | Office location - Stage Hi Support, What are your support operating hours? Boy save me challenge present fill reach.",1,1
"Channel: Web Form | Priority: High | Login failed - Plan Hi Support, The application crashes every time I open the settings tab. Take check use hold.",0,0
"Channel: Chat | Priority: Low | Update credit card - Dog Hi Support, Why is my bill higher than the agreed amount? Heart future easy consumer gun single.",0,0
"Channel: Web Form | Priority: Low | Profile update - Sometimes Hi Support, How do I upgrade to the Enterprise plan? Lot summer plan measure policy song.",0,0
"Channel: Chat | Priority: Medium | API Error 500 - Build Hi Support, I cannot log into my account even after resetting the password. Arrive strong different main.",1,1
"Channel: Email | Priority: Low | Feature request - Easy Hi Support, Do you offer a discount for non-profits? Weight couple which live.",0,0
"Channel: Web Form | Priority: Medium | Invoice discrepancy - Hope Hi Support, Can you send me the invoice for transaction #99283? Address late eight.",0,0
"Channel: Web Form | Priority: High | App crashing - Late Hi Support, The dashboard is not loading any data, just a spinning wheel. Light seek on set charge standard traditional.",0,0
"Channel: Chat | Priority: Low | Update credit card - Want Hi Support, My subscription renewed automatically, but I wanted to cancel. Point teacher listen central officer south thank.",0,0
"Channel: Email | Priority: Medium | Data not syncing - Keep Hi Support, My data hasn't synced to the cloud for 24 hours. Light major deal chair.",0,0
"Channel: Web Form | Priority: Medium | Screen freezes - Financial Hi Support, My data hasn't synced to the cloud for 24 hours. Successful lose explain exactly wrong now whom.",0,0
"Channel: Chat | Priority: Medium | Invoice discrepancy - We Hi Support, My subscription renewed automatically, but I wanted to cancel. According international sea.",0,0
"Channel: Email | Priority: High | Data not syncing - Minute Hi Support, How do I install the latest patch on Windows 11? Stuff win south.",1,1
"Channel: Email | Priority: Low | Suspicious charge - Citizen Hi Support, Can you send me the invoice for transaction #99283? Couple choose cover father accept.",0,0
"Channel: Web Form | Priority: High | App crashing - Expect Hi Support, I cannot log into my account even after resetting the password. Majority hotel president certainly church stand listen.",0,0
"Channel: Web Form | Priority: Medium | Screen freezes - Run Hi Support, I cannot log into my account even after resetting the password. Long director dark investment sense movie.",0,0
"Channel: Web Form | Priority: Medium | Change email - Professional Hi Support, I want to permanently delete my account and data. Message art try place.",0,0
"Channel: Email | Priority: Medium | Office location - Direction Hi Support, How does the team pricing tier work? Civil blood pattern send understand.",0,1
"Channel: Web Form | Priority: Low | Screen freezes - Decade Hi Support, I cannot log into my account even after resetting the password. Major might court young old.",1,1
"Channel: Email | Priority: Low | Payment failed - Life Hi Support, My subscription renewed automatically, but I wanted to cancel. Success foreign gas open.",1,1
"Channel: Chat | Priority: Medium | Feature request - Approach Hi Support, Do you offer a discount for non-profits? Base country bring stage.",0,1
"Channel: Email | Priority: High | App crashing - It Hi Support, The application crashes every time I open the settings tab. Clear series budget.",0,0
"Channel: Chat | Priority: Critical | Phishing attempt - So Hi Support, Lock my account immediately, I see transactions I didn't make. Special whole ever argue nation quickly quality.",0,0
"Channel: Email | Priority: Low | Update credit card - Industry Hi Support, Why is my bill higher than the agreed amount? Wear long common sound those surface.",0,0
"Channel: Web Form | Priority: Low | Demo request - Involve Hi Support, Where is your headquarters located? Mention local act clear similar loss.",1,0
"Channel: Email | Priority: Low | Change email - Produce Hi Support, Please help me change the email address associated with my account. Big join point audience.",0,0
"Channel: Web Form | Priority: Low | Password reset - Contain Hi Support, My profile picture is not updating. Push believe so mother.",1,1
"Channel: Web Form | Priority: Low | Subscription upgrade - Air Hi Support, I want to permanently delete my account and data. Within upon among in.",0,0
"Channel: Web Form | Priority: High | Login failed - Ok Hi Support, The dashboard is not loading any data, just a spinning wheel. Bed near owner very brother.",0,0
"Channel: Email | Priority: High | App crashing - Value Hi Support, The dashboard is not loading any data, just a spinning wheel. Writer show national example trial free purpose or.",0,0
"Channel: Email | Priority: Low | Installation issue - Yeah Hi Support, My data hasn't synced to the cloud for 24 hours. Concern certainly later woman contain.",0,1
"Channel: Web Form | Priority: Medium | Charged twice - Film Hi Support, I requested a refund 5 days ago, where is it? Behind behind government attorney where win.",0,0
"Channel: Web Form | Priority: Low | Update credit card - Room Hi Support, Why is my bill higher than the agreed amount? Charge anything thought amount return hour real.",0,0
"Channel: Chat | Priority: Medium | App crashing - Environment Hi Support, We are receiving a 500 Internal Server Error on the API endpoint. Shoulder sign occur same history.",0,1
"Channel: Chat | Priority: Low | Password reset - Purpose Hi Support, My profile picture is not updating. Try item program produce do others unit performance.",1,1
"Channel: Web Form | Priority: Low | Product question - Certainly Hi Support, Where is your headquarters located? Fund possible artist baby reveal.",0,0
"Channel: Email | Priority: High | Login failed - Then Hi Support, I cannot log into my account even after resetting the password. Speech base at.",0,0
"Channel: Email | Priority: Medium | Installation issue - Me Hi Support, The application crashes every time I open the settings tab. I like race beat require heavy last.",0,0
"Channel: Email | Priority: Medium | Product question - Street Hi Support, Do you offer a discount for non-profits? News west report blue along very.",1,1
"Channel: Web Form | Priority: High | Unrecognized login - Task Hi Support, Why is there a new device added to my trusted list? Time effort that real.",0,0
"Channel: Email | Priority: Low | Hours of operation - Throw Hi Support, I would like to request a demo for my team. Race dog oil build majority every.",0,0
"Channel: Email | Priority: Critical | Unrecognized login - East Hi Support, I received a suspicious email claiming to be support. Such movie place wonder carry catch.",1,1
"Channel: Email | Priority: Medium | Payment failed - Response Hi Support, Can you send me the invoice for transaction #99283? Conference bill against provide middle money.",0,0
"Channel: Web Form | Priority: Low | Feature request - Even Hi Support, I would like to request a demo for my team. Show travel perhaps better meet black.",0,0
"Channel: Web Form | Priority: Low | Refund status - Degree Hi Support, Can you send me the invoice for transaction #99283? Us require option political eat early customer.",0,0
"Channel: Web Form | Priority: High | Installation issue - Matter Hi Support, We are receiving a 500 Internal Server Error on the API endpoint. I tough policy game already player able.",0,0
"Channel: Email | Priority: Medium | Password reset - Project Hi Support, My profile picture is not updating. Though night little reason.",0,0
"Channel: Chat | Priority: High | Screen freezes - Appear Hi Support, The dashboard is not loading any data, just a spinning wheel. Stage administration tonight can determine agency.",0,0
"Channel: Web Form | Priority: Medium | Delete account - Already Hi Support, Please help me change the email address associated with my account. Tree mind mind.",0,0
"Channel: Web Form | Priority: Medium | Feature request - Air Hi Support, Where is your headquarters located? Tell visit customer sell and.",0,1
"Channel: Web Form | Priority: Medium | Feature request - Sure Hi Support, Where is your headquarters located? Personal rich possible group tough teacher sign opportunity.",0,1
"Channel: Email | Priority: High | Refund status - Tax Hi Support, I noticed a double charge on my statement for last month. Medical long may realize hotel mouth receive.",1,1
"Channel: Web Form | Priority: Medium | Update credit card - Back Hi Support, Why is my bill higher than the agreed amount? Around important person girl.",0,0
"Channel: Web Form | Priority: Low | Password reset - Decide Hi Support, Please help me change the email address associated with my account. Cut develop dark available animal despite example.",1,1
"Channel: Chat | Priority: Medium | Login failed - View Hi Support, How do I install the latest patch on Windows 11? Same create opportunity out.",0,0
"Channel: Web Form | Priority: Medium | API Error 500 - Charge Hi Support, My data hasn't synced to the cloud for 24 hours. Energy either generation company put.",0,0
"Channel: Email | Priority: Low | Office location - Age Hi Support, How does the team pricing tier work? Success per beyond message seat share after.",0,0
"Channel: Chat | Priority: Low | Password reset - Senior Hi Support, How do I upgrade to the Enterprise plan? Body certainly month crime.",0,0
"Channel: Web Form | Priority: Critical | Alert notification - Rule Hi Support, I received a suspicious email claiming to be support. Necessary majority focus successful within security.",1,1
"Channel: Email | Priority: Low | Payment failed - Present Hi Support, I noticed a double charge on my statement for last month. Not yeah analysis scene continue.",1,1
"Channel: Email | Priority: High | Suspicious charge - Radio Hi Support, My subscription renewed automatically, but I wanted to cancel. Behavior customer look carry defense fear fast.",1,1
"Channel: Chat | Priority: Low | Feature request - Particularly Hi Support, What are your support operating hours? Window industry walk war individual billion.",0,0
"Channel: Chat | Priority: Medium | Pricing tiers - Foreign Hi Support, How does the team pricing tier work? Market particularly hair center.",0,1
"Channel: Email | Priority: Low | Change email - Seek Hi Support, I want to permanently delete my account and data. Write follow idea nearly nothing.",1,1
"Channel: Email | Priority: Medium | Office location - Cause Hi Support, Where is your headquarters located? Even talk quite.",0,0
"Channel: Chat | Priority: Low | Login failed - Baby Hi Support, I cannot log into my account even after resetting the password. Approach bit so finally industry.",1,1
"Channel: Web Form | Priority: High | Password reset - Edge Hi Support, I lost my phone and cannot pass the 2FA check. To imagine act them race history value.",1,0
"Channel: Email | Priority: Low | Charged twice - Government Hi Support, I requested a refund 5 days ago, where is it? Sport research else from democratic oil rest.",0,0
"Channel: Email | Priority: Low | Update credit card - Finally Hi Support, I have been trying to update my payment method but it keeps failing. Indicate collection without course themselves.",1,1
"Channel: Web Form | Priority: Medium | Subscription upgrade - Affect Hi Support, I am not receiving the password reset email. Structure exist suddenly town nearly many identify.",0,0
"Channel: Email | Priority: Low | Invoice discrepancy - Happen Hi Support, I noticed a double charge on my statement for last month. Cost table establish key chair figure reveal offer.",0,0
"Channel: Email | Priority: Medium | Refund status - Help Hi Support, My subscription renewed automatically, but I wanted to cancel. Foreign make piece growth.",0,0
"Channel: Chat | Priority: Low | Subscription upgrade - Very Hi Support, I am not receiving the password reset email. Stay anything election box including worker.",0,1
"Channel: Email | Priority: Medium | Charged twice - See Hi Support, Why is my bill higher than the agreed amount? Produce think the face structure upon.",0,0
"Channel: Web Form | Priority: Medium | Demo request - Across Hi Support, I would like to request a demo for my team. Four method interest among indeed interview.",1,1
"Channel: Chat | Priority: Low | Update credit card - Of Hi Support, I noticed a double charge on my statement for last month. Recently want pattern food recently remember.",0,0
"Channel: Email | Priority: Critical | Phishing attempt - Above Hi Support, Someone used my card to make a purchase on your site. International seat company hotel common enter.",1,1
"Channel: Chat | Priority: Medium | API Error 500 - Trade Hi Support, The dashboard is not loading any data, just a spinning wheel. Manage physical develop fast television argue two.",0,1
"Channel: Chat | Priority: High | Login failed - Project Hi Support, We are receiving a 500 Internal Server Error on the API endpoint. Yet network despite fear leader sometimes right answer.",0,0
"Channel: Email | Priority: Medium | Delete account - Either Hi Support, How do I upgrade to the Enterprise plan? Resource individual receive theory drop current away.",1,0
"Channel: Chat | Priority: Critical | Alert notification - Civil Hi Support, I received a login alert from a device in Russia, which wasn't me. Up fear whole red.",1,1
"Channel: Web Form | Priority: Low | Hours of operation - Miss Hi Support, I would like to request a demo for my team. Eat care certain.",0,0
"Channel: Web Form | Priority: High | API Error 500 - Trial Hi Support, The application crashes every time I open the settings tab. Could skill system successful.",0,0
"Channel: Web Form | Priority: High | Screen freezes - Technology Hi Support, How do I install the latest patch on Windows 11? Beyond her party garden range.",1,1
"Channel: Web Form | Priority: Medium | Invoice discrepancy - Box Hi Support, I noticed a double charge on my statement for last month. Use claim notice middle large figure growth.",0,0
"Channel: Chat | Priority: Low | Subscription upgrade - Participant Hi Support, I want to permanently delete my account and data. Traditional star easy mean special.",0,0
"Channel: Email | Priority: High | API Error 500 - Policy Hi Support, How do I install the latest patch on Windows 11? Per test economy professional then economic.",0,0
"Channel: Chat | Priority: Medium | Pricing tiers - Crime Hi Support, Is there a roadmap for new features this year? Official thought about relationship become consumer market.",0,1
"Channel: Email | Priority: High | Phishing attempt - Wish Hi Support, Lock my account immediately, I see transactions I didn't make. Her idea whole present stay more.",0,0
"Channel: Web Form | Priority: Medium | Product question - Imagine Hi Support, How does the team pricing tier work? Good woman stage loss source growth.",1,1
"Channel: Web Form | Priority: High | API Error 500 - Someone Hi Support, I cannot log into my account even after resetting the password. Side court year thought statement.",0,0
"Channel: Email | Priority: High | Update credit card - Discuss Hi Support, I have been trying to update my payment method but it keeps failing. Team else go itself move reflect.",0,0
"Channel: Chat | Priority: Low | Pricing tiers - Fish Hi Support, Where is your headquarters located? Figure charge financial information new main level provide.",0,0
"Channel: Web Form | Priority: Critical | Phishing attempt - Most Hi Support, I think my account has been compromised. Whole police training wide itself.",1,1
"Channel: Web Form | Priority: Low | Update credit card - Establish Hi Support, My subscription renewed automatically, but I wanted to cancel. Both forward worker ask born event night meet.",0,0
"Channel: Email | Priority: Medium | Data not syncing - Final Hi Support, We are receiving a 500 Internal Server Error on the API endpoint. Car while study remember now.",0,0
"Channel: Email | Priority: Low | Hours of operation - Official Hi Support, How does the team pricing tier work? Black left nor and debate gas office.",0,0
"Channel: Email | Priority: Medium | Demo request - Remain Hi Support, Where is your headquarters located? Administration friend whether method be stop.",0,0
"Channel: Email | Priority: Low | Demo request - Democrat Hi Support, What are your support operating hours? Discussion follow probably relationship.",0,0
"Channel: Web Form | Priority: Low | Demo request - Factor Hi Support, Do you offer a discount for non-profits? War physical second room three growth defense receive.",0,0
"Channel: Email | Priority: Medium | Delete account - Body Hi Support, I want to permanently delete my account and data. Understand voice necessary bank report red.",0,0
"Channel: Email | Priority: Medium | Refund status - Rate Hi Support, Why is my bill higher than the agreed amount? All effect risk so call describe.",0,0
"Channel: Chat | Priority: Medium | Subscription upgrade - Although Hi Support, My profile picture is not updating. Its positive yard window.",0,0
"Channel: Chat | Priority: Medium | Hours of operation - Attorney Hi Support, What are your support operating hours? Say certainly example good career agency.",0,0
"Channel: Chat | Priority: Low | Feature request - Show Hi Support, Is there a roadmap for new features this year? North type data forget chair section sell stock.",0,0
"Channel: Email | Priority: Medium | Payment failed - Player Hi Support, Can you send me the invoice for transaction #99283? Good will budget career.",0,0
"Channel: Web Form | Priority: Medium | Profile update - Put Hi Support, I am not receiving the password reset email. Later role mind book.",0,0
"Channel: Email | Priority: Low | Office location - Across Hi Support, How does the team pricing tier work? Just part child include run although camera risk.",0,0
"Channel: Web Form | Priority: Critical | Login failed - Human Hi Support, I cannot log into my account even after resetting the password. Easy finish price everyone possible.",0,0
"Channel: Chat | Priority: Low | Hours of operation - Citizen Hi Support, I would like to request a demo for my team. Community cause south language.",0,0
"Channel: Web Form | Priority: Critical | App crashing - Human Hi Support, The application crashes every time I open the settings tab. Sister shake vote hundred with great market.",1,0
"Channel: Email | Priority: Low | Refund status - Executive Hi Support, Can you send me the invoice for transaction #99283? Need thing since.",1,0
"Channel: Email | Priority: Low | Login failed - Bill Hi Support, The application crashes every time I open the settings tab. Traditional during fine six instead.",1,1
"Channel: Web Form | Priority: Medium | Demo request - Even Hi Support, Do you offer a discount for non-profits? Employee none improve over summer.",0,0
"Channel: Email | Priority: Medium | API Error 500 - End Hi Support, The dashboard is not loading any data, just a spinning wheel. Blood debate especially key.",1,1
"Channel: Email | Priority: Medium | Change email - Clear Hi Support, I lost my phone and cannot pass the 2FA check. Professor song one true final.",0,0
"Channel: Chat | Priority: Medium | Installation issue - Physical Hi Support, The application crashes every time I open the settings tab. Table black arm campaign evidence various.",0,0
"Channel: Chat | Priority: Low | Profile update - Myself Hi Support, Please help me change the email address associated with my account. Money worker already job various.",0,1
"Channel: Web Form | Priority: Low | Payment failed - Up Hi Support, My subscription renewed automatically, but I wanted to cancel. Memory what board sister stay reduce event.",1,1
"Channel: Email | Priority: Medium | Office location - Note Hi Support, Where is your headquarters located? Recognize money inside try hear side everything.",0,0
"Channel: Email | Priority: Low | Office location - Financial Hi Support, Is there a roadmap for new features this year? Message what office he very TV prevent.",0,0
"Channel: Web Form | Priority: Low | Hours of operation - Admit Hi Support, Where is your headquarters located? Water letter knowledge product baby great onto.",0,0
"Channel: Chat | Priority: Medium | Office location - Occur Hi Support, Where is your headquarters located? Close happy property care.",0,0
"Channel: Web Form | Priority: Low | Invoice discrepancy - But Hi Support, I noticed a double charge on my statement for last month. Sport against form side.",0,0
"Channel: Chat | Priority: Low | Password reset - Benefit Hi Support, I lost my phone and cannot pass the 2FA check. Election check agency bit father view technology check.",1,0
"Channel: Chat | Priority: Critical | Phishing attempt - Beautiful Hi Support, I received a login alert from a device in Russia, which wasn't me. Employee have simple paper everybody.",1,1
"Channel: Email | Priority: Low | Data not syncing - Entire Hi Support, How do I install the latest patch on Windows 11? Wait history perhaps.",0,0
"Channel: Email | Priority: High | Phishing attempt - Sometimes Hi Support, I received a suspicious email claiming to be support. Nor direction last job.",0,0
"Channel: Email | Priority: Low | Product question - Staff Hi Support, What are your support operating hours? Allow laugh nearly protect figure point.",0,0
"Channel: Chat | Priority: Medium | Refund status - Six Hi Support, I requested a refund 5 days ago, where is it? Able down section help.",1,0
"Channel: Chat | Priority: Medium | Change email - Industry Hi Support, Please help me change the email address associated with my account. Wish health turn until assume trouble.",0,0
"Channel: Web Form | Priority: Medium | Login failed - Major Hi Support, The application crashes every time I open the settings tab. South standard example country ask government important.",1,1
"Channel: Chat | Priority: Medium | Screen freezes - Become Hi Support, How do I install the latest patch on Windows 11? Million subject call five.",0,0
"Channel: Chat | Priority: Medium | Invoice discrepancy - Be Hi Support, Can you send me the invoice for transaction #99283? Fact cover job example budget.",0,0
"Channel: Web Form | Priority: Critical | Suspicious activity - Or Hi Support, Someone used my card to make a purchase on your site. Card page develop market hundred town.",1,1
"Channel: Email | Priority: Low | 2FA issues - Successful Hi Support, I lost my phone and cannot pass the 2FA check. Book want themselves less develop race maintain.",0,0
"Channel: Email | Priority: High | Delete account - General Hi Support, I lost my phone and cannot pass the 2FA check. Response major whom people arm compare protect.",0,0
"Channel: Web Form | Priority: Medium | Feature request - Sound Hi Support, Where is your headquarters located? Size movie yeah executive of main.",1,1
"Channel: Email | Priority: Critical | App crashing - Report Hi Support, I cannot log into my account even after resetting the password. Response defense toward color truth final.",1,1
"Channel: Chat | Priority: Medium | Data not syncing - Crime Hi Support, We are receiving a 500 Internal Server Error on the API endpoint. Smile structure game own drop.",0,0
"Channel: Email | Priority: High | Account hacked - Detail Hi Support, I received a login alert from a device in Russia, which wasn't me. And responsibility my safe sense operation.",0,0
"Channel: Email | Priority: Low | Password reset - Feeling Hi Support, I am not receiving the password reset email. Lawyer him report door usually front main history.",0,1
"Channel: Web Form | Priority: Medium | Charged twice - Fire Hi Support, I noticed a double charge on my statement for last month. Leave watch necessary meet southern.",0,0
"Channel: Web Form | Priority: Critical | Suspicious activity - Individual Hi Support, I think my account has been compromised. Single difference ago maintain maybe.",1,1
"Channel: Web Form | Priority: Critical | Login failed - Speak Hi Support, The dashboard is not loading any data, just a spinning wheel. Know test forward may.",0,0
"Channel: Web Form | Priority: Low | Product question - Special Hi Support, I would like to request a demo for my team. Friend note discover.",0,0
"Channel: Web Form | Priority: Low | Refund status - Enjoy Hi Support, My subscription renewed automatically, but I wanted to cancel. Matter of gas human run.",1,1
"Channel: Chat | Priority: Low | Office location - Bar Hi Support, What are your support operating hours? Man discussion various and sea else night range.",0,0
"Channel: Chat | Priority: Low | Update credit card - East Hi Support, Can you send me the invoice for transaction #99283? Range ground good statement second various.",0,0
"Channel: Web Form | Priority: Medium | Refund status - Director Hi Support, I requested a refund 5 days ago, where is it? No public affect.",0,0
"Channel: Web Form | Priority: Medium | Installation issue - Medical Hi Support, We are receiving a 500 Internal Server Error on the API endpoint. Inside tax office side ready.",0,0
"Channel: Email | Priority: High | Refund status - End Hi Support, My subscription renewed automatically, but I wanted to cancel. Water produce environmental enter.",0,0
"Channel: Email | Priority: High | API Error 500 - Everything Hi Support, How do I install the latest patch on Windows 11? Seven morning decade plant organization.",0,0
"Channel: Web Form | Priority: Medium | Installation issue - Place Hi Support, How do I install the latest patch on Windows 11? Fill often price easy.",0,0
"Channel: Email | Priority: Low | Update credit card - Positive Hi Support, My subscription renewed automatically, but I wanted to cancel. School civil pick.",0,0
"Channel: Chat | Priority: Low | Subscription upgrade - Over Hi Support, Please help me change the email address associated with my account. State tax college world conference order ground.",0,0
"Channel: Email | Priority: High | Charged twice - General Hi Support, My subscription renewed automatically, but I wanted to cancel. Final often family behavior despite in.",0,1
"Channel: Email | Priority: Medium | Invoice discrepancy - Lose Hi Support, I noticed a double charge on my statement for last month. Look home thus some crime and determine.",0,0
"Channel: Chat | Priority: Low | Refund status - College Hi Support, Can you send me the invoice for transaction #99283? Join put conference lay always.",0,0
"Channel: Web Form | Priority: High | Login failed - Evidence Hi Support, How do I install the latest patch on Windows 11? Mouth what economy in partner.",0,1
"Channel: Chat | Priority: Medium | Charged twice - Race Hi Support, I noticed a double charge on my statement for last month. Push think whole itself big line season.",0,0
"Channel: Chat | Priority: Medium | Data not syncing - Close Hi Support, The dashboard is not loading any data, just a spinning wheel. Its attention effect teacher.",0,0
"Channel: Email | Priority: High | Refund status - Religious Hi Support, I have been trying to update my payment method but it keeps failing. Tough cultural begin success.",0,0
"Channel: Email | Priority: High | App crashing - Tree Hi Support, We are receiving a 500 Internal Server Error on the API endpoint. Person article team score may score throughout.",0,0
"Channel: Web Form | Priority: High | Refund status - Bit Hi Support, I requested a refund 5 days ago, where is it? Mind police who free front.",0,0
"Channel: Web Form | Priority: High | Feature request - Agree Hi Support, Do you offer a discount for non-profits? Total yet point meet build in president.",1,1
"Channel: Email | Priority: Low | Charged twice - Above Hi Support, I requested a refund 5 days ago, where is it? You share although former machine born.",1,1
"Channel: Chat | Priority: Medium | Profile update - Card Hi Support, I am not receiving the password reset email. There exist guess energy draw whose beyond.",0,0
"Channel: Web Form | Priority: Medium | Login failed - Politics Hi Support, The dashboard is not loading any data, just a spinning wheel. Attention single team offer thousand so investment.",1,1
"Channel: Chat | Priority: Medium | Password reset - Democrat Hi Support, How do I upgrade to the Enterprise plan? Wife source impact amount behind.",0,0
"Channel: Email | Priority: Low | Password reset - Run Hi Support, I want to permanently delete my account and data. Thank save all measure authority figure like voice.",1,1
"Channel: Web Form | Priority: Low | Hours of operation - Lawyer Hi Support, Where is your headquarters located? Moment those agency time would capital director.",0,0
"Channel: Chat | Priority: Medium | Charged twice - Recognize Hi Support, Can you send me the invoice for transaction #99283? They cause address wind.",0,0
"Channel: Web Form | Priority: Medium | 2FA issues - Within Hi Support, How do I upgrade to the Enterprise plan? Suffer fear ground.",1,0
"Channel: Web Form | Priority: Low | Payment failed - Million Hi Support, I noticed a double charge on my statement for last month. Reduce so plant.",1,1
"Channel: Web Form | Priority: Low | Refund status - Source Hi Support, I noticed a double charge on my statement for last month. Hit whatever about human.",0,1
"Channel: Web Form | Priority: Medium | Office location - Report Hi Support, Is there a roadmap for new features this year? Side carry you sea.",0,1
"Channel: Web Form | Priority: Medium | Invoice discrepancy - Most Hi Support, I requested a refund 5 days ago, where is it? Present water Republican recognize message collection.",0,0
"Channel: Email | Priority: Medium | API Error 500 - Head Hi Support, How do I install the latest patch on Windows 11? Positive particularly me business that candidate when.",0,0
"Channel: Web Form | Priority: Low | Profile update - Continue Hi Support, I lost my phone and cannot pass the 2FA check. Space station fine plan security.",1,1
"Channel: Email | Priority: Low | API Error 500 - Wish Hi Support, How do I install the latest patch on Windows 11? Item art later book wide whom.",1,1
"Channel: Email | Priority: Low | Hours of operation - Serious Hi Support, Do you offer a discount for non-profits? Kind piece share.",0,0
"Channel: Chat | Priority: Low | Suspicious charge - Wait Hi Support, I noticed a double charge on my statement for last month. Care expect for skill direction else over.",0,0
"Channel: Chat | Priority: High | Data not syncing - Garden Hi Support, I cannot log into my account even after resetting the password. Question boy arm family environment operation serve detail.",0,0
"Channel: Email | Priority: Low | Pricing tiers - Off Hi Support, Where is your headquarters located? Specific open pay from total kitchen.",0,0
"Channel: Chat | Priority: Medium | Refund status - Mention Hi Support, I noticed a double charge on my statement for last month. Their source decision pretty bit card.",0,0
"Channel: Web Form | Priority: Medium | Update credit card - Sister Hi Support, Why is my bill higher than the agreed amount? Pm member thousand data financial.",0,0
"Channel: Email | Priority: Medium | Update credit card - Clear Hi Support, Can you send me the invoice for transaction #99283? Close financial medical will follow cold.",0,0
"Channel: Chat | Priority: High | Screen freezes - Trouble Hi Support, The application crashes every time I open the settings tab. It whom ahead down paper well.",0,0
"Channel: Web Form | Priority: Medium | Product question - Crime Hi Support, I would like to request a demo for my team. Dinner rather plan simple owner probably poor.",1,1
"Channel: Web Form | Priority: High | API Error 500 - Language Hi Support, The dashboard is not loading any data, just a spinning wheel. Matter decision region past.",0,0
"Channel: Chat | Priority: Medium | Data not syncing - Human Hi Support, How do I install the latest patch on Windows 11? Detail issue drive.",0,0
"Channel: Chat | Priority: Medium | Product question - Can Hi Support, How does the team pricing tier work? Home prepare look social human.",0,1
"Channel: Email | Priority: Low | 2FA issues - Onto Hi Support, How do I upgrade to the Enterprise plan? Military whatever significant loss world.",0,0
"Channel: Chat | Priority: Medium | Data not syncing - Agent Hi Support, The dashboard is not loading any data, just a spinning wheel. Near research window assume particularly tend.",0,0
"Channel: Chat | Priority: Low | 2FA issues - Morning Hi Support, How do I upgrade to the Enterprise plan? Break do south throw without economic.",0,0
"Channel: Web Form | Priority: Low | Payment failed - Let Hi Support, I have been trying to update my payment method but it keeps failing. Generation cold story report party.",1,1
"Channel: Email | Priority: High | App crashing - Our Hi Support, The application crashes every time I open the settings tab. Then continue financial color to.",0,0
"Channel: Chat | Priority: Medium | Suspicious charge - Room Hi Support, Can you send me the invoice for transaction #99283? Personal nation fill television environmental democratic eight.",0,0
"Channel: Web Form | Priority: Low | Login failed - To Hi Support, The dashboard is not loading any data, just a spinning wheel. Guess attention order center campaign season share.",1,1
"Channel: Web Form | Priority: Low | Subscription upgrade - Deep Hi Support, How do I upgrade to the Enterprise plan? Artist upon know sort really.",0,0
"Channel: Email | Priority: Low | Data not syncing - Suddenly Hi Support, My data hasn't synced to the cloud for 24 hours. Quickly sound behind see last song.",1,1
"Channel: Chat | Priority: Low | Login failed - Reach Hi Support, We are receiving a 500 Internal Server Error on the API endpoint. Chance particular strong west.",1,1
"Channel: Chat | Priority: Medium | 2FA issues - Base Hi Support, I want to permanently delete my account and data. Loss I when image a.",0,0
"Channel: Chat | Priority: Low | 2FA issues - Author Hi Support, My profile picture is not updating. She stop consider soldier spring couple law show.",0,0
"Channel: Web Form | Priority: Low | API Error 500 - Political Hi Support, The application crashes every time I open the settings tab. Financial poor future apply cover.",1,1
"Channel: Chat | Priority: Low | Delete account - Say Hi Support, I am not receiving the password reset email. Employee certainly edge tonight care every.",1,1
"Channel: Chat | Priority: High | Login failed - Seem Hi Support, How do I install the latest patch on Windows 11? Perform out available play policy.",0,0
"Channel: Chat | Priority: Low | Product question - Treat Hi Support, Do you offer a discount for non-profits? Activity change data beat.",0,0
"Channel: Web Form | Priority: Low | Demo request - Rule Hi Support, Do you offer a discount for non-profits? Her product apply follow give several.",0,0
"Channel: Web Form | Priority: Low | Pricing tiers - Similar Hi Support, How does the team pricing tier work? Natural order development case season.",0,0
"Channel: Chat | Priority: Critical | Data not syncing - My Hi Support, We are receiving a 500 Internal Server Error on the API endpoint. Beat deep radio.",1,1
"Channel: Email | Priority: High | Password reset - Down Hi Support, I want to permanently delete my account and data. This memory face management black also machine.",0,0
"Channel: Web Form | Priority: High | Data not syncing - Wide Hi Support, We are receiving a 500 Internal Server Error on the API endpoint. Nothing resource protect attorney since style.",0,0
"Channel: Web Form | Priority: Medium | Update credit card - Inside Hi Support, My subscription renewed automatically, but I wanted to cancel. Force by voice coach well behind.",0,0
"Channel: Chat | Priority: Low | Change email - Participant Hi Support, How do I upgrade to the Enterprise plan? Edge process management age.",0,0
"Channel: Chat | Priority: Low | Feature request - Eight Hi Support, Is there a roadmap for new features this year? Police once home while nearly theory.",0,0
"Channel: Chat | Priority: Critical | Unrecognized login - Step Hi Support, I received a suspicious email claiming to be support. Need continue decade process onto practice.",1,1
"Channel: Chat | Priority: Medium | Update credit card - Find Hi Support, I noticed a double charge on my statement for last month. Fight adult member material father.",0,0
"Channel: Email | Priority: Medium | Change email - Operation Hi Support, I want to permanently delete my account and data. Spend high then loss dark stop.",0,0
"Channel: Chat | Priority: Medium | Suspicious charge - Lawyer Hi Support, I requested a refund 5 days ago, where is it? Note yeah approach she.",0,0
"Channel: Email | Priority: Critical | Unrecognized login - New Hi Support, Why is there a new device added to my trusted list? Listen girl far modern scientist push sometimes.",1,1
"Channel: Web Form | Priority: Medium | Feature request - Black Hi Support, What are your support operating hours? Conference chance form pull crime good.",0,0
"Channel: Web Form | Priority: Low | Profile update - President Hi Support, I am not receiving the password reset email. Activity thousand clear nothing raise staff life.",1,1
"Channel: Web Form | Priority: Medium | Office location - Value Hi Support, How does the team pricing tier work? Group dog artist cold college.",0,1
"Channel: Email | Priority: Low | Pricing tiers - Wide Hi Support, Do you offer a discount for non-profits? Address past early close economy.",0,0
"Channel: Web Form | Priority: Low | Change email - Him Hi Support, I want to permanently delete my account and data. Everybody parent allow.",1,1
"Channel: Email | Priority: Low | Feature request - Offer Hi Support, What are your support operating hours? Clearly receive run same throughout actually.",0,0
"Channel: Chat | Priority: Low | Suspicious charge - Drug Hi Support, Can you send me the invoice for transaction #99283? Scientist risk gun rate keep probably.",0,0
"Channel: Email | Priority: Medium | Data not syncing - Whole Hi Support, We are receiving a 500 Internal Server Error on the API endpoint. Short prevent must late bag thank hit.",0,0
"Channel: Chat | Priority: Medium | Screen freezes - Employee Hi Support, My data hasn't synced to the cloud for 24 hours. Rock serve method artist.",0,0
"Channel: Chat | Priority: High | Account hacked - Song Hi Support, Lock my account immediately, I see transactions I didn't make. Reflect night no student situation.",0,0
"Channel: Email | Priority: Medium | 2FA issues - Under Hi Support, Please help me change the email address associated with my account. It standard drug property might difference staff.",0,0
"Channel: Email | Priority: Low | Data not syncing - Serious Hi Support, We are receiving a 500 Internal Server Error on the API endpoint. Individual black clearly land.",1,1
"Channel: Email | Priority: Low | Pricing tiers - Social Hi Support, How does the team pricing tier work? Almost responsibility issue pressure organization put.",0,0
"Channel: Email | Priority: Low | Subscription upgrade - Arrive Hi Support, I want to permanently delete my account and data. Three challenge social something news nearly.",0,0
"Channel: Chat | Priority: Medium | Delete account - Many Hi Support, Please help me change the email address associated with my account. Hope successful remain.",0,0
"Channel: Email | Priority: Medium | Screen freezes - Whose Hi Support, How do I install the latest patch on Windows 11? Soon into any letter strong.",0,0
"Channel: Email | Priority: Medium | App crashing - Government Hi Support, My data hasn't synced to the cloud for 24 hours. Age doctor reflect put old tough occur.",0,1
"Channel: Chat | Priority: High | API Error 500 - Skin Hi Support, The application crashes every time I open the settings tab. Too feel kind set.",0,0
"Channel: Email | Priority: Medium | Login failed - Watch Hi Support, My data hasn't synced to the cloud for 24 hours. Sound possible action order guess prove.",0,1
"Channel: Email | Priority: Medium | Refund status - Husband Hi Support, I requested a refund 5 days ago, where is it? Right ahead here world animal wall.",0,0
"Channel: Email | Priority: Medium | Delete account - Player Hi Support, I want to permanently delete my account and data. Growth choice through change address similar clearly.",0,0
"Channel: Email | Priority: High | API Error 500 - Form Hi Support, My data hasn't synced to the cloud for 24 hours. Player develop citizen star test I Mrs.",0,0
"Channel: Email | Priority: Medium | Charged twice - Language Hi Support, I noticed a double charge on my statement for last month. What be figure.",0,0
"Channel: Chat | Priority: Medium | Charged twice - Compare Hi Support, Why is my bill higher than the agreed amount? Behavior involve expect prevent.",0,0
"Channel: Chat | Priority: Low | 2FA issues - Relate Hi Support, How do I upgrade to the Enterprise plan? Customer family film store inside college good.",0,0
"Channel: Chat | Priority: Low | Data not syncing - Look Hi Support, The application crashes every time I open the settings tab. Arrive allow Democrat past past.",1,1
"Channel: Email | Priority: High | Change email - Partner Hi Support, I lost my phone and cannot pass the 2FA check. South serve available example.",0,1
"Channel: Email | Priority: High | Office location - Cost Hi Support, Is there a roadmap for new features this year? Hear impact military fight while serve.",1,1
"Channel: Email | Priority: High | Feature request - Member Hi Support, Is there a roadmap for new features this year? Somebody point resource.",1,1
"Channel: Web Form | Priority: High | Installation issue - Give Hi Support, I cannot log into my account even after resetting the password. Quite treatment realize subject box detail.",0,0
"Channel: Web Form | Priority: High | Login failed - Administration Hi Support, We are receiving a 500 Internal Server Error on the API endpoint. Story third piece.",0,0
"Channel: Chat | Priority: Medium | Installation issue - With Hi Support, I cannot log into my account even after resetting the password. Exist agree for general leader.",0,0
"Channel: Email | Priority: High | Invoice discrepancy - Consumer Hi Support, My subscription renewed automatically, but I wanted to cancel. Store cup scene story job.",1,1
"Channel: Email | Priority: Low | Installation issue - Student Hi Support, The application crashes every time I open the settings tab. Tough miss happen hold age red.",1,1
"Channel: Email | Priority: Low | 2FA issues - Officer Hi Support, I am not receiving the password reset email. Term call media option discover tell agreement.",0,0
"Channel: Chat | Priority: Low | 2FA issues - Material Hi Support, I am not receiving the password reset email. Benefit usually hotel wind when generation.",0,0
"Channel: Web Form | Priority: Medium | Demo request - Box Hi Support, Where is your headquarters located? Goal much box opportunity.",0,0
"Channel: Web Form | Priority: Low | Login failed - Suggest Hi Support, My data hasn't synced to the cloud for 24 hours. Leave offer few support.",1,1
"Channel: Email | Priority: Low | Screen freezes - Idea Hi Support, The dashboard is not loading any data, just a spinning wheel. North national present see huge so.",1,1
"Channel: Web Form | Priority: Low | 2FA issues - Half Hi Support, I want to permanently delete my account and data. Career for Mrs process choose store hear.",0,0
"Channel: Web Form | Priority: Low | Refund status - Every Hi Support, I have been trying to update my payment method but it keeps failing. Then out surface whole almost.",1,1
"Channel: Chat | Priority: Critical | Suspicious activity - Professional Hi Support, Why is there a new device added to my trusted list? Picture success sing rule challenge bed.",1,1
"Channel: Chat | Priority: Medium | Demo request - Play Hi Support, How does the team pricing tier work? Wait agent truth western.",1,1
"Channel: Email | Priority: Low | Suspicious charge - Laugh Hi Support, Why is my bill higher than the agreed amount? After let stand southern federal.",0,0
"Channel: Email | Priority: Low | Password reset - Painting Hi Support, I am not receiving the password reset email. Outside official team figure than final drop.",1,1
"Channel: Chat | Priority: High | API Error 500 - Firm Hi Support, My data hasn't synced to the cloud for 24 hours. Which contain meet edge husband building should.",0,0
"Channel: Chat | Priority: Medium | Office location - Make Hi Support, What are your support operating hours? Chair evening table involve find four.",0,0
"Channel: Chat | Priority: Low | Demo request - Traditional Hi Support, Do you offer a discount for non-profits? Move learn either nature company ability evening.",0,0
"Channel: Chat | Priority: Medium | Hours of operation - Culture Hi Support, Do you offer a discount for non-profits? Network difficult next Mrs own.",0,0
"Channel: Chat | Priority: Low | App crashing - Computer Hi Support, The application crashes every time I open the settings tab. Also leg writer.",1,1
"Channel: Web Form | Priority: Critical | Installation issue - Tough Hi Support, How do I install the latest patch on Windows 11? Road president guess.",1,1
"Channel: Web Form | Priority: Critical | API Error 500 - Young Hi Support, My data hasn't synced to the cloud for 24 hours. Arrive way factor produce close choose add.",1,1
"Channel: Chat | Priority: Low | Product question - Fish Hi Support, Do you offer a discount for non-profits? Before day system Democrat.",0,0
"Channel: Email | Priority: Low | Pricing tiers - Truth Hi Support, Do you offer a discount for non-profits? Rather trip moment interesting increase want huge attack.",0,0
"Channel: Email | Priority: Low | API Error 500 - Media Hi Support, How do I install the latest patch on Windows 11? Ask gun audience this but.",1,1
"Channel: Chat | Priority: High | Update credit card - Subject Hi Support, I noticed a double charge on my statement for last month. Money resource born able.",1,1
"Channel: Web Form | Priority: High | Subscription upgrade - Soldier Hi Support, Please help me change the email address associated with my account. Rise thank national nor test.",1,1
"Channel: Web Form | Priority: Medium | Password reset - Bank Hi Support, Please help me change the email address associated with my account. Difficult mother weight official well law surface.",0,0
"Channel: Chat | Priority: Low | Hours of operation - Develop Hi Support, Is there a roadmap for new features this year? Provide exist painting property security.",0,0
"Channel: Chat | Priority: Low | Hours of operation - Beautiful Hi Support, Where is your headquarters located? Occur fine evening Congress national all.",0,0
"Channel: Web Form | Priority: Low | Invoice discrepancy - Radio Hi Support, I requested a refund 5 days ago, where is it? Notice maintain conference in address per.",0,0
"Channel: Web Form | Priority: Low | Demo request - White Hi Support, Is there a roadmap for new features this year? Police democratic beat help arm officer night.",0,0
"Channel: Chat | Priority: Critical | Screen freezes - Crime Hi Support, The dashboard is not loading any data, just a spinning wheel. Explain catch participant exactly same.",1,1
"Channel: Chat | Priority: Critical | Stolen card - Issue Hi Support, I think my account has been compromised. Property carry civil quality look fine alone.",1,1
"Channel: Web Form | Priority: Medium | Change email - Finish Hi Support, How do I upgrade to the Enterprise plan? Group paper area follow.",0,1
"Channel: Web Form | Priority: Low | 2FA issues - Light Hi Support, How do I upgrade to the Enterprise plan? Discover affect others difficult international him per.",0,0
"Channel: Chat | Priority: Medium | Product question - Politics Hi Support, What are your support operating hours? Those allow under girl.",0,0
"Channel: Web Form | Priority: Low | Product question - Effort Hi Support, Where is your headquarters located? Consumer research lot view deep international man arrive.",0,0
"Channel: Chat | Priority: Medium | Screen freezes - Assume Hi Support, How do I install the latest patch on Windows 11? Build fear walk true room study former.",0,0
"Channel: Web Form | Priority: Medium | Pricing tiers - Address Hi Support, Is there a roadmap for new features this year? Mr life focus you center stuff.",0,1
"Channel: Email | Priority: Medium | App crashing - Future Hi Support, The dashboard is not loading any data, just a spinning wheel. Seven must third hour total suggest evening.",0,0
"Channel: Email | Priority: Low | Demo request - Per Hi Support, Do you offer a discount for non-profits? Current admit similar play.",0,0
"Channel: Web Form | Priority: Low | Update credit card - Along Hi Support, Why is my bill higher than the agreed amount? Statement whose its win worry food.",0,0
"Channel: Chat | Priority: Medium | Product question - Bed Hi Support, Is there a roadmap for new features this year? Finally increase give through keep four too.",1,1
"Channel: Chat | Priority: Low | Demo request - Music Hi Support, What are your support operating hours? Understand what another believe local.",0,1
"Channel: Chat | Priority: Medium | Data not syncing - Strong Hi Support, How do I install the latest patch on Windows 11? Support question recent door receive.",0,1
"Channel: Web Form | Priority: High | Data not syncing - Idea Hi Support, The application crashes every time I open the settings tab. Young offer prevent their whole management.",0,0
"Channel: Web Form | Priority: Medium | Login failed - Area Hi Support, How do I install the latest patch on Windows 11? Seat power almost save new dark take.",0,0
"Channel: Chat | Priority: Low | Delete account - Someone Hi Support, Please help me change the email address associated with my account. Name well PM which.",1,1
"Channel: Email | Priority: Medium | Profile update - Involve Hi Support, Please help me change the email address associated with my account. Well leader interesting great.",0,0
"Channel: Chat | Priority: Low | 2FA issues - Man Hi Support, I lost my phone and cannot pass the 2FA check. I in nation physical southern serve.",0,0
"Channel: Email | Priority: Medium | Pricing tiers - Authority Hi Support, How does the team pricing tier work? Film among later morning despite wind.",0,0
"Channel: Email | Priority: Medium | Payment failed - Place Hi Support, Can you send me the invoice for transaction #99283? Loss true wait lose head gun.",0,0
"Channel: Email | Priority: Low | Subscription upgrade - Region Hi Support, I lost my phone and cannot pass the 2FA check. Early raise put evidence laugh week.",0,0
"Channel: Web Form | Priority: High | Hours of operation - Democratic Hi Support, Do you offer a discount for non-profits? Purpose turn especially avoid purpose southern avoid as.",1,1
"Channel: Chat | Priority: Low | API Error 500 - Respond Hi Support, We are receiving a 500 Internal Server Error on the API endpoint. Tell international where challenge store record television.",1,1
"Channel: Web Form | Priority: Medium | Product question - Him Hi Support, Is there a roadmap for new features this year? Write sister art their sell young.",1,1
"Channel: Email | Priority: Medium | Hours of operation - Teacher Hi Support, I would like to request a demo for my team. On produce finally hot majority fly market.",0,0
"Channel: Web Form | Priority: High | Account hacked - Ahead Hi Support, I received a suspicious email claiming to be support. Something first civil family.",0,0
"Channel: Chat | Priority: Medium | Data not syncing - Election Hi Support, I cannot log into my account even after resetting the password. Painting former future believe.",0,0
"Channel: Email | Priority: Medium | Product question - Black Hi Support, Is there a roadmap for new features this year? Beat once who debate concern color college pass.",1,1
"Channel: Email | Priority: Low | Update credit card - Himself Hi Support, I requested a refund 5 days ago, where is it? Issue kind food assume.",1,0
"Channel: Chat | Priority: Low | Charged twice - Congress Hi Support, Why is my bill higher than the agreed amount? Civil seem manager.",0,0
"Channel: Chat | Priority: Medium | Screen freezes - Anything Hi Support, How do I install the latest patch on Windows 11? Pull perhaps far section street unit participant.",0,0
"Channel: Web Form | Priority: Medium | Refund status - Federal Hi Support, Why is my bill higher than the agreed amount? Capital service public bank year pretty power.",0,0
"Channel: Email | Priority: High | Unrecognized login - Evidence Hi Support, Why is there a new device added to my trusted list? We cell change share way.",1,0
"Channel: Web Form | Priority: Low | Hours of operation - Challenge Hi Support, Do you offer a discount for non-profits? Quite body glass exist pass total whole generation.",0,0
"Channel: Chat | Priority: Critical | Stolen card - Consumer Hi Support, Lock my account immediately, I see transactions I didn't make. Enter amount argue.",0,1
"Channel: Chat | Priority: Low | Installation issue - What Hi Support, The dashboard is not loading any data, just a spinning wheel. Fund new later worry husband.",1,1
"Channel: Chat | Priority: Critical | Screen freezes - Republican Hi Support, The application crashes every time I open the settings tab. Stock late likely cultural position require.",1,1
"Channel: Web Form | Priority: High | Data not syncing - Drop Hi Support, How do I install the latest patch on Windows 11? Next lay water any cover office.",1,1
"Channel: Email | Priority: Low | Feature request - Both Hi Support, I would like to request a demo for my team. Large break author fight public.",0,0
"Channel: Web Form | Priority: Medium | Office location - Attention Hi Support, Is there a roadmap for new features this year? Attention avoid himself your.",1,0
"Channel: Chat | Priority: Medium | Update credit card - Executive Hi Support, I have been trying to update my payment method but it keeps failing. Role seat write cultural especially exist book.",0,0
"Channel: Email | Priority: Medium | Data not syncing - Situation Hi Support, We are receiving a 500 Internal Server Error on the API endpoint. Show eye why article pressure interesting past.",1,0
"Channel: Email | Priority: Medium | Demo request - Sea Hi Support, Is there a roadmap for new features this year? Compare fill daughter road large.",0,1
"Channel: Chat | Priority: Medium | Screen freezes - Few Hi Support, My data hasn't synced to the cloud for 24 hours. Several lead new place.",0,0
"Channel: Web Form | Priority: Critical | Account hacked - Leader Hi Support, I think my account has been compromised. Term itself others style sport which.",0,0
"Channel: Web Form | Priority: Critical | Stolen card - Include Hi Support, I received a login alert from a device in Russia, which wasn't me. His weight lose form happen soon piece.",1,1
"Channel: Web Form | Priority: Medium | API Error 500 - Develop Hi Support, The dashboard is not loading any data, just a spinning wheel. Sense expect opportunity finish.",0,1
"Channel: Chat | Priority: Medium | Suspicious charge - Though Hi Support, Can you send me the invoice for transaction #99283? Course campaign very.",0,0
"Channel: Chat | Priority: Medium | Installation issue - Tell Hi Support, My data hasn't synced to the cloud for 24 hours. Generation present seven policy rate individual factor.",0,0
"Channel: Email | Priority: Low | Update credit card - Hard Hi Support, Can you send me the invoice for transaction #99283? Leave few fund.",0,1
"Channel: Email | Priority: Medium | Charged twice - Would Hi Support, I noticed a double charge on my statement for last month. Employee bring performance economy foreign song.",0,0
"Channel: Email | Priority: Low | Password reset - Threat Hi Support, I want to permanently delete my account and data. Could you compare however finally.",1,1
"Channel: Web Form | Priority: Medium | Change email - Nation Hi Support, I am not receiving the password reset email. Civil education project defense the money total.",0,0
"Channel: Chat | Priority: Critical | Login failed - Hot Hi Support, The dashboard is not loading any data, just a spinning wheel. Shake myself road feeling billion road knowledge.",0,0
"Channel: Email | Priority: Medium | Change email - Past Hi Support, I want to permanently delete my account and data. Know interest relate one three discussion fund box.",0,0
"Channel: Email | Priority: Low | Feature request - Any Hi Support, Is there a roadmap for new features this year? Suggest really front foot return could.",0,0
"Channel: Web Form | Priority: Medium | Charged twice - Then Hi Support, My subscription renewed automatically, but I wanted to cancel. Alone away once other measure thing field.",0,0
"Channel: Web Form | Priority: Medium | Payment failed - Cut Hi Support, Can you send me the invoice for transaction #99283? Speech safe best office beyond moment positive.",0,0
"Channel: Web Form | Priority: Low | Feature request - Push Hi Support, How does the team pricing tier work? Help nor system wish.",0,0
"Channel: Web Form | Priority: High | Data not syncing - Tough Hi Support, I cannot log into my account even after resetting the password. Him office whose cut staff.",0,0
"Channel: Email | Priority: Medium | Login failed - Cultural Hi Support, How do I install the latest patch on Windows 11? Step benefit whose rise performance identify front show.",0,0
"Channel: Email | Priority: Medium | Screen freezes - Scientist Hi Support, We are receiving a 500 Internal Server Error on the API endpoint. Spring pressure again evidence Mrs church seat somebody.",1,1
"Channel: Chat | Priority: Critical | API Error 500 - Most Hi Support, We are receiving a 500 Internal Server Error on the API endpoint. Adult majority fight even.",0,0
"Channel: Web Form | Priority: High | Unrecognized login - Year Hi Support, I received a suspicious email claiming to be support. Know commercial cup environmental.",0,0
"Channel: Web Form | Priority: Low | Installation issue - Positive Hi Support, My data hasn't synced to the cloud for 24 hours. Account door office call.",1,1
"Channel: Email | Priority: Low | Password reset - Pick Hi Support, How do I upgrade to the Enterprise plan? State push amount in turn.",0,0
"Channel: Chat | Priority: High | Installation issue - Scientist Hi Support, My data hasn't synced to the cloud for 24 hours. Option like state.",0,0
"Channel: Email | Priority: Medium | Installation issue - Less Hi Support, I cannot log into my account even after resetting the password. Hospital similar head still star drug discuss.",0,0
"Channel: Web Form | Priority: High | API Error 500 - Thousand Hi Support, My data hasn't synced to the cloud for 24 hours. Staff space see game necessary skin after central.",0,0
"Channel: Email | Priority: Low | Invoice discrepancy - Operation Hi Support, Why is my bill higher than the agreed amount? Personal conference story party throw.",0,0
"Channel: Email | Priority: Low | Profile update - Apply Hi Support, My profile picture is not updating. Relate nor simple cell.",0,0
"Channel: Email | Priority: Low | Charged twice - Conference Hi Support, I have been trying to update my payment method but it keeps failing. Level single would it plan find.",1,1
"Channel: Web Form | Priority: Medium | Data not syncing - Specific Hi Support, The dashboard is not loading any data, just a spinning wheel. Put scene ready drop particularly left.",0,0
"Channel: Chat | Priority: Medium | Feature request - Soon Hi Support, I would like to request a demo for my team. Culture respond group modern close prevent step.",0,1
"Channel: Email | Priority: Medium | Invoice discrepancy - Very Hi Support, Can you send me the invoice for transaction #99283? Create laugh deal message.",0,0
"Channel: Chat | Priority: Low | Refund status - Mother Hi Support, Why is my bill higher than the agreed amount? Trade paper when teacher agency.",0,0
"Channel: Web Form | Priority: Critical | Login failed - Water Hi Support, My data hasn't synced to the cloud for 24 hours. Many small outside range difficult fund.",0,0
"Channel: Chat | Priority: High | Subscription upgrade - Mother Hi Support, I lost my phone and cannot pass the 2FA check. Civil grow movement.",1,1
"Channel: Email | Priority: Medium | Pricing tiers - Animal Hi Support, Where is your headquarters located? Vote major finally usually century church want.",0,1
"Channel: Web Form | Priority: Low | Hours of operation - Put Hi Support, Do you offer a discount for non-profits? Near brother military eye interview well.",0,0
"Channel: Email | Priority: Medium | Invoice discrepancy - Instead Hi Support, Can you send me the invoice for transaction #99283? Page activity kid toward there crime.",0,0
"Channel: Chat | Priority: Medium | Change email - From Hi Support, How do I upgrade to the Enterprise plan? Region feeling feeling old imagine.",1,0
"Channel: Chat | Priority: High | Installation issue - Already Hi Support, The application crashes every time I open the settings tab. Test season little citizen attorney bag fact prepare.",0,0
"Channel: Web Form | Priority: Critical | Screen freezes - Political Hi Support, The dashboard is not loading any data, just a spinning wheel. Partner concern north agree order positive beyond.",1,1
"Channel: Chat | Priority: Medium | Installation issue - A Hi Support, The dashboard is not loading any data, just a spinning wheel. Suffer difference study onto.",0,0
"Channel: Web Form | Priority: High | Login failed - Pm Hi Support, How do I install the latest patch on Windows 11? Church capital modern human mean.",0,0
"Channel: Web Form | Priority: Medium | Product question - Lawyer Hi Support, Is there a roadmap for new features this year? Enjoy seem city wish turn out book late.",1,1
"Channel: Email | Priority: Medium | Delete account - Them Hi Support, How do I upgrade to the Enterprise plan? Enjoy computer choose if understand drug Congress.",0,0
"Channel: Web Form | Priority: Low | Subscription upgrade - Pm Hi Support, I lost my phone and cannot pass the 2FA check. Wife issue dark police reach them.",1,0
"Channel: Email | Priority: Medium | Suspicious charge - Development Hi Support, Can you send me the invoice for transaction #99283? Message go conference scene particularly.",0,0
"Channel: Chat | Priority: Medium | Suspicious charge - When Hi Support, My subscription renewed automatically, but I wanted to cancel. Work somebody least military night.",0,0
"Channel: Web Form | Priority: Medium | Data not syncing - Too Hi Support, How do I install the latest patch on Windows 11? Present summer through century choice.",1,1
"Channel: Web Form | Priority: Low | Password reset - Hot Hi Support, My profile picture is not updating. Speak professional I candidate goal.",1,1
"Channel: Chat | Priority: Medium | Refund status - Least Hi Support, I noticed a double charge on my statement for last month. Ready least old though get usually war organization.",0,0
"Channel: Chat | Priority: Medium | Payment failed - Than Hi Support, My subscription renewed automatically, but I wanted to cancel. Couple effect sometimes inside concern guess follow include.",1,0
"Channel: Email | Priority: Medium | Hours of operation - Crime Hi Support, I would like to request a demo for my team. Here crime firm cause.",0,0
"Channel: Email | Priority: Low | Screen freezes - Central Hi Support, The dashboard is not loading any data, just a spinning wheel. Indicate agreement modern professor I mother edge.",1,1
"Channel: Email | Priority: Low | Payment failed - Baby Hi Support, Can you send me the invoice for transaction #99283? Cut hand prove remain.",1,1
"Channel: Email | Priority: Low | Hours of operation - Social Hi Support, Do you offer a discount for non-profits? Appear here none white.",0,0
"Channel: Chat | Priority: Medium | Product question - Week Hi Support, Is there a roadmap for new features this year? Free skin factor spend.",0,1
"Channel: Web Form | Priority: High | Demo request - Value Hi Support, Where is your headquarters located? Doctor give maybe cause color again.",1,1
"Channel: Chat | Priority: Medium | API Error 500 - Politics Hi Support, The application crashes every time I open the settings tab. International report five according.",1,1
"Channel: Email | Priority: Low | Profile update - Administration Hi Support, How do I upgrade to the Enterprise plan? Education eat claim require difficult man.",0,0
"Channel: Chat | Priority: Critical | Unrecognized login - Know Hi Support, Lock my account immediately, I see transactions I didn't make. Weight alone computer whose push base avoid.",0,0
"Channel: Email | Priority: Medium | Refund status - North Hi Support, I have been trying to update my payment method but it keeps failing. Every section there example.",0,0
"Channel: Chat | Priority: Medium | App crashing - Possible Hi Support, I cannot log into my account even after resetting the password. Character play building price so democratic expert attorney.",1,1
"Channel: Chat | Priority: Critical | API Error 500 - Simply Hi Support, The application crashes every time I open the settings tab. Bed computer identify stuff hope safe together.",0,0
"Channel: Chat | Priority: Low | 2FA issues - Now Hi Support, I am not receiving the password reset email. Issue must light side hand end summer.",0,0
"Channel: Email | Priority: Medium | Data not syncing - Almost Hi Support, How do I install the latest patch on Windows 11? Risk on interview by seat church.",0,1
"Channel: Web Form | Priority: Medium | Invoice discrepancy - Six Hi Support, I have been trying to update my payment method but it keeps failing. Although consider daughter treatment.",0,0
"Channel: Chat | Priority: Low | Pricing tiers - No Hi Support, I would like to request a demo for my team. Break buy wide event.",0,0
"Channel: Email | Priority: Medium | Product question - Ever Hi Support, Where is your headquarters located? No work drive accept start magazine per mother.",0,1
"Channel: Email | Priority: Low | Subscription upgrade - Step Hi Support, I want to permanently delete my account and data. Capital sell near only girl race.",0,0
"Channel: Chat | Priority: Low | Update credit card - Their Hi Support, Can you send me the invoice for transaction #99283? Yes memory growth wonder begin wall.",0,0
"Channel: Email | Priority: Medium | API Error 500 - Doctor Hi Support, I cannot log into my account even after resetting the password. Material down senior enjoy.",1,1
"Channel: Web Form | Priority: Low | Payment failed - Attorney Hi Support, I noticed a double charge on my statement for last month. Sometimes participant yeah choice consider religious.",0,1
"Channel: Email | Priority: High | Change email - Quickly Hi Support, I lost my phone and cannot pass the 2FA check. Although we goal it.",0,0
"Channel: Email | Priority: Medium | Screen freezes - Compare Hi Support, The application crashes every time I open the settings tab. Over rise you employee carry.",1,1
"Channel: Web Form | Priority: Medium | Subscription upgrade - Popular Hi Support, I am not receiving the password reset email. North fact consider something get four training.",0,0
"Channel: Chat | Priority: High | Delete account - Police Hi Support, I want to permanently delete my account and data. List least risk order.",0,0
"Channel: Email | Priority: Medium | Office location - General Hi Support, How does the team pricing tier work? Child office town several painting laugh.",0,0
"Channel: Email | Priority: Medium | Password reset - Heart Hi Support, I am not receiving the password reset email. Build first business let.",0,0
"Channel: Web Form | Priority: Low | Pricing tiers - Author Hi Support, Do you offer a discount for non-profits? Edge could season would president certain.",0,0
"Channel: Chat | Priority: Medium | Charged twice - Station Hi Support, I noticed a double charge on my statement for last month. Story level bit.",0,0
"Channel: Web Form | Priority: High | Update credit card - Perform Hi Support, I have been trying to update my payment method but it keeps failing. Toward recognize development father.",0,0
"Channel: Email | Priority: Critical | Screen freezes - Leg Hi Support, My data hasn't synced to the cloud for 24 hours. Recognize project simply group issue fine.",1,1
"Channel: Web Form | Priority: Medium | API Error 500 - Food Hi Support, I cannot log into my account even after resetting the password. Defense federal recent something owner down various least.",1,1
"Channel: Chat | Priority: High | App crashing - Deep Hi Support, I cannot log into my account even after resetting the password. Might thousand benefit pretty avoid other spring.",0,0
"Channel: Chat | Priority: Critical | Stolen card - Person Hi Support, I received a suspicious email claiming to be support. Trade foreign as those responsibility.",1,1
"Channel: Web Form | Priority: Low | Hours of operation - Again Hi Support, I would like to request a demo for my team. East often none lawyer watch wind finally.",0,0
"Channel: Web Form | Priority: High | App crashing - Energy Hi Support, How do I install the latest patch on Windows 11? Myself seem strong yeah.",1,1
"Channel: Web Form | Priority: Medium | Data not syncing - Nothing Hi Support, We are receiving a 500 Internal Server Error on the API endpoint. Trade during concern suggest rich ability.",0,0
"Channel: Email | Priority: High | API Error 500 - Across Hi Support, I cannot log into my account even after resetting the password. Challenge baby specific dark of truth.",0,0
"Channel: Chat | Priority: Low | Pricing tiers - Usually Hi Support, Do you offer a discount for non-profits? Support determine build leave thing glass.",0,0
"Channel: Email | Priority: Low | Feature request - Miss Hi Support, What are your support operating hours? Message stock watch agreement east so.",0,0
"Channel: Web Form | Priority: Medium | App crashing - President Hi Support, We are receiving a 500 Internal Server Error on the API endpoint. Expert black start nothing major shake.",1,1
"Channel: Chat | Priority: Low | App crashing - Hot Hi Support, How do I install the latest patch on Windows 11? List from health speech political provide air participant.",0,0
"Channel: Chat | Priority: Medium | 2FA issues - Day Hi Support, How do I upgrade to the Enterprise plan? Growth operation brother citizen break.",1,1
"Channel: Email | Priority: Low | Subscription upgrade - Support Hi Support, Please help me change the email address associated with my account. Close true government as.",0,0
"Channel: Email | Priority: High | Login failed - Mr Hi Support, My data hasn't synced to the cloud for 24 hours. Small meeting space vote car majority court.",0,0
"Channel: Web Form | Priority: Critical | Stolen card - Energy Hi Support, Someone used my card to make a purchase on your site. Situation what career lay involve star eye.",1,1
"Channel: Web Form | Priority: Low | Office location - Various Hi Support, Do you offer a discount for non-profits? Believe never picture art safe west arrive gun.",0,0
"Channel: Chat | Priority: Medium | Password reset - Open Hi Support, My profile picture is not updating. Either call shake foreign image.",0,0
"Channel: Email | Priority: Low | Invoice discrepancy - Its Hi Support, I have been trying to update my payment method but it keeps failing. Lay within live create particular third above benefit.",0,0
"Channel: Email | Priority: Low | Profile update - Plan Hi Support, I am not receiving the password reset email. Any impact according later.",0,1
"Channel: Email | Priority: Medium | Screen freezes - Political Hi Support, My data hasn't synced to the cloud for 24 hours. Deep talk heart week do.",0,0
"Channel: Chat | Priority: Low | Delete account - Build Hi Support, My profile picture is not updating. Toward modern speak suddenly cut least.",0,1
"Channel: Email | Priority: Critical | Data not syncing - Collection Hi Support, The application crashes every time I open the settings tab. After election which join especially song.",1,1
"Channel: Web Form | Priority: Medium | App crashing - Phone Hi Support, We are receiving a 500 Internal Server Error on the API endpoint. Sometimes everybody road somebody behind there machine.",1,1
"Channel: Email | Priority: Low | Screen freezes - Dark Hi Support, We are receiving a 500 Internal Server Error on the API endpoint. Loss lose share act.",1,1
"Channel: Email | Priority: Low | Subscription upgrade - Assume Hi Support, I want to permanently delete my account and data. Along memory place season house president seem.",0,0
"Channel: Web Form | Priority: Low | Suspicious charge - Believe Hi Support, My subscription renewed automatically, but I wanted to cancel. Scientist community stock.",0,0
"Channel: Email | Priority: Medium | Delete account - Class Hi Support, I am not receiving the password reset email. Country special charge who soon Mr.",0,0
"Channel: Email | Priority: Medium | Product question - Individual Hi Support, How does the team pricing tier work? Rest and animal beat.",1,1
"Channel: Chat | Priority: Low | Update credit card - Entire Hi Support, Can you send me the invoice for transaction #99283? Run shoulder station do without.",0,0
"Channel: Email | Priority: Low | Refund status - Similar Hi Support, I requested a refund 5 days ago, where is it? Energy bill anyone organization they style increase.",1,1
"Channel: Web Form | Priority: Medium | API Error 500 - Staff Hi Support, I cannot log into my account even after resetting the password. Before produce method professional information.",1,1
"Channel: Web Form | Priority: High | Data not syncing - South Hi Support, I cannot log into my account even after resetting the password. Interesting weight least.",0,0
"Channel: Chat | Priority: Critical | Phishing attempt - Various Hi Support, I think my account has been compromised. Collection many age much laugh.",1,1
"Channel: Web Form | Priority: Medium | Delete account - President Hi Support, I want to permanently delete my account and data. Charge allow lose nor cell page international enjoy.",0,0
"Channel: Email | Priority: Low | Payment failed - Break Hi Support, Can you send me the invoice for transaction #99283? Nation happy tax yes save.",1,1
"Channel: Web Form | Priority: High | Change email - Civil Hi Support, Please help me change the email address associated with my account. Who style part participant sound.",1,1
"Channel: Email | Priority: Low | Login failed - Speak Hi Support, The application crashes every time I open the settings tab. Window create break teacher.",1,1
"Channel: Web Form | Priority: Medium | Password reset - Process Hi Support, How do I upgrade to the Enterprise plan? And where least low.",0,0
"Channel: Web Form | Priority: Low | Refund status - Nothing Hi Support, Why is my bill higher than the agreed amount? Point yard yourself view.",0,0
"Channel: Email | Priority: Low | 2FA issues - Year Hi Support, I am not receiving the password reset email. Discuss line treat wrong once.",1,1
"Channel: Chat | Priority: Medium | Change email - Member Hi Support, I want to permanently delete my account and data. Box exist ok skin.",0,0
"Channel: Email | Priority: Critical | Suspicious activity - Sound Hi Support, I think my account has been compromised. Order apply already responsibility.",1,1
"Channel: Email | Priority: Critical | Unrecognized login - Station Hi Support, Why is there a new device added to my trusted list? Political president food shake travel.",1,1
"Channel: Chat | Priority: Medium | Delete account - Professor Hi Support, My profile picture is not updating. Office around fear newspaper official hair newspaper nation.",0,0
"Channel: Email | Priority: High | Data not syncing - Room Hi Support, I cannot log into my account even after resetting the password. Simple while security family last image.",0,0
"Channel: Chat | Priority: Low | Subscription upgrade - Some Hi Support, I am not receiving the password reset email. Continue give role happy available choice eat.",1,1
"Channel: Chat | Priority: Medium | Payment failed - Sense Hi Support, My subscription renewed automatically, but I wanted to cancel. Story campaign whose drug.",0,0
"Channel: Chat | Priority: Low | Product question - History Hi Support, I would like to request a demo for my team. Really step could executive onto opportunity military.",0,0
"Channel: Email | Priority: Medium | Login failed - Process Hi Support, My data hasn't synced to the cloud for 24 hours. Serve old per fast soldier begin society ground.",1,1
"Channel: Chat | Priority: High | Login failed - Ever Hi Support, I cannot log into my account even after resetting the password. Eye compare course write.",0,0
"Channel: Web Form | Priority: Low | Charged twice - Good Hi Support, I noticed a double charge on my statement for last month. When church agree book laugh management.",0,0
"Channel: Email | Priority: Medium | Charged twice - Various Hi Support, I requested a refund 5 days ago, where is it? Himself learn subject ground wind too word.",0,0
"Channel: Email | Priority: Medium | Screen freezes - Image Hi Support, The application crashes every time I open the settings tab. Determine these young plan agency anything.",0,0
"Channel: Email | Priority: Low | Invoice discrepancy - Office Hi Support, I have been trying to update my payment method but it keeps failing. Again whether total so develop safe.",0,0
"Channel: Web Form | Priority: High | App crashing - During Hi Support, We are receiving a 500 Internal Server Error on the API endpoint. However home new.",0,0
"Channel: Email | Priority: Low | Update credit card - Political Hi Support, Can you send me the invoice for transaction #99283? Maybe blood million help.",0,0
"Channel: Email | Priority: Medium | Installation issue - Boy Hi Support, How do I install the latest patch on Windows 11? Why pass security if agent.",0,0
"Channel: Chat | Priority: Low | Invoice discrepancy - Group Hi Support, Why is my bill higher than the agreed amount? Few moment those finally table student value.",0,0
"Channel: Web Form | Priority: Low | App crashing - Tv Hi Support, The application crashes every time I open the settings tab. Gas relationship appear finish simple lay attention fear.",1,1
"Channel: Chat | Priority: Low | Installation issue - Great Hi Support, The dashboard is not loading any data, just a spinning wheel. Hand else task learn listen.",1,1
"Channel: Web Form | Priority: Medium | Product question - Clearly Hi Support, What are your support operating hours? Student movie defense million.",0,0
"Channel: Email | Priority: Low | Product question - Significant Hi Support, I would like to request a demo for my team. Whole government energy quite.",0,0
"Channel: Web Form | Priority: Low | Update credit card - Agency Hi Support, I requested a refund 5 days ago, where is it? Memory power Mr anyone country.",1,1
"Channel: Email | Priority: Medium | Data not syncing - Fear Hi Support, I cannot log into my account even after resetting the password. Be appear television stand people.",0,0
"Channel: Email | Priority: Medium | Profile update - Coach Hi Support, I am not receiving the password reset email. Three six trouble.",0,0
"Channel: Web Form | Priority: Low | Invoice discrepancy - Good Hi Support, I have been trying to update my payment method but it keeps failing. Art employee everybody.",0,0
"Channel: Email | Priority: Low | Product question - Goal Hi Support, Do you offer a discount for non-profits? Up kitchen smile population forget history want.",0,0
"Channel: Email | Priority: High | Suspicious charge - Such Hi Support, I requested a refund 5 days ago, where is it? Say soldier tax chair learn speech work.",1,1
"Channel: Email | Priority: Medium | Hours of operation - Usually Hi Support, Do you offer a discount for non-profits? Region dinner assume garden technology manager create.",0,0
"Channel: Web Form | Priority: High | Password reset - Create Hi Support, How do I upgrade to the Enterprise plan? Front star sure country analysis return conference.",1,1
"Channel: Email | Priority: Medium | Invoice discrepancy - Real Hi Support, Why is my bill higher than the agreed amount? Identify one seek professor thing.",0,0
"Channel: Chat | Priority: High | Installation issue - Western Hi Support, How do I install the latest patch on Windows 11? Top take project responsibility happen.",1,1
"Channel: Web Form | Priority: Medium | Installation issue - Speak Hi Support, The application crashes every time I open the settings tab. Interesting information her effect central.",0,0
"Channel: Chat | Priority: Low | Refund status - Use Hi Support, Why is my bill higher than the agreed amount? Hotel yeah economy sort everybody dark side.",1,1
"Channel: Email | Priority: Critical | Account hacked - Interesting Hi Support, I received a suspicious email claiming to be support. Quality imagine significant draw learn decide.",1,0
"Channel: Web Form | Priority: High | Screen freezes - Main Hi Support, The dashboard is not loading any data, just a spinning wheel. Nearly have degree company assume dinner.",0,0
"Channel: Email | Priority: Medium | Charged twice - Career Hi Support, Why is my bill higher than the agreed amount? Much simply argue part.",0,0
"Channel: Email | Priority: High | Alert notification - Act Hi Support, Lock my account immediately, I see transactions I didn't make. Short quality politics pressure much.",0,0
"Channel: Email | Priority: Low | Office location - Lawyer Hi Support, Where is your headquarters located? Building media race card seek environment guy.",0,0
"Channel: Email | Priority: Medium | Payment failed - May Hi Support, I have been trying to update my payment method but it keeps failing. Traditional wall police edge already decade prepare.",1,1
"Channel: Web Form | Priority: Medium | Subscription upgrade - Policy Hi Support, I lost my phone and cannot pass the 2FA check. Say local two similar theory common.",0,0
"Channel: Web Form | Priority: Medium | Screen freezes - Once Hi Support, I cannot log into my account even after resetting the password. Money traditional toward east before soldier.",0,0
"Channel: Chat | Priority: High | Feature request - Forward Hi Support, Is there a roadmap for new features this year? With cut treat though event.",1,1
"Channel: Email | Priority: Critical | Login failed - Traditional Hi Support, The dashboard is not loading any data, just a spinning wheel. Clear image agree page opportunity though author Democrat.",0,0
"Channel: Email | Priority: Low | Pricing tiers - Treat Hi Support, How does the team pricing tier work? Shoulder test word matter American enjoy the.",0,0
"Channel: Web Form | Priority: Low | Delete account - Rather Hi Support, How do I upgrade to the Enterprise plan? Raise eat work remember.",0,0
"Channel: Web Form | Priority: Low | 2FA issues - Short Hi Support, I lost my phone and cannot pass the 2FA check. Yet three test level.",0,0
"Channel: Email | Priority: Low | Hours of operation - Republican Hi Support, I would like to request a demo for my team. Must product song away until.",0,0
"Channel: Web Form | Priority: Medium | Password reset - Girl Hi Support, Please help me change the email address associated with my account. Pull understand very man under.",0,0
"Channel: Chat | Priority: Critical | Data not syncing - Themselves Hi Support, The dashboard is not loading any data, just a spinning wheel. Relationship up no something compare.",1,1
"Channel: Email | Priority: Medium | Screen freezes - Apply Hi Support, I cannot log into my account even after resetting the password. Night add teacher data single.",0,0
"Channel: Chat | Priority: Medium | Office location - Nearly Hi Support, Where is your headquarters located? Each wrong ground article each gas table.",0,0
"Channel: Chat | Priority: Medium | Payment failed - Argue Hi Support, I noticed a double charge on my statement for last month. Night appear notice arrive kind firm.",0,0
"Channel: Chat | Priority: Low | Change email - More Hi Support, I lost my phone and cannot pass the 2FA check. Beautiful sit agree door Democrat affect affect.",0,0
"Channel: Web Form | Priority: Critical | Data not syncing - Talk Hi Support, I cannot log into my account even after resetting the password. Picture provide worker perhaps space direction follow.",1,1
"Channel: Chat | Priority: Medium | Screen freezes - Cause Hi Support, I cannot log into my account even after resetting the password. Television thousand baby less.",0,0
"Channel: Web Form | Priority: Low | Subscription upgrade - Represent Hi Support, Please help me change the email address associated with my account. Once mother anything join sign right type.",0,0
"Channel: Web Form | Priority: Medium | Change email - Important Hi Support, How do I upgrade to the Enterprise plan? Feeling note this mouth.",0,1
"Channel: Web Form | Priority: Medium | Screen freezes - Actually Hi Support, The dashboard is not loading any data, just a spinning wheel. Interest trip campaign watch north off evidence firm.",0,0
"Channel: Email | Priority: Medium | App crashing - Why Hi Support, We are receiving a 500 Internal Server Error on the API endpoint. Green boy option me central subject.",0,0
"Channel: Chat | Priority: Low | Delete account - Sound Hi Support, My profile picture is not updating. Order certainly report environmental.",1,1
"Channel: Chat | Priority: High | Data not syncing - Feel Hi Support, I cannot log into my account even after resetting the password. Center kitchen work family common available none.",0,0
"Channel: Web Form | Priority: Medium | Suspicious charge - Recognize Hi Support, Why is my bill higher than the agreed amount? Trade describe left long until.",0,0
"Channel: Email | Priority: Medium | Refund status - Arrive Hi Support, Why is my bill higher than the agreed amount? Anything movie involve program set.",0,0
"Channel: Chat | Priority: Low | Data not syncing - After Hi Support, How do I install the latest patch on Windows 11? Necessary likely style budget book usually.",0,0
"Channel: Chat | Priority: High | Refund status - Little Hi Support, Why is my bill higher than the agreed amount? Job almost enough that.",1,0
"Channel: Email | Priority: Medium | Screen freezes - Hundred Hi Support, I cannot log into my account even after resetting the password. Long would plan study.",0,0
"Channel: Email | Priority: Low | Feature request - Thus Hi Support, How does the team pricing tier work? Short reduce skin I customer city.",0,0
"Channel: Web Form | Priority: Low | Hours of operation - Treatment Hi Support, Where is your headquarters located? Soon happen finish base.",0,0
"Channel: Web Form | Priority: Medium | Demo request - Nice Hi Support, Do you offer a discount for non-profits? Describe crime some wife.",1,0
"Channel: Web Form | Priority: Low | Charged twice - Apply Hi Support, My subscription renewed automatically, but I wanted to cancel. Seven mouth at.",1,0
"Channel: Email | Priority: Low | Change email - Education Hi Support, Please help me change the email address associated with my account. Student often appear nearly.",0,0
"Channel: Chat | Priority: Medium | Payment failed - Popular Hi Support, I noticed a double charge on my statement for last month. Local year think sense water imagine.",0,0
"Channel: Web Form | Priority: Low | App crashing - Could Hi Support, The dashboard is not loading any data, just a spinning wheel. These painting worker fact artist.",1,1
"Channel: Web Form | Priority: Medium | Login failed - Evidence Hi Support, My data hasn't synced to the cloud for 24 hours. Rate piece term trial education.",1,0
"Channel: Web Form | Priority: Medium | Charged twice - Level Hi Support, Why is my bill higher than the agreed amount? As some letter live event during great.",0,0
"Channel: Web Form | Priority: Medium | Data not syncing - Office Hi Support, I cannot log into my account even after resetting the password. Think nation wait wear big likely middle.",0,0
"Channel: Web Form | Priority: Medium | Subscription upgrade - Room Hi Support, I want to permanently delete my account and data. Throughout night win doctor enough.",0,0
"Channel: Email | Priority: Medium | Charged twice - Lot Hi Support, My subscription renewed automatically, but I wanted to cancel. Thought that kind guess.",0,0
"Channel: Chat | Priority: Medium | Payment failed - Late Hi Support, I requested a refund 5 days ago, where is it? Everyone step heart general bring still.",0,0
"Channel: Chat | Priority: Critical | API Error 500 - Pattern Hi Support, How do I install the latest patch on Windows 11? Amount realize very remain hand.",1,1
"Channel: Email | Priority: Low | Payment failed - Evening Hi Support, My subscription renewed automatically, but I wanted to cancel. Produce expert so this bill.",1,1
"Channel: Chat | Priority: High | App crashing - Amount Hi Support, We are receiving a 500 Internal Server Error on the API endpoint. Perform section size.",0,0
"Channel: Web Form | Priority: Low | Invoice discrepancy - Age Hi Support, My subscription renewed automatically, but I wanted to cancel. Somebody air little writer thus put.",0,0
"Channel: Web Form | Priority: Low | Screen freezes - Doctor Hi Support, The dashboard is not loading any data, just a spinning wheel. My couple relate too want measure.",0,1
"Channel: Email | Priority: Medium | Charged twice - Knowledge Hi Support, Can you send me the invoice for transaction #99283? Add discover product worry determine alone movie.",0,0
"Channel: Web Form | Priority: Low | Login failed - Else Hi Support, My data hasn't synced to the cloud for 24 hours. Even training affect job large garden full.",1,1
"Channel: Web Form | Priority: Medium | App crashing - Property Hi Support, I cannot log into my account even after resetting the password. Power room plan check.",0,0
"Channel: Web Form | Priority: Low | Invoice discrepancy - Wear Hi Support, I requested a refund 5 days ago, where is it? Detail sound hold thought discussion allow.",0,0
"Channel: Chat | Priority: High | API Error 500 - Hotel Hi Support, I cannot log into my account even after resetting the password. Hour meeting anything approach approach white.",0,0
"Channel: Email | Priority: Medium | Invoice discrepancy - Pull Hi Support, I noticed a double charge on my statement for last month. Interest attack spend sister officer person evidence.",0,0
"Channel: Chat | Priority: Low | Update credit card - Space Hi Support, I requested a refund 5 days ago, where is it? Defense address age meeting note side.",0,0
"Channel: Web Form | Priority: High | Data not syncing - Wide Hi Support, I cannot log into my account even after resetting the password. Sister nation store dream common they speech important.",0,0
"Channel: Email | Priority: Critical | Alert notification - Find Hi Support, Lock my account immediately, I see transactions I didn't make. It marriage my police capital easy.",0,1
"Channel: Chat | Priority: Medium | Hours of operation - Program Hi Support, Where is your headquarters located? Apply change thing stuff effect article though.",0,0
"Channel: Web Form | Priority: High | Installation issue - Be Hi Support, I cannot log into my account even after resetting the password. Human camera raise late painting require.",0,0
"Channel: Chat | Priority: Medium | Feature request - Its Hi Support, How does the team pricing tier work? Physical later else husband.",1,1
"Channel: Email | Priority: Medium | Demo request - Represent Hi Support, What are your support operating hours? Local positive claim section level attack rate.",0,0
"Channel: Email | Priority: Low | Refund status - Machine Hi Support, Can you send me the invoice for transaction #99283? Buy reason ready everybody task southern.",0,1
"Channel: Web Form | Priority: Low | Password reset - Term Hi Support, How do I upgrade to the Enterprise plan? Should simply against deal number.",0,0
"Channel: Web Form | Priority: Low | Payment failed - Building Hi Support, Can you send me the invoice for transaction #99283? Head the up.",1,1
"Channel: Email | Priority: Medium | Invoice discrepancy - End Hi Support, I noticed a double charge on my statement for last month. Focus scene hot.",1,0
"Channel: Email | Priority: Medium | Screen freezes - Early Hi Support, How do I install the latest patch on Windows 11? Score certain economy wall accept.",0,0
"Channel: Chat | Priority: Critical | Stolen card - Blue Hi Support, Why is there a new device added to my trusted list? Truth day human around he simply product.",1,1
"Channel: Chat | Priority: Medium | Invoice discrepancy - Discover Hi Support, I noticed a double charge on my statement for last month. Scene share before arm.",0,0
"Channel: Email | Priority: Low | 2FA issues - Can Hi Support, My profile picture is not updating. Difference great miss authority home bad method.",0,1
"Channel: Web Form | Priority: Medium | Update credit card - Water Hi Support, I noticed a double charge on my statement for last month. Argue woman sea least billion once central.",0,0
"Channel: Email | Priority: Medium | App crashing - Trip Hi Support, The application crashes every time I open the settings tab. Ready face role special too treat check focus.",0,0
"Channel: Email | Priority: Medium | Change email - Start Hi Support, I am not receiving the password reset email. Must believe plan happy edge computer.",0,0
"Channel: Web Form | Priority: Low | Charged twice - Try Hi Support, Can you send me the invoice for transaction #99283? Well half bad believe executive.",0,1
"Channel: Chat | Priority: Medium | Hours of operation - Social Hi Support, Do you offer a discount for non-profits? Without green condition.",0,0
"Channel: Email | Priority: Critical | Phishing attempt - Natural Hi Support, Someone used my card to make a purchase on your site. Score firm camera know some address light.",1,1
"Channel: Email | Priority: High | Installation issue - Natural Hi Support, The dashboard is not loading any data, just a spinning wheel. Agent senior official.",0,0
"Channel: Web Form | Priority: High | Refund status - Treat Hi Support, I noticed a double charge on my statement for last month. Up even either space.",0,1
"Channel: Web Form | Priority: Critical | Installation issue - Develop Hi Support, How do I install the latest patch on Windows 11? Yourself son morning itself use education.",1,1
"Channel: Web Form | Priority: Medium | Installation issue - Quickly Hi Support, I cannot log into my account even after resetting the password. Allow enjoy base.",0,0
"Channel: Web Form | Priority: High | App crashing - Record Hi Support, How do I install the latest patch on Windows 11? Imagine without down reveal hotel development me.",0,1
"Channel: Email | Priority: Medium | Update credit card - Sometimes Hi Support, I noticed a double charge on my statement for last month. While note why camera safe plant.",0,0
"Channel: Web Form | Priority: Low | Charged twice - Activity Hi Support, Can you send me the invoice for transaction #99283? Such street must main share.",0,0
"Channel: Chat | Priority: Low | Payment failed - Recently Hi Support, My subscription renewed automatically, but I wanted to cancel. Candidate bed great eat from probably window wind.",1,1
"Channel: Email | Priority: High | Data not syncing - Strong Hi Support, The dashboard is not loading any data, just a spinning wheel. Policy off option develop.",0,0
"Channel: Chat | Priority: Medium | App crashing - Foreign Hi Support, We are receiving a 500 Internal Server Error on the API endpoint. Price enough your affect short expert today.",1,1
"Channel: Chat | Priority: Medium | Subscription upgrade - Cover Hi Support, Please help me change the email address associated with my account. Young mean business cold Republican visit about weight.",0,0
"Channel: Chat | Priority: Medium | Update credit card - Society Hi Support, I have been trying to update my payment method but it keeps failing. Single image item quality leader third citizen film.",0,0
"Channel: Chat | Priority: Medium | App crashing - Rich Hi Support, My data hasn't synced to the cloud for 24 hours. Song interest maybe listen spend.",0,0
"Channel: Email | Priority: Low | Charged twice - Clear Hi Support, I have been trying to update my payment method but it keeps failing. Money wonder but specific.",1,1
"Channel: Chat | Priority: Medium | Installation issue - Cell Hi Support, I cannot log into my account even after resetting the password. And term program other whom.",0,0
"Channel: Chat | Priority: Medium | Demo request - Great Hi Support, Do you offer a discount for non-profits? Ok story case drop.",0,0
"Channel: Web Form | Priority: Medium | Installation issue - Game Hi Support, The application crashes every time I open the settings tab. Increase pretty air painting past always.",1,0
"Channel: Email | Priority: Low | App crashing - Child Hi Support, The dashboard is not loading any data, just a spinning wheel. Blue can here attention quickly food management.",1,1
"Channel: Web Form | Priority: Low | Charged twice - Ok Hi Support, My subscription renewed automatically, but I wanted to cancel. Media continue ago theory audience economic.",0,0
"Channel: Chat | Priority: Medium | Installation issue - Lot Hi Support, The application crashes every time I open the settings tab. Sit forward hair.",1,0
"Channel: Web Form | Priority: High | Screen freezes - Hand Hi Support, How do I install the latest patch on Windows 11? Hair newspaper foreign not prepare across visit.",1,1
"Channel: Web Form | Priority: High | App crashing - Ahead Hi Support, How do I install the latest patch on Windows 11? Per again government believe new popular important.",1,1
"Channel: Email | Priority: Medium | Login failed - Allow Hi Support, My data hasn't synced to the cloud for 24 hours. Card detail federal professional attention value garden.",0,0
"Channel: Chat | Priority: Medium | Invoice discrepancy - Support Hi Support, Can you send me the invoice for transaction #99283? Him nice when answer price purpose name peace.",0,0
"Channel: Web Form | Priority: Low | App crashing - Game Hi Support, How do I install the latest patch on Windows 11? Behavior statement chance hold fear left fill.",0,0
"Channel: Web Form | Priority: High | App crashing - Ahead Hi Support, My data hasn't synced to the cloud for 24 hours. Yourself low effect right.",0,0
"Channel: Chat | Priority: Medium | App crashing - Similar Hi Support, My data hasn't synced to the cloud for 24 hours. Affect technology rate himself.",0,0
"Channel: Chat | Priority: High | Pricing tiers - Gun Hi Support, What are your support operating hours? Miss color large well quickly factor.",1,1
"Channel: Web Form | Priority: Critical | Unrecognized login - Station Hi Support, Someone used my card to make a purchase on your site. Improve kind nothing age camera.",1,1
"Channel: Chat | Priority: Medium | Profile update - Public Hi Support, I want to permanently delete my account and data. Help trip suddenly crime cold happen.",0,0
"Channel: Email | Priority: Medium | Password reset - Admit Hi Support, Please help me change the email address associated with my account. Participant million their close.",0,0
"Channel: Web Form | Priority: High | Delete account - Difference Hi Support, I want to permanently delete my account and data. Interest particular tend.",1,1
"Channel: Chat | Priority: Low | Update credit card - Different Hi Support, My subscription renewed automatically, but I wanted to cancel. Discussion of approach bag serious eat song.",0,0
"Channel: Email | Priority: Medium | Suspicious charge - Computer Hi Support, My subscription renewed automatically, but I wanted to cancel. Hard around situation sure.",0,0
"Channel: Web Form | Priority: Critical | Login failed - Coach Hi Support, How do I install the latest patch on Windows 11? Star different hard side phone city whether.",1,1
"Channel: Web Form | Priority: Medium | Login failed - Also Hi Support, The application crashes every time I open the settings tab. Herself job evidence development.",1,1
"Channel: Web Form | Priority: High | Suspicious activity - Head Hi Support, I received a login alert from a device in Russia, which wasn't me. Stage note probably head.",0,0
"Channel: Web Form | Priority: Low | Change email - Next Hi Support, My profile picture is not updating. This million consumer.",1,1
"Channel: Web Form | Priority: Medium | Login failed - Whose Hi Support, How do I install the latest patch on Windows 11? Say fast save he team.",0,0
"Channel: Chat | Priority: Medium | Login failed - Behavior Hi Support, The dashboard is not loading any data, just a spinning wheel. Mr defense indeed per.",1,1
"Channel: Chat | Priority: High | Login failed - Go Hi Support, How do I install the latest patch on Windows 11? Reveal explain address never.",0,0
"Channel: Web Form | Priority: High | Installation issue - Doctor Hi Support, My data hasn't synced to the cloud for 24 hours. Serve including several.",0,0
"Channel: Chat | Priority: High | Suspicious charge - Strategy Hi Support, Why is my bill higher than the agreed amount? Choice but space plan option.",1,1
"Channel: Chat | Priority: High | API Error 500 - Why Hi Support, The application crashes every time I open the settings tab. Oil man general structure million.",0,0
"Channel: Email | Priority: Medium | App crashing - Goal Hi Support, How do I install the latest patch on Windows 11? Official people around choice among win main simply.",0,0
"Channel: Chat | Priority: Critical | Installation issue - Up Hi Support, How do I install the latest patch on Windows 11? Hundred two quite offer.",1,1
"Channel: Email | Priority: Low | Demo request - Season Hi Support, How does the team pricing tier work? Art event language every method short.",0,0
"Channel: Chat | Priority: Critical | Phishing attempt - Decision Hi Support, I received a login alert from a device in Russia, which wasn't me. Boy born save range recent.",1,1
"Channel: Web Form | Priority: Medium | Pricing tiers - Military Hi Support, How does the team pricing tier work? Image final city especially.",1,1
"Channel: Email | Priority: Medium | Update credit card - Middle Hi Support, Why is my bill higher than the agreed amount? Forward data lawyer south then president society.",0,0
"Channel: Web Form | Priority: Medium | Login failed - Also Hi Support, I cannot log into my account even after resetting the password. Alone something ground act remember real focus.",0,1
"Channel: Email | Priority: Medium | 2FA issues - Financial Hi Support, I am not receiving the password reset email. Good finish value majority policy.",0,0
"Channel: Web Form | Priority: Critical | Login failed - Certain Hi Support, I cannot log into my account even after resetting the password. Play style wife across.",0,0
"Channel: Chat | Priority: High | Payment failed - Fact Hi Support, Why is my bill higher than the agreed amount? Machine admit necessary become all.",0,0
"Channel: Chat | Priority: Low | Update credit card - Important Hi Support, My subscription renewed automatically, but I wanted to cancel. Say difference recent out stop general.",0,0
"Channel: Email | Priority: Low | Refund status - Begin Hi Support, I noticed a double charge on my statement for last month. Black great would kid or.",0,0
"Channel: Web Form | Priority: Low | 2FA issues - Practice Hi Support, I want to permanently delete my account and data. Product religious any vote.",0,0
"Channel: Email | Priority: Low | Change email - Man Hi Support, I lost my phone and cannot pass the 2FA check. Us computer today give month both.",1,1
"Channel: Email | Priority: Medium | Subscription upgrade - Leg Hi Support, I want to permanently delete my account and data. American include skin general style order sense.",0,0
"Channel: Email | Priority: Medium | Update credit card - Every Hi Support, My subscription renewed automatically, but I wanted to cancel. Race skin figure data from.",0,0
"Channel: Chat | Priority: Low | Charged twice - Foot Hi Support, Can you send me the invoice for transaction #99283? Difficult travel reason mother quality pay over day.",0,0
"Channel: Chat | Priority: Critical | Login failed - Wide Hi Support, The application crashes every time I open the settings tab. Ball lawyer hand tough discuss social hotel interesting.",0,0
"Channel: Email | Priority: Critical | Login failed - Have Hi Support, I cannot log into my account even after resetting the password. On majority listen relate smile form wish later.",0,0
"Channel: Email | Priority: High | API Error 500 - Development Hi Support, We are receiving a 500 Internal Server Error on the API endpoint. Take machine strong front day year effect.",0,0
"Channel: Web Form | Priority: Low | Office location - Republican Hi Support, I would like to request a demo for my team. Everyone affect war arm.",0,0
"Channel: Web Form | Priority: Medium | Profile update - Begin Hi Support, I am not receiving the password reset email. Clear court player defense.",0,0
"Channel: Email | Priority: Low | Change email - Board Hi Support, Please help me change the email address associated with my account. Glass also nature report heavy good.",1,0
"Channel: Web Form | Priority: Low | Invoice discrepancy - Baby Hi Support, Why is my bill higher than the agreed amount? Spend want morning.",0,0
"Channel: Web Form | Priority: Medium | Payment failed - Center Hi Support, I requested a refund 5 days ago, where is it? Traditional investment sell audience stop couple million.",0,0
"Channel: Web Form | Priority: Low | Installation issue - Stuff Hi Support, I cannot log into my account even after resetting the password. Face through natural color money thus price difference.",1,1
"Channel: Web Form | Priority: Medium | Update credit card - Management Hi Support, Can you send me the invoice for transaction #99283? Ago to its skin develop citizen.",0,0
"Channel: Chat | Priority: Medium | Password reset - Position Hi Support, My profile picture is not updating. White tax politics person likely.",0,0
"Channel: Chat | Priority: Medium | Profile update - Agreement Hi Support, How do I upgrade to the Enterprise plan? Type degree special service meet blue and.",1,1
"Channel: Chat | Priority: Medium | Suspicious charge - Decide Hi Support, I requested a refund 5 days ago, where is it? Church sometimes kid true account if popular current.",0,0
"Channel: Chat | Priority: Low | Feature request - Gas Hi Support, Where is your headquarters located? Accept west citizen discussion several.",0,0
"Channel: Email | Priority: Medium | Pricing tiers - May Hi Support, How does the team pricing tier work? Deep risk cut special.",0,0
"Channel: Chat | Priority: Medium | Data not syncing - Increase Hi Support, I cannot log into my account even after resetting the password. Evening both sometimes hour almost west.",0,0
"Channel: Chat | Priority: Low | Demo request - Real Hi Support, Do you offer a discount for non-profits? Upon recognize score last establish allow chair.",0,0
"Channel: Email | Priority: High | Subscription upgrade - Thank Hi Support, My profile picture is not updating. Impact attack use lose.",0,0
"Channel: Web Form | Priority: Low | Profile update - Outside Hi Support, Please help me change the email address associated with my account. Green matter or hope mother customer.",0,0
"Channel: Web Form | Priority: Medium | Invoice discrepancy - From Hi Support, Can you send me the invoice for transaction #99283? Be yard figure full spend hold visit budget.",0,0
"Channel: Web Form | Priority: Critical | Phishing attempt - Time Hi Support, Why is there a new device added to my trusted list? Hand soon quickly citizen.",1,1
"Channel: Web Form | Priority: Low | Feature request - Partner Hi Support, What are your support operating hours? Democrat defense southern maintain call Mr even bar.",0,0
"Channel: Chat | Priority: Low | Password reset - Rule Hi Support, I want to permanently delete my account and data. Stop score born magazine dog.",0,1
"Channel: Chat | Priority: Low | Subscription upgrade - Whole Hi Support, I am not receiving the password reset email. Voice able hope third computer.",0,1
"Channel: Email | Priority: Low | Password reset - Such Hi Support, I lost my phone and cannot pass the 2FA check. Available painting campaign resource exist firm.",1,1
"Channel: Email | Priority: Low | Pricing tiers - Area Hi Support, What are your support operating hours? Company air score science.",0,0
"Channel: Email | Priority: Low | Delete account - State Hi Support, I lost my phone and cannot pass the 2FA check. Policy I trip Republican.",0,0
"Channel: Web Form | Priority: High | Data not syncing - Become Hi Support, How do I install the latest patch on Windows 11? Night produce special history play product authority.",1,1
"Channel: Chat | Priority: Medium | API Error 500 - Everything Hi Support, I cannot log into my account even after resetting the password. Organization my peace seven particular everything myself really.",1,1
"Channel: Email | Priority: Medium | Profile update - Your Hi Support, My profile picture is not updating. Year or player usually.",0,0
"Channel: Web Form | Priority: Medium | Invoice discrepancy - Mention Hi Support, I requested a refund 5 days ago, where is it? Young network also spring guess lead.",0,0
"Channel: Chat | Priority: Medium | Login failed - Author Hi Support, The dashboard is not loading any data, just a spinning wheel. Worry hotel sit draw class.",0,1
"Channel: Chat | Priority: Low | Refund status - Number Hi Support, Can you send me the invoice for transaction #99283? School sure thing one price deal rule talk.",0,0
"Channel: Email | Priority: Low | Demo request - At Hi Support, What are your support operating hours? Military grow just.",0,0
"Channel: Email | Priority: Low | Office location - Mr Hi Support, Where is your headquarters located? Different my test several impact.",0,0
"Channel: Email | Priority: Medium | Hours of operation - Safe Hi Support, Do you offer a discount for non-profits? Operation cell up.",0,0
"Channel: Web Form | Priority: High | Feature request - Series Hi Support, Do you offer a discount for non-profits? Lawyer world push toward give.",1,1
"Channel: Web Form | Priority: Medium | Update credit card - Young Hi Support, Can you send me the invoice for transaction #99283? Around recently design treat participant hold rest.",0,0
"Channel: Email | Priority: Medium | Update credit card - Value Hi Support, Can you send me the invoice for transaction #99283? Make stay phone budget expect so ability whole.",0,0
"Channel: Web Form | Priority: Medium | Change email - Wife Hi Support, How do I upgrade to the Enterprise plan? Draw red book.",0,0
"Channel: Email | Priority: High | Office location - Middle Hi Support, What are your support operating hours? Difference late husband already action best know.",0,1
"Channel: Email | Priority: Medium | Subscription upgrade - Appear Hi Support, I lost my phone and cannot pass the 2FA check. Wish style join of behind read.",0,0
"Channel: Web Form | Priority: Low | Profile update - Bag Hi Support, My profile picture is not updating. Green personal go window.",0,0
"Channel: Email | Priority: Medium | Login failed - Bad Hi Support, The application crashes every time I open the settings tab. Option tonight mention energy action amount.",1,1
"Channel: Chat | Priority: Low | Feature request - About Hi Support, Is there a roadmap for new features this year? Everybody late fish drop accept fast.",0,0
"Channel: Email | Priority: Medium | Delete account - Moment Hi Support, I lost my phone and cannot pass the 2FA check. Happy good man meeting.",0,0
"Channel: Email | Priority: High | Delete account - Police Hi Support, Please help me change the email address associated with my account. Wife financial raise light.",1,1
"Channel: Chat | Priority: Medium | Payment failed - Television Hi Support, Why is my bill higher than the agreed amount? Write kind information time medical.",0,0
"Channel: Chat | Priority: Low | Password reset - Purpose Hi Support, My profile picture is not updating. Foot economic record sound art whole north.",1,0
"Channel: Email | Priority: Low | Product question - Within Hi Support, Is there a roadmap for new features this year? Sell market you anything.",0,0
"Channel: Web Form | Priority: High | Charged twice - Third Hi Support, Can you send me the invoice for transaction #99283? Yet just owner production traditional difficult.",0,1
"Channel: Email | Priority: Critical | Phishing attempt - Beat Hi Support, Why is there a new device added to my trusted list? Deal individual experience so.",1,1
"Channel: Chat | Priority: Medium | Profile update - Single Hi Support, Please help me change the email address associated with my account. North smile rather almost language night agency.",0,0
"Channel: Web Form | Priority: Medium | Login failed - System Hi Support, The dashboard is not loading any data, just a spinning wheel. Still six example.",0,1
"Channel: Web Form | Priority: Medium | Demo request - Note Hi Support, Is there a roadmap for new features this year? Ground expert agree something white.",0,0
"Channel: Chat | Priority: Low | 2FA issues - Professor Hi Support, I want to permanently delete my account and data. Our industry system then realize type purpose.",0,0
"Channel: Email | Priority: Medium | Login failed - Late Hi Support, The application crashes every time I open the settings tab. Also mean already offer.",1,1
"Channel: Chat | Priority: Critical | App crashing - Strong Hi Support, How do I install the latest patch on Windows 11? Radio foot reach once.",1,1
"Channel: Web Form | Priority: Medium | Update credit card - Morning Hi Support, I have been trying to update my payment method but it keeps failing. So society card evidence food resource.",0,0
"Channel: Email | Priority: Medium | Delete account - There Hi Support, I am not receiving the password reset email. Street company eight increase.",0,0
"Channel: Email | Priority: Low | Hours of operation - Himself Hi Support, What are your support operating hours? Yourself last information forget.",0,1
"Channel: Chat | Priority: High | Suspicious charge - Modern Hi Support, I noticed a double charge on my statement for last month. World better money only card them.",1,1
"Channel: Chat | Priority: Low | Profile update - Size Hi Support, I am not receiving the password reset email. Hope back during sometimes.",0,1
"Channel: Email | Priority: Low | Office location - Image Hi Support, What are your support operating hours? Peace point amount probably participant street use agent.",1,0
"Channel: Email | Priority: Medium | Delete account - Senior Hi Support, How do I upgrade to the Enterprise plan? West concern stuff similar store.",0,0
"Channel: Chat | Priority: Medium | Data not syncing - Business Hi Support, My data hasn't synced to the cloud for 24 hours. Choose bill over from.",0,0
"Channel: Chat | Priority: Medium | Profile update - Story Hi Support, I want to permanently delete my account and data. Produce ever money matter nothing.",0,0
"Channel: Web Form | Priority: Medium | Charged twice - Business Hi Support, I have been trying to update my payment method but it keeps failing. Drop per single answer.",0,0
"Channel: Email | Priority: Medium | Delete account - Left Hi Support, My profile picture is not updating. Any career glass reflect nothing daughter.",0,0
"Channel: Email | Priority: Medium | 2FA issues - Finish Hi Support, Please help me change the email address associated with my account. Campaign safe training friend generation relationship.",0,0
"Channel: Email | Priority: Medium | Charged twice - Decade Hi Support, I noticed a double charge on my statement for last month. Eye apply education red model.",0,0
"Channel: Email | Priority: Low | Payment failed - Fast Hi Support, Why is my bill higher than the agreed amount? Pretty serve course now all war which suffer.",1,1
"Channel: Email | Priority: Medium | 2FA issues - List Hi Support, How do I upgrade to the Enterprise plan? Important serious car item say kind result.",0,1
"Channel: Chat | Priority: Low | Pricing tiers - Ability Hi Support, I would like to request a demo for my team. Team it official office.",0,0
"Channel: Chat | Priority: Low | 2FA issues - Force Hi Support, I am not receiving the password reset email. Accept plan tonight task herself end.",0,1
"Channel: Email | Priority: Medium | Invoice discrepancy - Study Hi Support, Can you send me the invoice for transaction #99283? Him policy letter program commercial top.",0,0
"Channel: Web Form | Priority: Low | Change email - Fall Hi Support, I am not receiving the password reset email. Best road agent offer from carry.",1,1
"Channel: Chat | Priority: Medium | Refund status - Me Hi Support, I have been trying to update my payment method but it keeps failing. Would forget tend Republican.",0,0
"Channel: Web Form | Priority: Low | Refund status - Draw Hi Support, I requested a refund 5 days ago, where is it? Car culture experience billion someone force onto somebody.",0,1
"Channel: Email | Priority: High | Login failed - Body Hi Support, We are receiving a 500 Internal Server Error on the API endpoint. System old question both member.",0,0
"Channel: Web Form | Priority: High | Refund status - Administration Hi Support, I noticed a double charge on my statement for last month. Matter center surface agreement group woman.",0,1
"Channel: Web Form | Priority: Medium | Data not syncing - Beautiful Hi Support, How do I install the latest patch on Windows 11? Song ten cause simple firm happen word.",0,0
"Channel: Email | Priority: Medium | Demo request - Research Hi Support, Where is your headquarters located? Summer yes everyone hour.",0,0
"Channel: Web Form | Priority: Low | Pricing tiers - Usually Hi Support, I would like to request a demo for my team. Difficult fish coach daughter approach young pattern.",0,0
"Channel: Web Form | Priority: Low | Demo request - Eye Hi Support, How does the team pricing tier work? Story until prepare yeah so modern none.",0,0
"Channel: Web Form | Priority: Low | Feature request - Difference Hi Support, How does the team pricing tier work? Spring miss her front suddenly.",0,0
"Channel: Email | Priority: Medium | Pricing tiers - Politics Hi Support, Is there a roadmap for new features this year? What quite education full something drug happen.",0,1
"Channel: Email | Priority: Medium | Change email - Detail Hi Support, Please help me change the email address associated with my account. Outside point common party recent.",0,0
"Channel: Email | Priority: Medium | Refund status - Red Hi Support, I requested a refund 5 days ago, where is it? Nor TV second safe.",0,0
"Channel: Web Form | Priority: High | Payment failed - Sport Hi Support, Can you send me the invoice for transaction #99283? Cultural year bag see section.",0,0
"Channel: Email | Priority: Low | Login failed - Term Hi Support, The dashboard is not loading any data, just a spinning wheel. Public director teach life economic.",1,1
"Channel: Web Form | Priority: High | Data not syncing - Serve Hi Support, My data hasn't synced to the cloud for 24 hours. Left represent lay sound act.",0,0
"Channel: Chat | Priority: Low | Office location - Would Hi Support, Is there a roadmap for new features this year? Author direction ground citizen theory rest sing single.",0,0
"Channel: Web Form | Priority: Low | Demo request - Member Hi Support, Do you offer a discount for non-profits? Past film always minute air order environmental difference.",0,0
"Channel: Chat | Priority: Medium | Office location - Happen Hi Support, Where is your headquarters located? Toward cost meet return.",0,0
"Channel: Chat | Priority: Low | Hours of operation - Seek Hi Support, How does the team pricing tier work? Century not on into.",0,0
"Channel: Email | Priority: High | Pricing tiers - Toward Hi Support, Where is your headquarters located? Major measure think could around face.",1,1
"Channel: Email | Priority: Medium | Office location - Authority Hi Support, What are your support operating hours? Success matter yeah.",0,0
"Channel: Email | Priority: Medium | Login failed - Enough Hi Support, I cannot log into my account even after resetting the password. Reduce behind campaign professional very.",0,1
"Channel: Web Form | Priority: Medium | Delete account - Base Hi Support, How do I upgrade to the Enterprise plan? Contain others big executive.",1,0
"Channel: Web Form | Priority: Low | Demo request - Professor Hi Support, What are your support operating hours? Moment free order seek.",0,1
"Channel: Chat | Priority: Low | Login failed - Enter Hi Support, I cannot log into my account even after resetting the password. Notice front marriage most exactly campaign.",1,1
"Channel: Chat | Priority: High | Refund status - White Hi Support, Can you send me the invoice for transaction #99283? More feeling treatment test put tonight street.",0,0
"Channel: Email | Priority: High | Screen freezes - Class Hi Support, How do I install the latest patch on Windows 11? Protect situation draw carry describe.",0,1
"Channel: Web Form | Priority: Low | Update credit card - Itself Hi Support, I noticed a double charge on my statement for last month. Site research fire.",0,0
"Channel: Web Form | Priority: Medium | Charged twice - Medical Hi Support, I noticed a double charge on my statement for last month. Draw consider type someone employee two several.",0,0
"Channel: Web Form | Priority: Low | Pricing tiers - Must Hi Support, Where is your headquarters located? Foot current natural must to against of.",0,0
"Channel: Email | Priority: Medium | Change email - Detail Hi Support, I am not receiving the password reset email. So moment low walk.",0,0
"Channel: Web Form | Priority: Low | App crashing - Then Hi Support, How do I install the latest patch on Windows 11? Health interview buy perform process explain child team.",0,0
"Channel: Web Form | Priority: High | Password reset - Raise Hi Support, I lost my phone and cannot pass the 2FA check. Political deal hour approach alone.",0,0
"Channel: Email | Priority: Low | Delete account - System Hi Support, I want to permanently delete my account and data. Up rich me six.",1,1
"Channel: Chat | Priority: Low | Refund status - Find Hi Support, My subscription renewed automatically, but I wanted to cancel. Event statement appear standard never like expert face.",1,0
"Channel: Chat | Priority: Medium | Installation issue - Number Hi Support, The dashboard is not loading any data, just a spinning wheel. Student place base tree everybody.",0,0
"Channel: Chat | Priority: Low | Update credit card - Government Hi Support, Can you send me the invoice for transaction #99283? Body sometimes parent serious.",0,0
"Channel: Web Form | Priority: Medium | Invoice discrepancy - Between Hi Support, My subscription renewed automatically, but I wanted to cancel. Information international ever everyone drop pick accept.",0,0
"Channel: Chat | Priority: Medium | Login failed - Kitchen Hi Support, I cannot log into my account even after resetting the password. Would meet Republican before point if movement.",1,1
"Channel: Web Form | Priority: Low | Delete account - Build Hi Support, How do I upgrade to the Enterprise plan? House month less know learn.",0,0
"Channel: Chat | Priority: Medium | Update credit card - Us Hi Support, I requested a refund 5 days ago, where is it? Local range social fall.",0,0
"Channel: Web Form | Priority: Low | Password reset - Page Hi Support, Please help me change the email address associated with my account. Finally bill face eat rest near level.",0,1
"Channel: Chat | Priority: Low | Profile update - Source Hi Support, I am not receiving the password reset email. Truth official special do cost or realize.",1,1
"Channel: Email | Priority: Medium | App crashing - Yard Hi Support, How do I install the latest patch on Windows 11? How town religious deep attorney much.",0,0
"Channel: Web Form | Priority: Medium | Delete account - Tough Hi Support, My profile picture is not updating. Follow author anyone hard study.",0,0
"Channel: Email | Priority: Medium | 2FA issues - Event Hi Support, I want to permanently delete my account and data. Street recognize me.",0,0
"Channel: Email | Priority: High | App crashing - Eight Hi Support, I cannot log into my account even after resetting the password. Serve pull table Congress than rich.",0,0
"Channel: Email | Priority: Critical | Alert notification - Far Hi Support, Someone used my card to make a purchase on your site. True maybe choice structure.",1,1
"Channel: Web Form | Priority: Medium | Update credit card - Enter Hi Support, I noticed a double charge on my statement for last month. Design poor tell.",0,0
"Channel: Chat | Priority: High | Unrecognized login - Top Hi Support, I received a login alert from a device in Russia, which wasn't me. Pass order soldier room material maybe public.",0,0
"Channel: Chat | Priority: Medium | Office location - Blue Hi Support, Do you offer a discount for non-profits? Soldier science upon difficult.",0,0
"Channel: Web Form | Priority: Critical | Account hacked - Brother Hi Support, Why is there a new device added to my trusted list? Would natural tree few record.",1,1
"Channel: Email | Priority: Low | Delete account - Knowledge Hi Support, I lost my phone and cannot pass the 2FA check. Enter rather respond care bad ten Democrat.",0,1
"Channel: Chat | Priority: Medium | Update credit card - She Hi Support, I noticed a double charge on my statement for last month. Country word win expert trade.",0,0
"Channel: Web Form | Priority: Low | Suspicious charge - Purpose Hi Support, I noticed a double charge on my statement for last month. Usually international event.",0,0
"Channel: Chat | Priority: Medium | Login failed - Course Hi Support, How do I install the latest patch on Windows 11? Place camera occur role heart.",0,0
"Channel: Email | Priority: Medium | Profile update - International Hi Support, I am not receiving the password reset email. Direction from director treat gun account budget it.",0,0
"Channel: Web Form | Priority: Low | Product question - Put Hi Support, What are your support operating hours? Significant board guy style.",0,0
"Channel: Web Form | Priority: Low | Refund status - Assume Hi Support, I requested a refund 5 days ago, where is it? Real plant card view defense Republican theory.",0,0
"Channel: Chat | Priority: Medium | Profile update - Relate Hi Support, How do I upgrade to the Enterprise plan? Method job alone choice doctor.",0,1
"Channel: Email | Priority: Medium | App crashing - Western Hi Support, How do I install the latest patch on Windows 11? Election say affect dream.",0,0
"Channel: Chat | Priority: Low | Profile update - Which Hi Support, How do I upgrade to the Enterprise plan? Surface kid summer support particularly foreign fire born.",0,0
"Channel: Email | Priority: Medium | Profile update - Manage Hi Support, Please help me change the email address associated with my account. Player rate everything game low ever.",0,0
"Channel: Web Form | Priority: Low | Profile update - Each Hi Support, I am not receiving the password reset email. Environmental inside benefit relationship factor people.",1,1
"Channel: Web Form | Priority: Low | Hours of operation - Direction Hi Support, Is there a roadmap for new features this year? Lay while defense piece paper.",0,0
"Channel: Email | Priority: Medium | Refund status - Quite Hi Support, Can you send me the invoice for transaction #99283? Fine plant it.",0,0
"Channel: Chat | Priority: Medium | API Error 500 - Watch Hi Support, I cannot log into my account even after resetting the password. Tell ball for prove off when.",0,1
"Channel: Chat | Priority: Low | Pricing tiers - Purpose Hi Support, Is there a roadmap for new features this year? Performance forget talk our game.",0,0
"Channel: Email | Priority: Medium | Screen freezes - Contain Hi Support, The dashboard is not loading any data, just a spinning wheel. Natural our exist.",0,0
"Channel: Chat | Priority: Low | Password reset - Concern Hi Support, I want to permanently delete my account and data. Whole want single.",0,1
"Channel: Chat | Priority: Medium | Data not syncing - Include Hi Support, How do I install the latest patch on Windows 11? Plan floor personal only college sort end south.",0,0
"Channel: Chat | Priority: Medium | Installation issue - Live Hi Support, The application crashes every time I open the settings tab. Event single film part without situation.",0,0
"Channel: Web Form | Priority: Medium | Payment failed - His Hi Support, I have been trying to update my payment method but it keeps failing. Less media through.",1,1
"Channel: Email | Priority: Medium | Product question - However Hi Support, Do you offer a discount for non-profits? Win school of lawyer.",1,1
"Channel: Chat | Priority: Medium | 2FA issues - Cell Hi Support, I am not receiving the password reset email. North eye teacher year hair relate.",0,0
"Channel: Chat | Priority: Low | Demo request - Every Hi Support, I would like to request a demo for my team. Town cup stage own enough.",0,0
"Channel: Chat | Priority: High | Screen freezes - Phone Hi Support, How do I install the latest patch on Windows 11? Clearly positive father lot gun interview say.",1,1
"Channel: Email | Priority: Low | Feature request - Appear Hi Support, Is there a roadmap for new features this year? Popular central husband in peace listen.",0,0
"Channel: Web Form | Priority: Low | Hours of operation - Challenge Hi Support, Is there a roadmap for new features this year? Southern rise performance rate itself.",0,0
"Channel: Email | Priority: High | 2FA issues - We Hi Support, Please help me change the email address associated with my account. Least hold tax prevent rest important yes.",1,1
"Channel: Chat | Priority: Low | Hours of operation - Part Hi Support, Do you offer a discount for non-profits? It loss station particularly.",0,0
"Channel: Email | Priority: Medium | App crashing - Cold Hi Support, We are receiving a 500 Internal Server Error on the API endpoint. Economy building his position chair.",1,1
"Channel: Web Form | Priority: High | API Error 500 - Alone Hi Support, The application crashes every time I open the settings tab. War according should middle team player many pretty.",0,0
"Channel: Email | Priority: Low | Screen freezes - Woman Hi Support, We are receiving a 500 Internal Server Error on the API endpoint. Improve any off final no.",1,1
"Channel: Chat | Priority: Medium | Office location - Drive Hi Support, What are your support operating hours? Consider ground citizen office.",0,0
"Channel: Chat | Priority: High | API Error 500 - Partner Hi Support, My data hasn't synced to the cloud for 24 hours. Behavior out community leg easy PM.",0,0
"Channel: Chat | Priority: Medium | Update credit card - Tree Hi Support, Can you send me the invoice for transaction #99283? Why good beat great understand.",0,0
"Channel: Email | Priority: High | Suspicious activity - Daughter Hi Support, Lock my account immediately, I see transactions I didn't make. Before ready authority shoulder traditional more matter ability.",0,0
"Channel: Email | Priority: Low | Subscription upgrade - Drug Hi Support, I want to permanently delete my account and data. Stand interest far southern maintain few in.",0,0
"Channel: Email | Priority: Medium | Demo request - Friend Hi Support, What are your support operating hours? Way avoid job hundred growth so.",0,0
"Channel: Email | Priority: Low | Product question - Compare Hi Support, I would like to request a demo for my team. New lot describe social high them trip now.",0,0
"Channel: Email | Priority: Medium | Data not syncing - Stand Hi Support, My data hasn't synced to the cloud for 24 hours. Pretty animal store.",0,0
"Channel: Web Form | Priority: Medium | Product question - Them Hi Support, Do you offer a discount for non-profits? Ten full hit.",0,0
"Channel: Email | Priority: Low | Hours of operation - Environmental Hi Support, How does the team pricing tier work? Drug owner somebody floor near bring.",0,0
"Channel: Web Form | Priority: Low | Refund status - Education Hi Support, I noticed a double charge on my statement for last month. Word end suffer.",0,0
"Channel: Chat | Priority: Low | App crashing - Sea Hi Support, How do I install the latest patch on Windows 11? Congress particularly Republican specific take anything.",0,0
"Channel: Web Form | Priority: Medium | Screen freezes - Year Hi Support, I cannot log into my account even after resetting the password. Government half sign upon exist whole.",0,0
"Channel: Email | Priority: Low | Update credit card - Write Hi Support, I have been trying to update my payment method but it keeps failing. Test company contain production.",1,1
"Channel: Email | Priority: Low | Change email - System Hi Support, My profile picture is not updating. Expert these beat stuff culture next whose.",1,1
"Channel: Web Form | Priority: Low | Hours of operation - Family Hi Support, How does the team pricing tier work? Hospital discover use subject.",0,0
"Channel: Chat | Priority: High | Refund status - Thought Hi Support, Why is my bill higher than the agreed amount? Simply other type cup why.",0,1
"Channel: Web Form | Priority: Medium | Hours of operation - Scene Hi Support, Is there a roadmap for new features this year? Clear money ball water attorney simply prove.",0,0
"Channel: Web Form | Priority: High | App crashing - Society Hi Support, I cannot log into my account even after resetting the password. Newspaper enough tell economy.",0,0
"Channel: Email | Priority: Medium | Login failed - Crime Hi Support, I cannot log into my account even after resetting the password. Wind world responsibility same me rock.",1,1
"Channel: Web Form | Priority: High | API Error 500 - Prepare Hi Support, My data hasn't synced to the cloud for 24 hours. Box military onto source.",0,0
"Channel: Web Form | Priority: High | Profile update - Sometimes Hi Support, How do I upgrade to the Enterprise plan? Change exist white.",1,1
"Channel: Chat | Priority: Medium | Change email - Result Hi Support, Please help me change the email address associated with my account. None across final carry.",0,0
"Channel: Web Form | Priority: Medium | App crashing - Purpose Hi Support, My data hasn't synced to the cloud for 24 hours. Kitchen inside in phone.",0,0
"Channel: Web Form | Priority: High | Invoice discrepancy - Care Hi Support, Why is my bill higher than the agreed amount? Where use imagine should very seem.",1,1
"Channel: Web Form | Priority: Medium | Installation issue - Method Hi Support, The application crashes every time I open the settings tab. Too central season free.",0,0
"Channel: Email | Priority: Medium | Feature request - Four Hi Support, Where is your headquarters located? Out democratic off arrive report me sport reach.",1,0
"Channel: Chat | Priority: Medium | Subscription upgrade - Network Hi Support, My profile picture is not updating. Difference fight event much true challenge.",0,0
"Channel: Web Form | Priority: Critical | Screen freezes - Fast Hi Support, The application crashes every time I open the settings tab. Music follow meet owner choose.",1,0
"Channel: Email | Priority: High | Update credit card - It Hi Support, I requested a refund 5 days ago, where is it? Me different scene goal.",1,0
"Channel: Email | Priority: Critical | Account hacked - Southern Hi Support, Someone used my card to make a purchase on your site. Number theory phone modern side animal.",1,1
"Channel: Web Form | Priority: High | Login failed - Hundred Hi Support, My data hasn't synced to the cloud for 24 hours. Mind loss plant.",0,0
"Channel: Email | Priority: Low | Demo request - On Hi Support, Is there a roadmap for new features this year? Show gun small sign could firm.",0,0
"Channel: Chat | Priority: High | Invoice discrepancy - Money Hi Support, My subscription renewed automatically, but I wanted to cancel. Under institution bad.",1,1
"Channel: Chat | Priority: Medium | App crashing - Remember Hi Support, The application crashes every time I open the settings tab. Eye idea kitchen.",0,1
"Channel: Chat | Priority: Medium | Delete account - Approach Hi Support, I lost my phone and cannot pass the 2FA check. Bit authority away yard treat course within.",0,0
"Channel: Chat | Priority: Medium | Update credit card - Boy Hi Support, I have been trying to update my payment method but it keeps failing. Else million break positive fund use safe.",0,0
"Channel: Email | Priority: High | Login failed - Job Hi Support, The application crashes every time I open the settings tab. Agreement laugh region.",0,0
"Channel: Chat | Priority: Medium | Delete account - Responsibility Hi Support, I want to permanently delete my account and data. Church worry key up.",0,0
"Channel: Email | Priority: Medium | Change email - How Hi Support, Please help me change the email address associated with my account. Likely but history no issue response.",0,0
"Channel: Email | Priority: Medium | Charged twice - East Hi Support, My subscription renewed automatically, but I wanted to cancel. Money our nature sister star.",0,0
"Channel: Web Form | Priority: Medium | Demo request - Trouble Hi Support, Is there a roadmap for new features this year? Their call daughter certainly.",0,0
"Channel: Web Form | Priority: Low | App crashing - While Hi Support, I cannot log into my account even after resetting the password. Listen return wall certainly discover also.",1,1
"Channel: Chat | Priority: Medium | 2FA issues - Huge Hi Support, I lost my phone and cannot pass the 2FA check. Human big want event worry.",0,0
"Channel: Chat | Priority: Medium | Pricing tiers - Short Hi Support, How does the team pricing tier work? Size edge piece trip process single.",1,1
"Channel: Chat | Priority: Low | Invoice discrepancy - Minute Hi Support, I requested a refund 5 days ago, where is it? Degree inside certainly surface understand house.",0,0
"Channel: Email | Priority: High | Pricing tiers - Despite Hi Support, How does the team pricing tier work? Brother prevent report executive American.",1,1
"Channel: Email | Priority: Low | Subscription upgrade - What Hi Support, I am not receiving the password reset email. Current back second project movie.",0,1
"Channel: Chat | Priority: Low | Data not syncing - Ten Hi Support, My data hasn't synced to the cloud for 24 hours. Bank none work despite evening.",1,1
"Channel: Email | Priority: High | Profile update - Half Hi Support, I lost my phone and cannot pass the 2FA check. Election speak reality eat over opportunity theory.",1,1
"Channel: Web Form | Priority: Low | Product question - Rise Hi Support, Is there a roadmap for new features this year? Figure prevent arrive special section.",0,0
"Channel: Web Form | Priority: High | Suspicious charge - Would Hi Support, I have been trying to update my payment method but it keeps failing. Huge situation town sell hold sort.",0,0
"Channel: Chat | Priority: Medium | Profile update - Have Hi Support, Please help me change the email address associated with my account. For look activity gun.",0,0
"Channel: Web Form | Priority: Medium | Data not syncing - Class Hi Support, The application crashes every time I open the settings tab. Including choice know others prove wide.",0,0
"Channel: Chat | Priority: Medium | API Error 500 - Environment Hi Support, My data hasn't synced to the cloud for 24 hours. Choose onto face yeah too speech.",0,0
"Channel: Chat | Priority: Medium | 2FA issues - Majority Hi Support, I am not receiving the password reset email. Stand rich major our.",0,0
"Channel: Email | Priority: Medium | Subscription upgrade - Often Hi Support, Please help me change the email address associated with my account. Adult official street garden now.",0,0
"Channel: Chat | Priority: Critical | Phishing attempt - Behavior Hi Support, Someone used my card to make a purchase on your site. Station least able but professor.",1,1
"Channel: Web Form | Priority: High | API Error 500 - Within Hi Support, The application crashes every time I open the settings tab. American scientist politics arrive theory different despite.",0,0
"Channel: Email | Priority: Critical | Suspicious activity - Expert Hi Support, I think my account has been compromised. Today various focus avoid half ask medical.",1,1
"Channel: Web Form | Priority: Medium | App crashing - Must Hi Support, My data hasn't synced to the cloud for 24 hours. Traditional move price majority political baby goal.",0,0
"Channel: Email | Priority: Medium | Change email - Authority Hi Support, My profile picture is not updating. Find bring a instead.",0,0
"Channel: Web Form | Priority: Critical | Screen freezes - We Hi Support, How do I install the latest patch on Windows 11? Actually sing enough.",1,1
"Channel: Web Form | Priority: Low | Profile update - Draw Hi Support, I lost my phone and cannot pass the 2FA check. Production city force impact.",0,1
"Channel: Chat | Priority: Medium | Subscription upgrade - Front Hi Support, I am not receiving the password reset email. Body system apply receive peace.",0,0
"Channel: Email | Priority: Medium | Screen freezes - Present Hi Support, My data hasn't synced to the cloud for 24 hours. Condition fine must however mother.",0,0
"Channel: Email | Priority: High | Payment failed - Evidence Hi Support, Can you send me the invoice for transaction #99283? Music military open.",0,0
"Channel: Email | Priority: Medium | Suspicious charge - Experience Hi Support, I noticed a double charge on my statement for last month. Tax expect research treat though form.",0,0
"Channel: Chat | Priority: Low | Refund status - Foot Hi Support, I noticed a double charge on my statement for last month. Campaign would service because before.",0,0
"Channel: Email | Priority: Medium | Office location - Despite Hi Support, What are your support operating hours? Describe ball have local mention certain.",0,0
"Channel: Web Form | Priority: Low | Subscription upgrade - Conference Hi Support, I want to permanently delete my account and data. Listen really individual other travel clear charge.",0,0
"Channel: Chat | Priority: Medium | Password reset - Out Hi Support, My profile picture is not updating. Bed maintain seem trade quickly identify.",0,0
"Channel: Web Form | Priority: High | Refund status - Chair Hi Support, Why is my bill higher than the agreed amount? View radio others nice city husband improve brother.",1,1
"Channel: Web Form | Priority: Medium | Update credit card - Fight Hi Support, Why is my bill higher than the agreed amount? Must from name deep.",0,0
"Channel: Email | Priority: Medium | Payment failed - Reflect Hi Support, I have been trying to update my payment method but it keeps failing. Door house election test.",0,1
"Channel: Email | Priority: High | Login failed - Decision Hi Support, We are receiving a 500 Internal Server Error on the API endpoint. From with box.",0,0
"Channel: Email | Priority: Critical | API Error 500 - Able Hi Support, How do I install the latest patch on Windows 11? House cultural power anyone.",1,1
"Channel: Email | Priority: Low | API Error 500 - Story Hi Support, The application crashes every time I open the settings tab. Rock fear difficult total within.",1,1
"Channel: Email | Priority: Medium | Suspicious charge - Friend Hi Support, Why is my bill higher than the agreed amount? Throw bed identify agent.",0,0
"Channel: Web Form | Priority: Low | Profile update - That Hi Support, My profile picture is not updating. Baby part daughter.",0,1
"Channel: Email | Priority: Medium | Hours of operation - Where Hi Support, How does the team pricing tier work? Girl note movie unit security once.",0,0
"Channel: Web Form | Priority: Low | Screen freezes - Fall Hi Support, The dashboard is not loading any data, just a spinning wheel. Along reach news well.",1,1
"Channel: Email | Priority: Medium | Installation issue - Fine Hi Support, I cannot log into my account even after resetting the password. Child child consumer apply.",0,0
"Channel: Chat | Priority: Low | Suspicious charge - Current Hi Support, Can you send me the invoice for transaction #99283? Hand on page.",0,0
"Channel: Web Form | Priority: Medium | Data not syncing - Professor Hi Support, The dashboard is not loading any data, just a spinning wheel. Foreign every foot.",0,0
"Channel: Web Form | Priority: Medium | Invoice discrepancy - Oil Hi Support, I noticed a double charge on my statement for last month. Kid son base now Mr letter.",0,0
"Channel: Chat | Priority: Medium | 2FA issues - Home Hi Support, How do I upgrade to the Enterprise plan? Community class record score.",1,1
"Channel: Web Form | Priority: Low | 2FA issues - Test Hi Support, How do I upgrade to the Enterprise plan? Southern late walk population own wife two mention.",0,0
"Channel: Chat | Priority: Medium | Login failed - Better Hi Support, We are receiving a 500 Internal Server Error on the API endpoint. Deal kitchen make significant discuss most team.",1,1
"Channel: Email | Priority: Critical | Suspicious activity - Chair Hi Support, I received a suspicious email claiming to be support. Middle scene assume maybe government term work listen.",1,1
"Channel: Email | Priority: Medium | Pricing tiers - Relate Hi Support, Is there a roadmap for new features this year? Phone require event yeah easy politics.",0,1
"Channel: Email | Priority: Medium | Subscription upgrade - Southern Hi Support, My profile picture is not updating. Political truth pass true.",0,0
"Channel: Email | Priority: High | Refund status - Turn Hi Support, Can you send me the invoice for transaction #99283? Toward authority field blood mother thought.",1,1
"Channel: Chat | Priority: Medium | Installation issue - Artist Hi Support, My data hasn't synced to the cloud for 24 hours. Final him fine.",0,0
"Channel: Web Form | Priority: Medium | App crashing - Recently Hi Support, We are receiving a 500 Internal Server Error on the API endpoint. Smile sort list evidence list.",1,1
"Channel: Web Form | Priority: High | Data not syncing - Activity Hi Support, How do I install the latest patch on Windows 11? Travel floor available turn all.",1,1
"Channel: Web Form | Priority: Medium | App crashing - Vote Hi Support, The application crashes every time I open the settings tab. Look buy she few able wish record.",0,0
"Channel: Web Form | Priority: Medium | Change email - Analysis Hi Support, How do I upgrade to the Enterprise plan? Player but follow why.",1,1
"Channel: Web Form | Priority: Low | Screen freezes - Break Hi Support, The dashboard is not loading any data, just a spinning wheel. Price ahead degree wish drive involve.",0,1
"Channel: Web Form | Priority: Low | App crashing - Page Hi Support, The application crashes every time I open the settings tab. Group possible actually figure person.",1,1
"Channel: Web Form | Priority: Low | Pricing tiers - Score Hi Support, How does the team pricing tier work? Still able get create.",0,0
"Channel: Web Form | Priority: Low | Login failed - Before Hi Support, My data hasn't synced to the cloud for 24 hours. Family public parent white movement add foot general.",1,1
"Channel: Chat | Priority: Low | Hours of operation - Treatment Hi Support, Where is your headquarters located? Perhaps TV rock become possible fund.",0,0
"Channel: Web Form | Priority: Low | Refund status - Too Hi Support, My subscription renewed automatically, but I wanted to cancel. Similar put score success against.",1,1
"Channel: Web Form | Priority: High | Login failed - Rest Hi Support, The dashboard is not loading any data, just a spinning wheel. Likely hit company wind color raise subject.",0,0
"Channel: Web Form | Priority: High | Charged twice - Though Hi Support, I noticed a double charge on my statement for last month. Culture save indicate tell town continue main west.",1,1
"Channel: Web Form | Priority: Critical | Stolen card - Pretty Hi Support, I received a suspicious email claiming to be support. Stand though music own.",1,1
"Channel: Web Form | Priority: Medium | Pricing tiers - Sell Hi Support, Do you offer a discount for non-profits? Could million national.",0,0
"Channel: Web Form | Priority: Medium | Office location - Think Hi Support, What are your support operating hours? Public increase skin.",0,0
"Channel: Web Form | Priority: Low | Demo request - My Hi Support, Do you offer a discount for non-profits? Deep time provide.",0,0
"Channel: Chat | Priority: Medium | Login failed - Whose Hi Support, The dashboard is not loading any data, just a spinning wheel. Something college ball concern least present.",1,1
"Channel: Chat | Priority: Critical | Unrecognized login - Bank Hi Support, I received a login alert from a device in Russia, which wasn't me. Season product vote tell situation need.",1,1
"Channel: Web Form | Priority: Low | Feature request - Job Hi Support, Is there a roadmap for new features this year? Husband kid together citizen.",0,0
"Channel: Email | Priority: Low | App crashing - Here Hi Support, The application crashes every time I open the settings tab. Same majority could boy wonder television number.",1,1
"Channel: Web Form | Priority: Low | Installation issue - Trade Hi Support, I cannot log into my account even after resetting the password. Cup approach future yeah be.",1,1
"Channel: Web Form | Priority: Low | Demo request - Tv Hi Support, What are your support operating hours? Matter their tough staff.",0,0
"Channel: Chat | Priority: Medium | Charged twice - Draw Hi Support, Can you send me the invoice for transaction #99283? Hour catch show.",0,0
"Channel: Email | Priority: Critical | Screen freezes - Both Hi Support, My data hasn't synced to the cloud for 24 hours. Phone strong why both long professor air.",1,1
"Channel: Web Form | Priority: Low | Pricing tiers - Bad Hi Support, How does the team pricing tier work? Month national to continue.",0,0
"Channel: Chat | Priority: Medium | Installation issue - Perform Hi Support, The application crashes every time I open the settings tab. Forward half worry perform stage surface pull.",0,0
"Channel: Web Form | Priority: Medium | Screen freezes - Yes Hi Support, I cannot log into my account even after resetting the password. Back crime during indeed if person.",0,0
"Channel: Chat | Priority: Medium | Update credit card - Range Hi Support, I noticed a double charge on my statement for last month. Development these best.",0,0
"Channel: Chat | Priority: Medium | Delete account - Hundred Hi Support, My profile picture is not updating. Song friend pay beat.",0,0
"Channel: Email | Priority: High | Product question - Less Hi Support, Is there a roadmap for new features this year? Bill student across budget dinner.",1,1
"Channel: Web Form | Priority: Low | Demo request - Would Hi Support, I would like to request a demo for my team. Road our participant source produce.",0,0
"Channel: Email | Priority: Medium | Change email - Low Hi Support, I lost my phone and cannot pass the 2FA check. Marriage south price yet brother surface shake.",0,0
"Channel: Email | Priority: High | Update credit card - Be Hi Support, Why is my bill higher than the agreed amount? Four she identify drop last in before.",1,1
"Channel: Chat | Priority: Medium | Change email - Win Hi Support, How do I upgrade to the Enterprise plan? Country indicate happen action he Republican.",0,1
"Channel: Web Form | Priority: Low | Pricing tiers - And Hi Support, Is there a roadmap for new features this year? Subject wish study trade those.",0,0
"Channel: Email | Priority: Low | Product question - Challenge Hi Support, Where is your headquarters located? Prevent enjoy style single.",0,0
"Channel: Web Form | Priority: Medium | Installation issue - Language Hi Support, The application crashes every time I open the settings tab. More investment police factor scientist during.",1,0
"Channel: Chat | Priority: Critical | Data not syncing - From Hi Support, The application crashes every time I open the settings tab. Age sea adult data white four may.",0,1
"Channel: Email | Priority: Medium | Payment failed - Probably Hi Support, I have been trying to update my payment method but it keeps failing. Everybody during two create far law hot.",1,1
"Channel: Chat | Priority: High | Installation issue - Maintain Hi Support, The dashboard is not loading any data, just a spinning wheel. Cultural send pick war moment because.",0,0
"Channel: Email | Priority: Low | Profile update - Little Hi Support, I am not receiving the password reset email. Pattern memory season soon size get.",0,1
"Channel: Chat | Priority: Low | 2FA issues - Fall Hi Support, Please help me change the email address associated with my account. Machine its note walk try.",1,1
"Channel: Chat | Priority: High | Alert notification - And Hi Support, I think my account has been compromised. Far attorney man street common nice measure.",0,0
"Channel: Chat | Priority: Medium | Demo request - Consumer Hi Support, What are your support operating hours? Political town reveal early.",0,0
"Channel: Web Form | Priority: Medium | Payment failed - Fear Hi Support, Why is my bill higher than the agreed amount? Customer than guess poor.",1,0
"Channel: Web Form | Priority: Medium | Feature request - Door Hi Support, I would like to request a demo for my team. Mother politics score strategy.",1,1
"Channel: Chat | Priority: High | App crashing - Military Hi Support, The dashboard is not loading any data, just a spinning wheel. Teach drive prepare traditional sport media.",0,0
"Channel: Chat | Priority: Medium | Update credit card - Of Hi Support, I requested a refund 5 days ago, where is it? Whether executive fear report.",0,0
"Channel: Chat | Priority: Critical | Account hacked - Become Hi Support, Someone used my card to make a purchase on your site. Imagine raise surface watch ok.",0,0
"Channel: Chat | Priority: Low | 2FA issues - Account Hi Support, I lost my phone and cannot pass the 2FA check. Notice perform its answer old forward.",0,1
"Channel: Email | Priority: Medium | Charged twice - Truth Hi Support, My subscription renewed automatically, but I wanted to cancel. Gas trial security type.",0,0
"Channel: Email | Priority: Medium | API Error 500 - Decide Hi Support, We are receiving a 500 Internal Server Error on the API endpoint. Both citizen perhaps level music.",0,0
"Channel: Email | Priority: Low | App crashing - Author Hi Support, We are receiving a 500 Internal Server Error on the API endpoint. Ok hair benefit kitchen water.",1,1
"Channel: Chat | Priority: High | Pricing tiers - Office Hi Support, How does the team pricing tier work? Young firm model despite professor.",1,1
"Channel: Web Form | Priority: Low | API Error 500 - Rule Hi Support, The dashboard is not loading any data, just a spinning wheel. Trip any production box draw.",1,1
"Channel: Chat | Priority: Critical | Account hacked - Everybody Hi Support, I received a login alert from a device in Russia, which wasn't me. Trial lay card marriage amount opportunity miss.",0,0
"Channel: Email | Priority: High | Pricing tiers - Mother Hi Support, Do you offer a discount for non-profits? Common time its appear.",1,1
"Channel: Email | Priority: Low | Subscription upgrade - Likely Hi Support, I want to permanently delete my account and data. Prepare in cost south article amount social.",0,0
"Channel: Email | Priority: Low | Product question - Development Hi Support, How does the team pricing tier work? Need total growth always.",0,0
"Channel: Chat | Priority: High | Data not syncing - How Hi Support, I cannot log into my account even after resetting the password. Physical state them million.",0,0
"Channel: Chat | Priority: High | Invoice discrepancy - Purpose Hi Support, I requested a refund 5 days ago, where is it? Long cup middle social discussion store move.",0,1
"Channel: Web Form | Priority: Medium | Invoice discrepancy - Political Hi Support, Can you send me the invoice for transaction #99283? Face evening glass interesting.",0,0
"Channel: Web Form | Priority: Medium | Data not syncing - Current Hi Support, How do I install the latest patch on Windows 11? Various black test record can just tough a.",0,0
"Channel: Email | Priority: Medium | Delete account - Woman Hi Support, I want to permanently delete my account and data. Laugh whatever continue blood without business fight.",0,0
"Channel: Email | Priority: Medium | Delete account - Year Hi Support, Please help me change the email address associated with my account. Employee keep born born describe quickly also.",0,0
"Channel: Web Form | Priority: Medium | Subscription upgrade - During Hi Support, I lost my phone and cannot pass the 2FA check. Site worker rule relate price.",0,0
"Channel: Chat | Priority: Medium | Password reset - Chair Hi Support, How do I upgrade to the Enterprise plan? Score quality culture white.",0,0
"Channel: Email | Priority: Medium | Subscription upgrade - Student Hi Support, I want to permanently delete my account and data. Station about sure small anything network firm list.",0,0
"Channel: Web Form | Priority: Low | API Error 500 - Win Hi Support, My data hasn't synced to the cloud for 24 hours. Manage eight daughter enter difficult young who.",1,1
"Channel: Web Form | Priority: Low | Screen freezes - Record Hi Support, We are receiving a 500 Internal Server Error on the API endpoint. Far middle space school.",1,1
"Channel: Email | Priority: Low | Suspicious charge - Star Hi Support, Why is my bill higher than the agreed amount? Understand watch consumer half rule.",0,0
"Channel: Chat | Priority: High | Delete account - Might Hi Support, My profile picture is not updating. Hour impact wish act son.",0,0
"Channel: Email | Priority: Low | Password reset - Consider Hi Support, I want to permanently delete my account and data. Oil stage whether play system.",1,1
"Channel: Email | Priority: Medium | Invoice discrepancy - Why Hi Support, I noticed a double charge on my statement for last month. Live cell kitchen language his mean particularly ahead.",1,0
"Channel: Chat | Priority: Medium | Data not syncing - Situation Hi Support, I cannot log into my account even after resetting the password. Federal on behavior station.",0,0
"Channel: Chat | Priority: Low | Password reset - Quickly Hi Support, I want to permanently delete my account and data. None purpose back picture admit you discussion.",1,1
"Channel: Chat | Priority: Low | Screen freezes - Class Hi Support, How do I install the latest patch on Windows 11? Someone deal person avoid reflect me difference mean.",0,0
"Channel: Email | Priority: Critical | Data not syncing - Available Hi Support, The application crashes every time I open the settings tab. Example country try yeah him.",0,1
"Channel: Web Form | Priority: Medium | Change email - Mean Hi Support, I lost my phone and cannot pass the 2FA check. Trip parent society door son.",0,0
"Channel: Chat | Priority: High | API Error 500 - Meet Hi Support, The dashboard is not loading any data, just a spinning wheel. Really first make election.",0,0
"Channel: Chat | Priority: High | Screen freezes - Expect Hi Support, The application crashes every time I open the settings tab. College according run give.",0,0
"Channel: Email | Priority: High | Login failed - Much Hi Support, The application crashes every time I open the settings tab. Eight beyond itself morning hotel like speak.",0,0
"Channel: Email | Priority: High | Invoice discrepancy - Eye Hi Support, Can you send me the invoice for transaction #99283? Speech table lot sound where.",1,1
"Channel: Web Form | Priority: Medium | 2FA issues - Marriage Hi Support, My profile picture is not updating. Shoulder minute exactly water yourself hair.",0,0
"Channel: Email | Priority: Medium | Charged twice - Often Hi Support, My subscription renewed automatically, but I wanted to cancel. Miss popular during capital with song.",0,0
"Channel: Email | Priority: Medium | Login failed - Similar Hi Support, How do I install the latest patch on Windows 11? Wear usually stuff crime more current.",0,0
"Channel: Web Form | Priority: Low | API Error 500 - Good Hi Support, How do I install the latest patch on Windows 11? Environment past newspaper beat through manage when.",1,1
"Channel: Chat | Priority: Low | Update credit card - National Hi Support, I have been trying to update my payment method but it keeps failing. While represent cost page reach.",1,1
"Channel: Web Form | Priority: High | Data not syncing - Right Hi Support, How do I install the latest patch on Windows 11? Series my significant sign simply able charge.",1,1
"Channel: Web Form | Priority: Low | Suspicious charge - Forget Hi Support, My subscription renewed automatically, but I wanted to cancel. Community visit everything.",1,0
"Channel: Email | Priority: Medium | Invoice discrepancy - Region Hi Support, My subscription renewed automatically, but I wanted to cancel. Strategy ball budget several rich where visit rest.",0,0
"Channel: Email | Priority: High | Alert notification - Gas Hi Support, Someone used my card to make a purchase on your site. Appear particularly author on meet than.",0,0
"Channel: Web Form | Priority: Low | Hours of operation - Rest Hi Support, I would like to request a demo for my team. Policy wife carry.",0,0
"Channel: Email | Priority: Medium | Payment failed - Simple Hi Support, My subscription renewed automatically, but I wanted to cancel. About able look science.",0,1
"Channel: Chat | Priority: Low | Pricing tiers - Themselves Hi Support, I would like to request a demo for my team. Dinner food civil improve away high customer.",0,0
"Channel: Chat | Priority: Low | Screen freezes - Learn Hi Support, We are receiving a 500 Internal Server Error on the API endpoint. Authority home open detail.",1,1
"Channel: Chat | Priority: Low | Refund status - The Hi Support, My subscription renewed automatically, but I wanted to cancel. Particular big crime specific anything.",1,1
"Channel: Chat | Priority: Low | Profile update - Knowledge Hi Support, I want to permanently delete my account and data. Nothing discover finish provide yeah.",1,1
"Channel: Email | Priority: Critical | Installation issue - Nice Hi Support, We are receiving a 500 Internal Server Error on the API endpoint. Gun feel security international light them.",1,1
"Channel: Chat | Priority: Low | Suspicious charge - Bring Hi Support, I have been trying to update my payment method but it keeps failing. Still produce send safe inside special.",1,1
"Channel: Chat | Priority: Low | Office location - Reason Hi Support, How does the team pricing tier work? Among not animal wonder set paper vote.",0,0
"Channel: Chat | Priority: High | Hours of operation - Development Hi Support, I would like to request a demo for my team. Size billion where.",1,1
"Channel: Web Form | Priority: Low | Office location - Actually Hi Support, How does the team pricing tier work? Every including table small test cost his idea.",0,0
"Channel: Web Form | Priority: High | Payment failed - Some Hi Support, Can you send me the invoice for transaction #99283? Reduce generation very military.",0,0
"Channel: Web Form | Priority: Low | Installation issue - Man Hi Support, The dashboard is not loading any data, just a spinning wheel. Hard position some.",1,1
"Channel: Chat | Priority: High | Screen freezes - Series Hi Support, My data hasn't synced to the cloud for 24 hours. Often hope agency dark role rich find professional.",0,0
"Channel: Chat | Priority: High | Invoice discrepancy - Claim Hi Support, My subscription renewed automatically, but I wanted to cancel. Yourself reality along international science responsibility.",1,1
"Channel: Chat | Priority: Medium | Payment failed - Various Hi Support, I requested a refund 5 days ago, where is it? Send indeed employee reflect week.",0,0
"Channel: Chat | Priority: Low | Refund status - House Hi Support, Can you send me the invoice for transaction #99283? Ten form smile talk player miss.",1,1
"Channel: Chat | Priority: Medium | Pricing tiers - Hot Hi Support, Do you offer a discount for non-profits? Defense outside size respond.",0,0
"Channel: Web Form | Priority: Low | Office location - Really Hi Support, Is there a roadmap for new features this year? Some head white Mrs easy production weight.",0,0
"Channel: Chat | Priority: Low | 2FA issues - Modern Hi Support, I am not receiving the password reset email. Land thousand listen wish order.",0,0
"Channel: Email | Priority: Low | Profile update - Stay Hi Support, I lost my phone and cannot pass the 2FA check. Success woman cup hair economic.",0,0
"Channel: Email | Priority: High | Refund status - Surface Hi Support, I noticed a double charge on my statement for last month. House heavy study list.",1,1
"Channel: Web Form | Priority: Low | Login failed - Medical Hi Support, The application crashes every time I open the settings tab. Enough daughter page season church score the collection.",1,1
"Channel: Web Form | Priority: Low | Office location - Green Hi Support, Do you offer a discount for non-profits? Yet decision whose job message.",0,0
"Channel: Web Form | Priority: Low | Demo request - Bed Hi Support, Do you offer a discount for non-profits? Identify about effort stage year.",0,0
"Channel: Web Form | Priority: Medium | Change email - Follow Hi Support, I am not receiving the password reset email. Although vote customer increase why style research never.",0,0
"Channel: Chat | Priority: Low | Password reset - Agency Hi Support, My profile picture is not updating. Soldier avoid set use series huge.",0,1
"Channel: Email | Priority: High | Login failed - Professor Hi Support, We are receiving a 500 Internal Server Error on the API endpoint. Seat own above drive often challenge near raise.",0,0
"Channel: Web Form | Priority: Medium | Charged twice - Include Hi Support, My subscription renewed automatically, but I wanted to cancel. Campaign agency concern number draw point until you.",0,0
"Channel: Email | Priority: Critical | Phishing attempt - Do Hi Support, Why is there a new device added to my trusted list? Wall body too drop body year about.",1,1
"Channel: Chat | Priority: Low | Feature request - Partner Hi Support, Where is your headquarters located? Catch say wide pay reality compare.",0,0
"Channel: Chat | Priority: Low | Refund status - Bill Hi Support, I noticed a double charge on my statement for last month. May white official.",0,0
"Channel: Chat | Priority: Low | App crashing - Next Hi Support, I cannot log into my account even after resetting the password. Their difficult phone shoulder.",1,1
"Channel: Chat | Priority: High | Product question - Big Hi Support, How does the team pricing tier work? Operation national happy call black.",1,1
"Channel: Web Form | Priority: Low | API Error 500 - By Hi Support, The dashboard is not loading any data, just a spinning wheel. Scientist thousand hotel example play be.",1,1
"Channel: Chat | Priority: High | Screen freezes - Address Hi Support, The dashboard is not loading any data, just a spinning wheel. Yeah teach strategy should matter herself.",0,0
"Channel: Web Form | Priority: Medium | Update credit card - Most Hi Support, I have been trying to update my payment method but it keeps failing. Style ability result religious mission family TV other.",0,0
"Channel: Web Form | Priority: Medium | Profile update - Lot Hi Support, I lost my phone and cannot pass the 2FA check. Field million bit win since shake.",0,0
"Channel: Web Form | Priority: Medium | Suspicious charge - Though Hi Support, Can you send me the invoice for transaction #99283? Crime half success week others officer at.",0,0
"Channel: Email | Priority: Medium | Screen freezes - Scientist Hi Support, I cannot log into my account even after resetting the password. Any experience skin people civil.",0,0
"Channel: Web Form | Priority: Low | Installation issue - Our Hi Support, I cannot log into my account even after resetting the password. Beyond material plant race customer floor.",1,1
"Channel: Chat | Priority: Low | Password reset - Foot Hi Support, How do I upgrade to the Enterprise plan? Team up population husband.",0,0
"Channel: Web Form | Priority: Critical | App crashing - Machine Hi Support, How do I install the latest patch on Windows 11? Effort stock adult standard.",1,1
"Channel: Email | Priority: Medium | Login failed - Spend Hi Support, We are receiving a 500 Internal Server Error on the API endpoint. Road ball form save just on.",1,1
"Channel: Email | Priority: Low | Hours of operation - Wall Hi Support, What are your support operating hours? Find bar year.",0,0
"Channel: Email | Priority: Low | Feature request - Challenge Hi Support, Where is your headquarters located? Friend win baby people air wish.",0,0
"Channel: Email | Priority: Medium | Demo request - Bit Hi Support, Where is your headquarters located? Hand live why.",0,0
"Channel: Web Form | Priority: Low | Password reset - Size Hi Support, How do I upgrade to the Enterprise plan? Tv thank animal back budget program.",0,0
"Channel: Email | Priority: Medium | Feature request - Approach Hi Support, How does the team pricing tier work? Write subject analysis kitchen table investment film.",1,1
"Channel: Email | Priority: Low | Change email - Make Hi Support, My profile picture is not updating. Go ahead enough high.",0,1
"Channel: Chat | Priority: High | 2FA issues - Wind Hi Support, I want to permanently delete my account and data. Always no up about.",0,1
"Channel: Email | Priority: Low | Hours of operation - Different Hi Support, Where is your headquarters located? Unit crime drop involve art.",0,0
"Channel: Web Form | Priority: Medium | Suspicious charge - Teacher Hi Support, I noticed a double charge on my statement for last month. Event fire federal seat.",0,0
"Channel: Email | Priority: Medium | Installation issue - First Hi Support, We are receiving a 500 Internal Server Error on the API endpoint. Investment author election.",0,0
"Channel: Chat | Priority: Low | Hours of operation - Nothing Hi Support, What are your support operating hours? Recognize rather side.",1,0
"Channel: Email | Priority: Medium | Payment failed - Gun Hi Support, Can you send me the invoice for transaction #99283? Structure three present send.",0,0
"Channel: Web Form | Priority: Low | Payment failed - Month Hi Support, I have been trying to update my payment method but it keeps failing. Policy within now again artist.",1,1
"Channel: Web Form | Priority: Low | Charged twice - First Hi Support, I noticed a double charge on my statement for last month. News speak despite end natural degree hope should.",0,0
"Channel: Email | Priority: Low | Change email - Begin Hi Support, I lost my phone and cannot pass the 2FA check. Learn risk as other live.",1,1
"Channel: Web Form | Priority: Critical | Login failed - Experience Hi Support, We are receiving a 500 Internal Server Error on the API endpoint. Option add push effect option but.",1,0
"Channel: Chat | Priority: High | API Error 500 - Tax Hi Support, The dashboard is not loading any data, just a spinning wheel. Day soldier worker power.",0,0
"Channel: Chat | Priority: Medium | Installation issue - Relate Hi Support, How do I install the latest patch on Windows 11? Throughout business dog support school throughout send.",0,0
"Channel: Email | Priority: Medium | Login failed - Begin Hi Support, The dashboard is not loading any data, just a spinning wheel. Those guy stand charge read.",1,1
"Channel: Web Form | Priority: Medium | Pricing tiers - Health Hi Support, Do you offer a discount for non-profits? World phone perhaps week knowledge develop.",0,0
"Channel: Email | Priority: Low | Suspicious charge - Seek Hi Support, I have been trying to update my payment method but it keeps failing. Thus see president find arrive former pay.",0,1
"Channel: Email | Priority: Medium | Data not syncing - Me Hi Support, How do I install the latest patch on Windows 11? Star raise entire property consider training.",0,0
"Channel: Email | Priority: Medium | Pricing tiers - What Hi Support, How does the team pricing tier work? Side brother here order learn lot.",0,1
"Channel: Email | Priority: Critical | Screen freezes - Successful Hi Support, My data hasn't synced to the cloud for 24 hours. Leg lawyer key particularly finally.",1,1
"Channel: Chat | Priority: Low | Refund status - Care Hi Support, I have been trying to update my payment method but it keeps failing. Challenge discover ago conference mean good cause.",1,1
"Channel: Web Form | Priority: Low | Profile update - Reach Hi Support, Please help me change the email address associated with my account. Eight again voice trade black.",0,1
"Channel: Web Form | Priority: Low | Data not syncing - Mission Hi Support, My data hasn't synced to the cloud for 24 hours. Gun better reach itself party where.",0,1
"Channel: Web Form | Priority: Low | Payment failed - Relate Hi Support, Can you send me the invoice for transaction #99283? Store professor prepare candidate meeting.",1,1
"Channel: Email | Priority: High | Installation issue - Feel Hi Support, The application crashes every time I open the settings tab. Month study impact think.",0,0
"Channel: Web Form | Priority: Medium | Refund status - Fire Hi Support, Can you send me the invoice for transaction #99283? Need personal worry talk.",0,0
"Channel: Web Form | Priority: High | Demo request - Side Hi Support, How does the team pricing tier work? Attention lot clearly else.",1,1
"Channel: Web Form | Priority: Low | Password reset - Performance Hi Support, I am not receiving the password reset email. Structure player wait name director lot assume.",1,1
"Channel: Chat | Priority: Medium | Installation issue - These Hi Support, The dashboard is not loading any data, just a spinning wheel. Answer feeling because beyond set finally design democratic.",0,0
"Channel: Web Form | Priority: Medium | Hours of operation - Ten Hi Support, I would like to request a demo for my team. Decade report high protect career follow.",0,0
"Channel: Web Form | Priority: Medium | Data not syncing - Wonder Hi Support, My data hasn't synced to the cloud for 24 hours. Myself culture already.",0,0
"Channel: Email | Priority: Low | Product question - Push Hi Support, I would like to request a demo for my team. Would painting from pick someone Republican.",0,0
"Channel: Chat | Priority: Medium | Feature request - Figure Hi Support, What are your support operating hours? Glass water catch mother type look create take.",0,0
"Channel: Chat | Priority: Medium | API Error 500 - Upon Hi Support, The dashboard is not loading any data, just a spinning wheel. Since religious everything I box power most.",0,1
"Channel: Web Form | Priority: High | Charged twice - Wife Hi Support, My subscription renewed automatically, but I wanted to cancel. Speak full character national fill although.",0,1
"Channel: Email | Priority: Medium | Data not syncing - Experience Hi Support, We are receiving a 500 Internal Server Error on the API endpoint. Speech money country drug activity.",0,0
"Channel: Web Form | Priority: Medium | Feature request - Likely Hi Support, Do you offer a discount for non-profits? Or federal more factor law too instead guy.",0,1
"Channel: Web Form | Priority: Medium | Data not syncing - Point Hi Support, I cannot log into my account even after resetting the password. Others middle argue let.",0,0
"Channel: Web Form | Priority: Low | Login failed - Project Hi Support, We are receiving a 500 Internal Server Error on the API endpoint. Modern fact person share contain return.",1,1
"Channel: Email | Priority: Critical | App crashing - Want Hi Support, I cannot log into my account even after resetting the password. Popular would pressure use maintain manager mouth.",0,0
"Channel: Chat | Priority: Low | Pricing tiers - Account Hi Support, I would like to request a demo for my team. Price catch be investment run own article save.",0,0
"Channel: Chat | Priority: Low | Delete account - Guy Hi Support, I want to permanently delete my account and data. Rise ago job seem whom.",1,1
"Channel: Web Form | Priority: Medium | Suspicious charge - Cup Hi Support, I have been trying to update my payment method but it keeps failing. Arm Mrs strong I space.",0,0
"Channel: Chat | Priority: Critical | Account hacked - Boy Hi Support, I received a login alert from a device in Russia, which wasn't me. Agreement institution if year much.",1,0
"Channel: Email | Priority: High | Feature request - Just Hi Support, I would like to request a demo for my team. Say firm work ok popular chair.",1,1
"Channel: Email | Priority: High | API Error 500 - Hot Hi Support, How do I install the latest patch on Windows 11? Someone particularly college firm speech common somebody.",0,0
"Channel: Web Form | Priority: Medium | Update credit card - Book Hi Support, I requested a refund 5 days ago, where is it? New meeting cut respond another war sound.",0,0
"Channel: Email | Priority: High | Login failed - Message Hi Support, I cannot log into my account even after resetting the password. Realize occur call picture system.",0,0
"Channel: Chat | Priority: Medium | Change email - Thank Hi Support, My profile picture is not updating. Message religious film author send drive into.",0,0
"Channel: Email | Priority: Low | Password reset - Former Hi Support, Please help me change the email address associated with my account. Artist see learn hit ask never.",0,1
"Channel: Email | Priority: High | Suspicious charge - Defense Hi Support, I requested a refund 5 days ago, where is it? Few policy speech fill.",1,1
"Channel: Chat | Priority: Low | Pricing tiers - Prepare Hi Support, I would like to request a demo for my team. Carry policy different hot.",0,0
"Channel: Chat | Priority: Low | Demo request - Soon Hi Support, I would like to request a demo for my team. Until entire executive beyond.",0,0
"Channel: Web Form | Priority: Medium | Hours of operation - Show Hi Support, How does the team pricing tier work? Like after teach for middle push.",0,0
"Channel: Chat | Priority: Medium | Product question - Response Hi Support, Do you offer a discount for non-profits? Represent teach animal idea simply take.",1,1
"Channel: Chat | Priority: Medium | Office location - Whether Hi Support, Is there a roadmap for new features this year? Keep worker end trip movie century build she.",0,0
"Channel: Email | Priority: Medium | API Error 500 - Season Hi Support, The application crashes every time I open the settings tab. Kitchen discuss first individual issue want would.",0,0
"Channel: Web Form | Priority: Low | Pricing tiers - Travel Hi Support, Is there a roadmap for new features this year? Summer also ready local open several color.",0,0
"Channel: Chat | Priority: Medium | Delete account - Decide Hi Support, How do I upgrade to the Enterprise plan? Beat military six bar bit.",0,0
"Channel: Chat | Priority: Low | Profile update - Statement Hi Support, Please help me change the email address associated with my account. Focus charge movie find human discuss husband.",0,0
"Channel: Web Form | Priority: Low | Subscription upgrade - Tend Hi Support, I am not receiving the password reset email. Trade court environmental yes.",0,1
"Channel: Web Form | Priority: Low | Charged twice - Behind Hi Support, Why is my bill higher than the agreed amount? Those marriage behind consumer evidence.",0,0
"Channel: Email | Priority: Medium | Screen freezes - Tax Hi Support, I cannot log into my account even after resetting the password. Experience poor machine quite language administration.",0,0
"Channel: Email | Priority: Medium | Data not syncing - Of Hi Support, My data hasn't synced to the cloud for 24 hours. And keep story animal sometimes.",0,0
"Channel: Chat | Priority: Low | Delete account - Agreement Hi Support, My profile picture is not updating. Last run change agreement.",0,1
"Channel: Email | Priority: High | Delete account - Other Hi Support, My profile picture is not updating. Other well customer two option time respond.",0,0
"Channel: Web Form | Priority: Medium | Update credit card - Fill Hi Support, I noticed a double charge on my statement for last month. Despite series thought issue most college.",0,0
"Channel: Chat | Priority: Low | Charged twice - Both Hi Support, I have been trying to update my payment method but it keeps failing. Level father difference tell.",1,1
"Channel: Web Form | Priority: Medium | Profile update - Push Hi Support, I lost my phone and cannot pass the 2FA check. Much player whether office TV less through.",0,0
"Channel: Email | Priority: Low | Pricing tiers - Organization Hi Support, Do you offer a discount for non-profits? See feeling heart fund.",0,0
"Channel: Email | Priority: Medium | API Error 500 - Reality Hi Support, How do I install the latest patch on Windows 11? Performance meeting present issue purpose two enjoy happy.",0,0
"Channel: Chat | Priority: Medium | Installation issue - Late Hi Support, My data hasn't synced to the cloud for 24 hours. Feel seven live last say.",0,0
"Channel: Web Form | Priority: Critical | Data not syncing - Behind Hi Support, My data hasn't synced to the cloud for 24 hours. Rock police forget cover source term read.",1,1
"Channel: Web Form | Priority: Medium | Hours of operation - When Hi Support, Do you offer a discount for non-profits? Much big work because type citizen drug night.",0,0
"Channel: Web Form | Priority: Medium | Office location - Audience Hi Support, Is there a roadmap for new features this year? Number whole treat yourself people two.",0,1
"Channel: Chat | Priority: Medium | Charged twice - Name Hi Support, I requested a refund 5 days ago, where is it? Certainly memory where example.",0,0
"Channel: Email | Priority: High | Screen freezes - Fact Hi Support, How do I install the latest patch on Windows 11? Add entire according idea.",1,1
"Channel: Web Form | Priority: Medium | Update credit card - Challenge Hi Support, I have been trying to update my payment method but it keeps failing. Enough raise business wait will military east.",0,0
"Channel: Chat | Priority: Low | App crashing - Mr Hi Support, My data hasn't synced to the cloud for 24 hours. Eight with actually public.",1,1
"Channel: Email | Priority: Medium | Data not syncing - Operation Hi Support, The application crashes every time I open the settings tab. Check employee along decide break administration firm.",0,0
"Channel: Email | Priority: Critical | Suspicious activity - Do Hi Support, I received a login alert from a device in Russia, which wasn't me. Mission firm media government will.",1,1
"Channel: Chat | Priority: Medium | Demo request - Safe Hi Support, What are your support operating hours? Behavior Democrat two interview trial.",0,0
"Channel: Web Form | Priority: Medium | Delete account - Along Hi Support, How do I upgrade to the Enterprise plan? First data kitchen we plan general decision itself.",0,0
"Channel: Chat | Priority: Medium | Invoice discrepancy - Industry Hi Support, I requested a refund 5 days ago, where is it? Guy major issue represent movie relationship.",0,0
"Channel: Email | Priority: Low | Refund status - I Hi Support, I requested a refund 5 days ago, where is it? Left analysis then follow direction someone ahead former.",0,1
"Channel: Chat | Priority: Medium | App crashing - Difficult Hi Support, The dashboard is not loading any data, just a spinning wheel. Size recognize force tend meeting.",0,1
"Channel: Email | Priority: Medium | Pricing tiers - Away Hi Support, Is there a roadmap for new features this year? Service back police pay.",1,0
"Channel: Chat | Priority: Medium | Change email - President Hi Support, My profile picture is not updating. Tree play before artist girl ever.",0,0
"Channel: Chat | Priority: High | Screen freezes - Significant Hi Support, I cannot log into my account even after resetting the password. Important wrong view effect leg picture always.",0,0
"Channel: Web Form | Priority: Medium | App crashing - Major Hi Support, The dashboard is not loading any data, just a spinning wheel. Throughout resource identify behavior.",0,1
"Channel: Web Form | Priority: Medium | Office location - Stage Hi Support, Do you offer a discount for non-profits? Begin result recognize other think finally enjoy.",0,1
"Channel: Web Form | Priority: Medium | Hours of operation - North Hi Support, Do you offer a discount for non-profits? Class certain ask nor those figure television.",0,0
"Channel: Email | Priority: Low | Refund status - Order Hi Support, My subscription renewed automatically, but I wanted to cancel. Charge indicate material film from born.",0,0
"Channel: Chat | Priority: Medium | Demo request - Station Hi Support, Where is your headquarters located? Town now news.",0,0
"Channel: Email | Priority: Low | App crashing - Drive Hi Support, How do I install the latest patch on Windows 11? Create pass benefit financial.",0,0
"Channel: Web Form | Priority: Medium | Pricing tiers - Build Hi Support, How does the team pricing tier work? Boy well realize whatever.",1,0
"Channel: Chat | Priority: Low | Hours of operation - Agent Hi Support, Where is your headquarters located? Owner president condition remember today.",0,0
"Channel: Email | Priority: Low | Screen freezes - Him Hi Support, The dashboard is not loading any data, just a spinning wheel. Open work each their according.",1,1
"Channel: Web Form | Priority: Medium | Invoice discrepancy - American Hi Support, Can you send me the invoice for transaction #99283? Face fall bit clear government seem.",0,0
"Channel: Chat | Priority: Medium | Hours of operation - Far Hi Support, How does the team pricing tier work? Pull position gun always.",1,0
"Channel: Web Form | Priority: Medium | Change email - Leave Hi Support, Please help me change the email address associated with my account. Within body recognize smile despite fall message.",0,0
"Channel: Chat | Priority: Low | Pricing tiers - Including Hi Support, How does the team pricing tier work? Central feeling not represent.",0,0
"Channel: Web Form | Priority: Low | Charged twice - You Hi Support, I requested a refund 5 days ago, where is it? Song analysis movement lose about structure.",1,1
"Channel: Chat | Priority: Medium | Password reset - Important Hi Support, I lost my phone and cannot pass the 2FA check. Certainly education usually building pattern sing current.",0,0
"Channel: Email | Priority: Medium | Data not syncing - Knowledge Hi Support, I cannot log into my account even after resetting the password. Democrat here key drive group sign.",0,0
"Channel: Web Form | Priority: Medium | API Error 500 - Herself Hi Support, My data hasn't synced to the cloud for 24 hours. Thus sit analysis Republican can street fish mother.",0,1
"Channel: Web Form | Priority: Medium | Charged twice - Tell Hi Support, I requested a refund 5 days ago, where is it? Plan cost matter forget role sometimes together.",0,0
"Channel: Chat | Priority: Low | Hours of operation - Task Hi Support, Where is your headquarters located? Indeed study wrong front word only although.",0,0
"Channel: Web Form | Priority: Critical | Stolen card - Perform Hi Support, Lock my account immediately, I see transactions I didn't make. Something worker forget it cause.",0,0
"Channel: Web Form | Priority: Low | Profile update - Range Hi Support, How do I upgrade to the Enterprise plan? High civil lawyer soldier approach family.",0,0
"Channel: Chat | Priority: Low | Pricing tiers - Here Hi Support, What are your support operating hours? Song risk time amount owner manage.",1,0
"Channel: Email | Priority: Low | Hours of operation - The Hi Support, Do you offer a discount for non-profits? Box explain organization.",0,0
"Channel: Chat | Priority: High | Alert notification - Concern Hi Support, Someone used my card to make a purchase on your site. Agent small decade.",0,0
"Channel: Chat | Priority: Low | Password reset - Claim Hi Support, Please help me change the email address associated with my account. Tough nearly rate task size.",0,1
"Channel: Chat | Priority: High | Suspicious charge - Leader Hi Support, I noticed a double charge on my statement for last month. Lay dark camera.",1,1
"Channel: Email | Priority: Low | Demo request - Above Hi Support, Do you offer a discount for non-profits? Sing why necessary author industry.",0,0
"Channel: Chat | Priority: Low | Office location - Main Hi Support, I would like to request a demo for my team. Teacher series whose a also citizen argue.",0,0
"Channel: Chat | Priority: Low | Change email - Avoid Hi Support, I lost my phone and cannot pass the 2FA check. Myself hotel probably commercial.",0,1
"Channel: Email | Priority: High | Password reset - Relationship Hi Support, Please help me change the email address associated with my account. Care peace throw nature rest stand value.",1,1
"Channel: Email | Priority: Low | Payment failed - Audience Hi Support, My subscription renewed automatically, but I wanted to cancel. Hotel finally them baby sit evening.",1,1
"Channel: Web Form | Priority: Medium | Update credit card - Pick Hi Support, My subscription renewed automatically, but I wanted to cancel. For best expert traditional.",0,0
"Channel: Web Form | Priority: Medium | App crashing - Amount Hi Support, How do I install the latest patch on Windows 11? Discover read he fish woman.",0,0
"Channel: Web Form | Priority: Low | Subscription upgrade - Attention Hi Support, My profile picture is not updating. Such nation very song.",0,0
"Channel: Chat | Priority: Low | Data not syncing - Generation Hi Support, The application crashes every time I open the settings tab. Me enough hope throughout.",1,1
"Channel: Email | Priority: Medium | Data not syncing - Drop Hi Support, How do I install the latest patch on Windows 11? Long kid fire see light.",0,0
"Channel: Web Form | Priority: Critical | Stolen card - Yet Hi Support, I received a login alert from a device in Russia, which wasn't me. Many about tonight effort general rise.",1,1
"Channel: Web Form | Priority: Medium | Password reset - Heart Hi Support, I lost my phone and cannot pass the 2FA check. Present recognize former financial he.",0,0
"Channel: Chat | Priority: Medium | Change email - Report Hi Support, I am not receiving the password reset email. Sister fear throughout along picture.",0,0
"Channel: Email | Priority: Low | Profile update - Foot Hi Support, I want to permanently delete my account and data. Develop believe bank next purpose also.",0,0
"Channel: Web Form | Priority: Medium | Change email - Spend Hi Support, I lost my phone and cannot pass the 2FA check. Use happy buy effort.",0,0
"Channel: Email | Priority: Medium | Feature request - Service Hi Support, Where is your headquarters located? Health above maintain card tonight three effect will.",0,0
"Channel: Email | Priority: High | Unrecognized login - Three Hi Support, Someone used my card to make a purchase on your site. Analysis mother machine.",0,0
"Channel: Email | Priority: Medium | Subscription upgrade - Other Hi Support, I want to permanently delete my account and data. Lose happen wish free.",0,0
"Channel: Email | Priority: Critical | Stolen card - By Hi Support, Someone used my card to make a purchase on your site. If song bag weight official.",1,1
"Channel: Email | Priority: Medium | Product question - Father Hi Support, Where is your headquarters located? Require ten rather why free second agreement.",1,1
"Channel: Email | Priority: Low | Change email - Southern Hi Support, How do I upgrade to the Enterprise plan? Government many leg want.",0,0
"Channel: Web Form | Priority: Critical | Screen freezes - Direction Hi Support, My data hasn't synced to the cloud for 24 hours. Energy listen oil late commercial.",1,1
"Channel: Chat | Priority: High | Login failed - News Hi Support, The application crashes every time I open the settings tab. Scientist shoulder type talk everything management.",0,0
"Channel: Chat | Priority: Critical | Phishing attempt - Save Hi Support, I received a login alert from a device in Russia, which wasn't me. Health international six least term camera me.",1,1
"Channel: Email | Priority: Low | Refund status - Two Hi Support, I requested a refund 5 days ago, where is it? Minute reflect man right theory near performance.",1,1
"Channel: Email | Priority: Medium | Data not syncing - His Hi Support, I cannot log into my account even after resetting the password. Easy science same less who.",0,0
"Channel: Chat | Priority: Low | Login failed - Play Hi Support, We are receiving a 500 Internal Server Error on the API endpoint. Decade true environmental various.",1,1
"Channel: Web Form | Priority: Low | Suspicious charge - Deep Hi Support, My subscription renewed automatically, but I wanted to cancel. Report citizen meeting choose set local culture.",0,0
"Channel: Chat | Priority: Medium | Suspicious charge - Compare Hi Support, My subscription renewed automatically, but I wanted to cancel. Sense quality get off contain.",0,0
"Channel: Email | Priority: Low | Demo request - Computer Hi Support, I would like to request a demo for my team. Notice find program eye pick cultural.",0,0
"Channel: Chat | Priority: Low | Refund status - Summer Hi Support, My subscription renewed automatically, but I wanted to cancel. Test see off spend.",0,1
"Channel: Email | Priority: Medium | 2FA issues - Leg Hi Support, My profile picture is not updating. Every recent first six couple enter beyond.",0,0
"Channel: Web Form | Priority: High | Demo request - Stuff Hi Support, How does the team pricing tier work? Why arrive subject world morning.",1,1
"Channel: Email | Priority: Low | Subscription upgrade - Figure Hi Support, I want to permanently delete my account and data. Different yard society.",0,0
"Channel: Web Form | Priority: High | Login failed - Environment Hi Support, The dashboard is not loading any data, just a spinning wheel. Officer present base loss society.",0,0
"Channel: Email | Priority: Medium | Charged twice - Material Hi Support, I noticed a double charge on my statement for last month. Girl sister well simply soldier including.",0,0
"Channel: Email | Priority: Low | Change email - Establish Hi Support, My profile picture is not updating. Education light think cultural sport life.",0,0
"Channel: Email | Priority: Medium | Screen freezes - Major Hi Support, How do I install the latest patch on Windows 11? Bill miss step to bit.",0,0
"Channel: Web Form | Priority: Low | Charged twice - Wear Hi Support, I noticed a double charge on my statement for last month. Really source green back wear foreign.",0,0
"Channel: Web Form | Priority: Low | Change email - Some Hi Support, Please help me change the email address associated with my account. Old appear hear visit thank loss.",1,0
"Channel: Chat | Priority: Low | Payment failed - Where Hi Support, Why is my bill higher than the agreed amount? Name western travel.",1,1
"Channel: Web Form | Priority: High | API Error 500 - Tax Hi Support, I cannot log into my account even after resetting the password. System have bring learn difference.",0,0
"Channel: Web Form | Priority: Low | Subscription upgrade - Be Hi Support, How do I upgrade to the Enterprise plan? Large age news record.",0,0
"Channel: Email | Priority: Low | Password reset - Operation Hi Support, How do I upgrade to the Enterprise plan? Sort loss after nice so.",0,0
"Channel: Email | Priority: Medium | Change email - Effect Hi Support, Please help me change the email address associated with my account. Write move if wear.",0,0
"Channel: Email | Priority: Low | Refund status - Grow Hi Support, I requested a refund 5 days ago, where is it? Garden across necessary good.",0,0
"Channel: Web Form | Priority: Medium | Delete account - Treat Hi Support, How do I upgrade to the Enterprise plan? Local matter usually respond section upon manage need.",0,0
"Channel: Chat | Priority: Medium | 2FA issues - Start Hi Support, I am not receiving the password reset email. Right language police issue.",0,0
"Channel: Email | Priority: Medium | Password reset - Available Hi Support, I lost my phone and cannot pass the 2FA check. Past painting through indicate organization avoid impact through.",0,0
"Channel: Chat | Priority: High | App crashing - Now Hi Support, My data hasn't synced to the cloud for 24 hours. Never as stand stage sign last born.",0,0
"Channel: Web Form | Priority: Medium | Demo request - Rest Hi Support, Do you offer a discount for non-profits? History upon speech color if.",1,0
"Channel: Web Form | Priority: Low | Charged twice - Help Hi Support, I noticed a double charge on my statement for last month. Call us near defense eye.",0,0
"Channel: Email | Priority: High | Installation issue - In Hi Support, The application crashes every time I open the settings tab. Charge year prove them half account tree.",0,0
"Channel: Chat | Priority: Medium | Password reset - Station Hi Support, How do I upgrade to the Enterprise plan? North lose air gas opportunity occur name.",0,0
"Channel: Chat | Priority: Critical | Login failed - Travel Hi Support, I cannot log into my account even after resetting the password. Health you some international off.",0,0
"Channel: Email | Priority: Medium | API Error 500 - Once Hi Support, How do I install the latest patch on Windows 11? Simply itself key attention.",0,0
"Channel: Email | Priority: High | Screen freezes - Issue Hi Support, How do I install the latest patch on Windows 11? Help forget draw culture Mrs same.",1,1
"Channel: Chat | Priority: Low | Charged twice - Go Hi Support, Can you send me the invoice for transaction #99283? Participant unit century federal people bar finish.",0,0
"Channel: Email | Priority: Medium | Profile update - Water Hi Support, I want to permanently delete my account and data. West court there about goal black.",0,0
"Channel: Chat | Priority: Low | Suspicious charge - Tonight Hi Support, My subscription renewed automatically, but I wanted to cancel. Ago environment million dream yes receive.",0,0
"Channel: Email | Priority: Medium | Login failed - Trip Hi Support, The application crashes every time I open the settings tab. Common account federal.",1,1
"Channel: Chat | Priority: Medium | Charged twice - Develop Hi Support, My subscription renewed automatically, but I wanted to cancel. Grow early capital race center soon performance radio.",0,0
"Channel: Email | Priority: Medium | Password reset - Enough Hi Support, Please help me change the email address associated with my account. Again enough card hard outside particularly.",0,0
"Channel: Email | Priority: Medium | Invoice discrepancy - Few Hi Support, I requested a refund 5 days ago, where is it? Everyone final significant though stand happy perhaps.",0,0
"Channel: Chat | Priority: Medium | Update credit card - Enjoy Hi Support, I requested a refund 5 days ago, where is it? Son certainly charge television job commercial.",0,0
"Channel: Email | Priority: Critical | API Error 500 - Item Hi Support, The application crashes every time I open the settings tab. Car add phone grow idea dog want so.",1,1
"Channel: Web Form | Priority: Medium | Update credit card - Now Hi Support, I noticed a double charge on my statement for last month. Purpose son company young.",0,0
"Channel: Email | Priority: Low | Profile update - Argue Hi Support, My profile picture is not updating. So fish nor national least expert.",0,0
"Channel: Email | Priority: Medium | Charged twice - More Hi Support, I have been trying to update my payment method but it keeps failing. Safe bed like information hear.",0,0
"Channel: Web Form | Priority: Medium | Feature request - Because Hi Support, I would like to request a demo for my team. Important show member.",0,1
"Channel: Web Form | Priority: High | Suspicious charge - Front Hi Support, My subscription renewed automatically, but I wanted to cancel. Property cold side list life.",1,1
"Channel: Email | Priority: Critical | Screen freezes - Development Hi Support, How do I install the latest patch on Windows 11? Yet lawyer movie everyone.",1,1
"Channel: Email | Priority: Critical | Account hacked - Plan Hi Support, Someone used my card to make a purchase on your site. Usually kitchen picture such range career.",1,1
"Channel: Web Form | Priority: Low | Product question - Test Hi Support, How does the team pricing tier work? Conference environment record position.",0,0
"Channel: Web Form | Priority: Medium | Password reset - College Hi Support, I want to permanently delete my account and data. Health seven final enter physical answer here.",0,0
"Channel: Email | Priority: High | Charged twice - Model Hi Support, My subscription renewed automatically, but I wanted to cancel. Society share discuss no woman few.",1,1
"Channel: Chat | Priority: Low | API Error 500 - Pressure Hi Support, I cannot log into my account even after resetting the password. Official art base under north pretty at.",1,1
"Channel: Web Form | Priority: Medium | Subscription upgrade - Rock Hi Support, I am not receiving the password reset email. Money structure government man art new indeed.",0,0
"Channel: Web Form | Priority: Low | Subscription upgrade - Then Hi Support, I want to permanently delete my account and data. Would experience answer peace hold scientist.",0,0
"Channel: Web Form | Priority: Medium | Login failed - Hot Hi Support, The dashboard is not loading any data, just a spinning wheel. Street hot natural threat development discussion.",1,1
"Channel: Chat | Priority: Medium | Installation issue - By Hi Support, The dashboard is not loading any data, just a spinning wheel. Admit American happen skill trade phone ever.",0,0
"Channel: Web Form | Priority: Medium | Refund status - Foreign Hi Support, I noticed a double charge on my statement for last month. Take sometimes statement blood operation talk and.",0,0
"Channel: Web Form | Priority: Medium | Screen freezes - Year Hi Support, I cannot log into my account even after resetting the password. Maybe north article focus oil attention.",0,0
"Channel: Web Form | Priority: High | Login failed - Room Hi Support, The application crashes every time I open the settings tab. Age light deep green challenge.",0,0
"Channel: Web Form | Priority: Medium | Installation issue - Left Hi Support, How do I install the latest patch on Windows 11? Travel production computer building.",0,0
"Channel: Web Form | Priority: Low | Invoice discrepancy - Painting Hi Support, I noticed a double charge on my statement for last month. Table here line share financial hot instead.",0,0
"Channel: Web Form | Priority: Critical | Unrecognized login - Short Hi Support, I received a login alert from a device in Russia, which wasn't me. Number meeting book.",1,1
"Channel: Web Form | Priority: Medium | Hours of operation - Money Hi Support, What are your support operating hours? Throw behavior bad Republican.",0,0
"Channel: Web Form | Priority: Low | Refund status - Apply Hi Support, My subscription renewed automatically, but I wanted to cancel. Attorney data pattern room.",0,0
"Channel: Chat | Priority: Medium | App crashing - Street Hi Support, The application crashes every time I open the settings tab. Approach fall class.",0,1
"Channel: Email | Priority: Low | Demo request - Official Hi Support, Where is your headquarters located? Often character instead ever beyond.",0,0
"Channel: Chat | Priority: Low | Office location - Condition Hi Support, What are your support operating hours? Camera allow when water mother cover hotel across.",0,0
"Channel: Email | Priority: Low | Update credit card - Across Hi Support, Can you send me the invoice for transaction #99283? Unit common store their community follow way.",0,0
"Channel: Email | Priority: Low | Profile update - Song Hi Support, How do I upgrade to the Enterprise plan? Teacher look throughout machine according recently picture everyone.",0,0
"Channel: Chat | Priority: Low | Delete account - Law Hi Support, I want to permanently delete my account and data. Whose always stuff finish.",0,0
"Channel: Chat | Priority: Low | Refund status - Of Hi Support, My subscription renewed automatically, but I wanted to cancel. Some represent because course goal close art music.",1,0
"Channel: Email | Priority: Low | Suspicious charge - Election Hi Support, Can you send me the invoice for transaction #99283? World song control appear.",0,0
"Channel: Email | Priority: Medium | Profile update - Garden Hi Support, I am not receiving the password reset email. It act former.",0,0
"Channel: Chat | Priority: Medium | API Error 500 - Likely Hi Support, The application crashes every time I open the settings tab. Walk American eye away.",1,1
"Channel: Chat | Priority: Medium | Update credit card - Small Hi Support, I noticed a double charge on my statement for last month. Fall spend truth create poor.",0,0
"Channel: Web Form | Priority: Low | Suspicious charge - Brother Hi Support, I have been trying to update my payment method but it keeps failing. Movement deal evidence news thing step small.",0,1
"Channel: Chat | Priority: High | Subscription upgrade - Identify Hi Support, Please help me change the email address associated with my account. Just record become.",1,1
"Channel: Email | Priority: Low | Office location - Economy Hi Support, Do you offer a discount for non-profits? Picture day customer we on lot western.",0,0
"Channel: Email | Priority: High | Data not syncing - Scientist Hi Support, How do I install the latest patch on Windows 11? Soon century like law recently remember whatever.",1,1
"Channel: Web Form | Priority: High | Suspicious charge - Prevent Hi Support, Why is my bill higher than the agreed amount? Republican tax letter community for.",1,1
"Channel: Email | Priority: Medium | App crashing - Grow Hi Support, My data hasn't synced to the cloud for 24 hours. Within something main source federal.",0,0
"Channel: Web Form | Priority: Low | Subscription upgrade - Best Hi Support, How do I upgrade to the Enterprise plan? Management effect side contain.",0,0
"Channel: Email | Priority: Medium | Office location - Small Hi Support, Is there a roadmap for new features this year? So number Congress majority answer rise air hard.",0,0
"Channel: Chat | Priority: High | Login failed - Skin Hi Support, The dashboard is not loading any data, just a spinning wheel. Beyond participant into suggest kid threat American area.",0,0
"Channel: Web Form | Priority: Low | Invoice discrepancy - Figure Hi Support, I noticed a double charge on my statement for last month. Attack end apply certain contain.",0,0
"Channel: Email | Priority: Low | App crashing - Him Hi Support, The application crashes every time I open the settings tab. Brother friend foot beautiful quality money.",1,1
"Channel: Email | Priority: Medium | API Error 500 - Performance Hi Support, My data hasn't synced to the cloud for 24 hours. Blood over pattern senior various discover.",0,1
"Channel: Web Form | Priority: Medium | Login failed - Where Hi Support, I cannot log into my account even after resetting the password. Show floor miss forward others.",0,1
"Channel: Chat | Priority: Medium | Update credit card - Start Hi Support, My subscription renewed automatically, but I wanted to cancel. Director just weight role reduce girl.",0,0
"Channel: Chat | Priority: Low | 2FA issues - Carry Hi Support, I lost my phone and cannot pass the 2FA check. Professor focus hotel culture once.",0,0
"Channel: Chat | Priority: Medium | Profile update - Take Hi Support, I lost my phone and cannot pass the 2FA check. Skin sign prove base husband keep war TV.",0,0
"Channel: Email | Priority: Medium | Pricing tiers - Bag Hi Support, How does the team pricing tier work? Expect happy week.",0,0
"Channel: Web Form | Priority: Low | Subscription upgrade - Bring Hi Support, I am not receiving the password reset email. Maybe name author week.",1,1
"Channel: Chat | Priority: High | App crashing - Computer Hi Support, The application crashes every time I open the settings tab. Piece response in yeah.",0,0
"Channel: Email | Priority: Low | Change email - Player Hi Support, I want to permanently delete my account and data. Career theory close two.",0,0
"Channel: Email | Priority: Low | Invoice discrepancy - Still Hi Support, Can you send me the invoice for transaction #99283? Special loss national heart.",0,0
"Channel: Email | Priority: High | Unrecognized login - Staff Hi Support, I received a suspicious email claiming to be support. First civil reality sign would second.",0,0
"Channel: Email | Priority: Low | Refund status - Rock Hi Support, Why is my bill higher than the agreed amount? First single store oil.",0,0
"Channel: Web Form | Priority: Critical | Stolen card - Idea Hi Support, Why is there a new device added to my trusted list? Executive you after attorney use.",1,1
"Channel: Web Form | Priority: Medium | Update credit card - Left Hi Support, I noticed a double charge on my statement for last month. Test yeah bit research outside product.",0,0
"Channel: Chat | Priority: High | Login failed - Reason Hi Support, My data hasn't synced to the cloud for 24 hours. Reveal brother care page serve town.",0,0
"Channel: Email | Priority: High | Login failed - Bar Hi Support, The dashboard is not loading any data, just a spinning wheel. Become find current together western officer already he.",0,0
"Channel: Web Form | Priority: Low | Subscription upgrade - Tonight Hi Support, My profile picture is not updating. Suddenly official development capital teach structure cost.",0,0
"Channel: Email | Priority: Low | Pricing tiers - Subject Hi Support, How does the team pricing tier work? Raise meet general theory spend really.",0,0
"Channel: Chat | Priority: Low | Hours of operation - See Hi Support, What are your support operating hours? Look television above very resource bed.",0,0
"Channel: Email | Priority: Medium | Password reset - Daughter Hi Support, My profile picture is not updating. Skill bill sing high.",0,0
"Channel: Chat | Priority: High | Login failed - Run Hi Support, We are receiving a 500 Internal Server Error on the API endpoint. Case prove remain without Democrat writer throw.",0,0
"Channel: Web Form | Priority: High | Payment failed - Religious Hi Support, Why is my bill higher than the agreed amount? Ability environmental late always both ability wish.",0,0
"Channel: Email | Priority: Low | Suspicious charge - Conference Hi Support, Can you send me the invoice for transaction #99283? Will woman look.",0,0
"Channel: Chat | Priority: Medium | Login failed - Phone Hi Support, The dashboard is not loading any data, just a spinning wheel. Let see instead allow smile police positive.",0,1
"Channel: Email | Priority: Medium | Product question - Institution Hi Support, Do you offer a discount for non-profits? Heavy song charge through rise individual.",0,1
"Channel: Chat | Priority: High | Login failed - Participant Hi Support, How do I install the latest patch on Windows 11? Necessary half case apply.",0,0
"Channel: Email | Priority: High | Login failed - Resource Hi Support, The application crashes every time I open the settings tab. Consider best will check including some our they.",0,0
"Channel: Chat | Priority: Low | Change email - Trade Hi Support, I am not receiving the password reset email. Ground true amount will.",1,1
"Channel: Web Form | Priority: High | API Error 500 - These Hi Support, We are receiving a 500 Internal Server Error on the API endpoint. Within cause politics politics.",0,0
"Channel: Email | Priority: Low | Subscription upgrade - Wear Hi Support, I am not receiving the password reset email. Whatever three knowledge growth.",0,0
"Channel: Chat | Priority: High | Profile update - Three Hi Support, I lost my phone and cannot pass the 2FA check. Local billion program sit live general.",0,0
"Channel: Web Form | Priority: High | Screen freezes - True Hi Support, How do I install the latest patch on Windows 11? Parent job throw deep staff choose act.",1,1
"Channel: Email | Priority: Critical | App crashing - City Hi Support, My data hasn't synced to the cloud for 24 hours. Heart during fight politics art room own.",1,1
"Channel: Web Form | Priority: Medium | Update credit card - Again Hi Support, Why is my bill higher than the agreed amount? Pressure she however.",0,0
"Channel: Email | Priority: Medium | Pricing tiers - Plan Hi Support, I would like to request a demo for my team. Conference century certain term north way.",1,1
"Channel: Email | Priority: Low | 2FA issues - Staff Hi Support, Please help me change the email address associated with my account. Deep sing everything edge someone might seek.",1,0
"Channel: Chat | Priority: High | Stolen card - Both Hi Support, I received a suspicious email claiming to be support. Become dog along movement.",1,1
"Channel: Web Form | Priority: Medium | Delete account - Political Hi Support, Please help me change the email address associated with my account. Our although course add.",0,0
"Channel: Email | Priority: Medium | Installation issue - Those Hi Support, How do I install the latest patch on Windows 11? Choice boy east week.",0,0
"Channel: Email | Priority: Medium | Refund status - Science Hi Support, Why is my bill higher than the agreed amount? Scientist single investment then campaign.",0,0
"Channel: Email | Priority: Low | Password reset - Blue Hi Support, My profile picture is not updating. Staff today according often hospital bar.",1,1
"Channel: Web Form | Priority: Low | Password reset - Country Hi Support, How do I upgrade to the Enterprise plan? Sense top much true should.",0,0
"Channel: Email | Priority: Low | Delete account - Image Hi Support, My profile picture is not updating. Theory woman forget machine glass size very.",1,1
"Channel: Email | Priority: High | Data not syncing - Tax Hi Support, I cannot log into my account even after resetting the password. Others avoid hair none window usually.",0,0
"Channel: Email | Priority: Critical | API Error 500 - Run Hi Support, I cannot log into my account even after resetting the password. Of defense less cause bank state.",0,0
"Channel: Web Form | Priority: Low | Office location - True Hi Support, Where is your headquarters located? Only own myself personal.",0,0
"Channel: Email | Priority: Critical | App crashing - Guy Hi Support, My data hasn't synced to the cloud for 24 hours. Democrat idea high someone trouble involve.",0,1
"Channel: Chat | Priority: Low | Login failed - Collection Hi Support, We are receiving a 500 Internal Server Error on the API endpoint. Describe leave near notice among popular.",1,1
"Channel: Email | Priority: Medium | Product question - Collection Hi Support, What are your support operating hours? State word reveal term stock.",0,0
"Channel: Chat | Priority: Critical | Unrecognized login - Camera Hi Support, Why is there a new device added to my trusted list? Same safe finish society per strong.",1,1
"Channel: Email | Priority: Medium | Installation issue - Base Hi Support, How do I install the latest patch on Windows 11? Lawyer road town by board wear.",0,0
"Channel: Chat | Priority: Medium | Demo request - Beat Hi Support, Do you offer a discount for non-profits? Game southern include.",0,0
"Channel: Chat | Priority: Low | 2FA issues - Century Hi Support, I lost my phone and cannot pass the 2FA check. Truth organization set bag American.",0,0
"Channel: Chat | Priority: Low | Subscription upgrade - Wait Hi Support, My profile picture is not updating. College probably develop wind mission computer risk.",0,1
"Channel: Email | Priority: Medium | Hours of operation - The Hi Support, Is there a roadmap for new features this year? Former every pay arm.",1,0
"Channel: Chat | Priority: Medium | Screen freezes - Agent Hi Support, My data hasn't synced to the cloud for 24 hours. Chair wife team surface lead child father.",0,0
"Channel: Chat | Priority: Low | Charged twice - Cover Hi Support, I have been trying to update my payment method but it keeps failing. Mind pull protect property.",1,1
"Channel: Chat | Priority: Low | Invoice discrepancy - Step Hi Support, I noticed a double charge on my statement for last month. Fill since this speak wrong while.",0,0
"Channel: Web Form | Priority: High | Login failed - Edge Hi Support, The dashboard is not loading any data, just a spinning wheel. Kind plant message them country.",0,0
"Channel: Chat | Priority: Low | Office location - Customer Hi Support, I would like to request a demo for my team. Step professional alone rise.",0,0
"Channel: Web Form | Priority: High | Delete account - Item Hi Support, I am not receiving the password reset email. Recognize usually other.",1,0
"Channel: Email | Priority: Medium | Suspicious charge - Candidate Hi Support, Can you send me the invoice for transaction #99283? Plant compare despite road movement treatment together.",0,0
"Channel: Email | Priority: High | App crashing - Majority Hi Support, The dashboard is not loading any data, just a spinning wheel. Enjoy body pressure nature foot almost.",0,0
"Channel: Email | Priority: Medium | 2FA issues - Method Hi Support, I am not receiving the password reset email. Within show put special entire impact ever administration.",0,0
"Channel: Web Form | Priority: Low | Charged twice - Above Hi Support, I requested a refund 5 days ago, where is it? Want anyone many with today could factor.",1,1
"Channel: Web Form | Priority: Low | Installation issue - Feeling Hi Support, The application crashes every time I open the settings tab. Conference follow matter involve memory.",1,1
"Channel: Web Form | Priority: Low | Suspicious charge - Democratic Hi Support, I requested a refund 5 days ago, where is it? Man arrive front.",0,0
"Channel: Email | Priority: Low | Update credit card - Many Hi Support, I have been trying to update my payment method but it keeps failing. State talk character hot.",1,1
"Channel: Web Form | Priority: Medium | Payment failed - Accept Hi Support, I noticed a double charge on my statement for last month. Unit people project eye.",0,0
"Channel: Web Form | Priority: Medium | Installation issue - Push Hi Support, How do I install the latest patch on Windows 11? Thing tell teach necessary.",0,0
"Channel: Email | Priority: Low | Demo request - Rise Hi Support, I would like to request a demo for my team. Job back choose national son son second.",0,0
"Channel: Email | Priority: Medium | API Error 500 - Exist Hi Support, The dashboard is not loading any data, just a spinning wheel. Allow military candidate audience question.",1,1
"Channel: Email | Priority: Low | Change email - Nothing Hi Support, I am not receiving the password reset email. Apply health certain expect.",1,1
"Channel: Web Form | Priority: Low | Hours of operation - Third Hi Support, Do you offer a discount for non-profits? Rate high open political.",0,0
"Channel: Chat | Priority: Medium | Subscription upgrade - See Hi Support, I lost my phone and cannot pass the 2FA check. Trouble cause theory you pull buy design middle.",0,0
"Channel: Email | Priority: High | Invoice discrepancy - Nice Hi Support, My subscription renewed automatically, but I wanted to cancel. Three almost doctor fear.",1,1
"Channel: Web Form | Priority: Low | Installation issue - Wish Hi Support, The dashboard is not loading any data, just a spinning wheel. Such media development follow sort it difficult.",1,1
"Channel: Chat | Priority: High | Profile update - Campaign Hi Support, I want to permanently delete my account and data. Close new three wish church eye trouble.",1,1
"Channel: Chat | Priority: Medium | Invoice discrepancy - Young Hi Support, Why is my bill higher than the agreed amount? Part phone hit some politics whether enough.",0,0
"Channel: Web Form | Priority: Critical | API Error 500 - South Hi Support, I cannot log into my account even after resetting the password. Reason short center child Mr main everybody.",0,0
"Channel: Chat | Priority: High | API Error 500 - Although Hi Support, The application crashes every time I open the settings tab. Weight more because stop interest threat training.",0,0
"Channel: Web Form | Priority: High | Login failed - Between Hi Support, I cannot log into my account even after resetting the password. Bad order wife require major service.",0,0
"Channel: Web Form | Priority: Medium | Refund status - They Hi Support, My subscription renewed automatically, but I wanted to cancel. While dinner key learn about prepare product start.",0,0
"Channel: Chat | Priority: Medium | Demo request - Student Hi Support, Do you offer a discount for non-profits? Shoulder movie return central likely industry against.",0,0
"Channel: Web Form | Priority: Medium | 2FA issues - Operation Hi Support, I lost my phone and cannot pass the 2FA check. Firm environmental where just reveal issue.",0,0
"Channel: Web Form | Priority: Low | Payment failed - Seem Hi Support, I have been trying to update my payment method but it keeps failing. Sign speak air space.",1,1
"Channel: Web Form | Priority: Low | 2FA issues - Toward Hi Support, Please help me change the email address associated with my account. Sound side painting station those.",0,0
"Channel: Email | Priority: Medium | Screen freezes - Next Hi Support, I cannot log into my account even after resetting the password. Day blood as always attack white strong.",0,0
"Channel: Web Form | Priority: Low | Suspicious charge - Term Hi Support, I requested a refund 5 days ago, where is it? Contain friend from drug pretty.",0,1
"Channel: Web Form | Priority: Low | Invoice discrepancy - Enter Hi Support, Why is my bill higher than the agreed amount? Way organization one dinner.",0,0
"Channel: Chat | Priority: Medium | Profile update - Bring Hi Support, I lost my phone and cannot pass the 2FA check. Practice glass lay probably happy about smile begin.",0,0
"Channel: Chat | Priority: Low | Refund status - Interview Hi Support, Why is my bill higher than the agreed amount? Certainly trouble point degree community interview husband.",0,0
"Channel: Email | Priority: Medium | API Error 500 - Reach Hi Support, My data hasn't synced to the cloud for 24 hours. As situation recognize mother.",1,1
"Channel: Web Form | Priority: Medium | Screen freezes - Way Hi Support, I cannot log into my account even after resetting the password. Behind story dream bar difference ball.",0,0
"Channel: Email | Priority: Low | Delete account - Shake Hi Support, Please help me change the email address associated with my account. Early station federal young none technology them evidence.",0,1
"Channel: Web Form | Priority: Medium | Subscription upgrade - Treat Hi Support, I want to permanently delete my account and data. Full end defense.",0,0
"Channel: Chat | Priority: Low | Payment failed - Cell Hi Support, My subscription renewed automatically, but I wanted to cancel. Sign involve require scientist crime.",1,1
"Channel: Web Form | Priority: Medium | Refund status - Commercial Hi Support, My subscription renewed automatically, but I wanted to cancel. Window teacher low low again collection expert.",0,0
"Channel: Web Form | Priority: Medium | Delete account - Myself Hi Support, How do I upgrade to the Enterprise plan? Term water any prepare particularly financial low.",0,0
"Channel: Email | Priority: Critical | Unrecognized login - Unit Hi Support, Why is there a new device added to my trusted list? Which hear federal article.",1,1
"Channel: Chat | Priority: Low | Subscription upgrade - Push Hi Support, I am not receiving the password reset email. Simply state professional door card good finally.",1,1
"Channel: Chat | Priority: Low | Pricing tiers - Go Hi Support, How does the team pricing tier work? Road kind issue dog.",0,0
"Channel: Email | Priority: Medium | Feature request - Report Hi Support, Where is your headquarters located? Front short everyone interest move attorney color clear.",1,1
"Channel: Web Form | Priority: Low | Delete account - Decade Hi Support, How do I upgrade to the Enterprise plan? Structure west election strategy.",0,0
"Channel: Chat | Priority: Critical | Login failed - Include Hi Support, The dashboard is not loading any data, just a spinning wheel. Small factor have.",0,0
"Channel: Web Form | Priority: Medium | Payment failed - Fine Hi Support, I requested a refund 5 days ago, where is it? Team officer different hope.",1,0
"Channel: Chat | Priority: Low | Charged twice - Though Hi Support, My subscription renewed automatically, but I wanted to cancel. Project summer wish trip yes military oil.",0,0
"Channel: Chat | Priority: Low | Demo request - Art Hi Support, How does the team pricing tier work? Throughout remain behind win.",0,0
"Channel: Web Form | Priority: Low | Screen freezes - Reduce Hi Support, The application crashes every time I open the settings tab. Should cut heart police.",1,1
"Channel: Email | Priority: Low | Password reset - Catch Hi Support, I am not receiving the password reset email. Here finish father term dark.",1,1
"Channel: Chat | Priority: Medium | Hours of operation - Beyond Hi Support, What are your support operating hours? Attention use instead address arrive throughout.",0,0
"Channel: Web Form | Priority: High | Account hacked - Bag Hi Support, I received a suspicious email claiming to be support. Cut pull up investment simply.",0,0
"Channel: Chat | Priority: Low | Charged twice - Civil Hi Support, I noticed a double charge on my statement for last month. Provide drug two project area action capital.",0,0
"Channel: Email | Priority: Low | Office location - Fire Hi Support, Do you offer a discount for non-profits? Race pick within very if within indicate put.",0,0
"Channel: Chat | Priority: Critical | App crashing - Event Hi Support, The dashboard is not loading any data, just a spinning wheel. Certainly sit reason will small result.",1,1
"Channel: Chat | Priority: Low | Refund status - Participant Hi Support, I requested a refund 5 days ago, where is it? Church travel off same.",0,1
"Channel: Web Form | Priority: Low | Invoice discrepancy - World Hi Support, Why is my bill higher than the agreed amount? North short high exist relate people keep.",0,0
"Channel: Chat | Priority: High | Payment failed - Doctor Hi Support, My subscription renewed automatically, but I wanted to cancel. Push work scientist western without rich agreement.",0,0
"Channel: Email | Priority: Medium | Suspicious charge - Government Hi Support, Can you send me the invoice for transaction #99283? Beautiful hear today.",0,0
"Channel: Chat | Priority: Low | Demo request - Attack Hi Support, Where is your headquarters located? Sort father forget him.",1,1
"Channel: Chat | Priority: Low | Feature request - Life Hi Support, Do you offer a discount for non-profits? So rock avoid effort bank natural.",0,0
"Channel: Web Form | Priority: Low | Subscription upgrade - Send Hi Support, How do I upgrade to the Enterprise plan? Chair send natural him less.",0,0
"Channel: Web Form | Priority: Medium | Feature request - Money Hi Support, Do you offer a discount for non-profits? Same treat support.",0,1
"Channel: Chat | Priority: Low | Update credit card - Security Hi Support, Why is my bill higher than the agreed amount? Key claim any ability five.",0,0
"Channel: Web Form | Priority: High | Payment failed - Bed Hi Support, Can you send me the invoice for transaction #99283? Network bad boy.",0,0
"Channel: Email | Priority: Low | Feature request - She Hi Support, Where is your headquarters located? Certain fall yeah nation rock bad PM.",0,0
"Channel: Web Form | Priority: Medium | Update credit card - Campaign Hi Support, Why is my bill higher than the agreed amount? Organization free what picture attention attack about officer.",0,0
"Channel: Email | Priority: High | Data not syncing - Member Hi Support, How do I install the latest patch on Windows 11? Then part away along agree table loss.",1,1
"Channel: Chat | Priority: Medium | Profile update - Pattern Hi Support, How do I upgrade to the Enterprise plan? Week practice future best down series avoid.",0,1
"Channel: Email | Priority: Medium | Product question - Board Hi Support, What are your support operating hours? Us of I evening your.",0,0
"Channel: Email | Priority: Medium | Change email - Exactly Hi Support, Please help me change the email address associated with my account. Accept remain federal bank.",0,0
"Channel: Web Form | Priority: Low | Office location - Not Hi Support, Where is your headquarters located? Success both institution.",0,0
"Channel: Chat | Priority: Medium | Update credit card - Determine Hi Support, I noticed a double charge on my statement for last month. Meeting president stuff level something rate forward.",0,0
"Channel: Email | Priority: High | Data not syncing - Study Hi Support, How do I install the latest patch on Windows 11? Teach soon major region artist sound vote walk.",1,1
"Channel: Web Form | Priority: Critical | Unrecognized login - They Hi Support, Lock my account immediately, I see transactions I didn't make. Money evening mean imagine.",1,0
"Channel: Chat | Priority: Critical | API Error 500 - Let Hi Support, I cannot log into my account even after resetting the password. He their pick media seek blue player.",0,0
"Channel: Email | Priority: Medium | Refund status - Positive Hi Support, I have been trying to update my payment method but it keeps failing. Cost develop believe theory throughout school much consider.",0,0
"Channel: Web Form | Priority: High | Change email - Report Hi Support, I lost my phone and cannot pass the 2FA check. Former machine cultural medical trial half recent.",0,0
"Channel: Email | Priority: Low | Demo request - And Hi Support, I would like to request a demo for my team. History production staff rock.",0,0
"Channel: Chat | Priority: Low | Profile update - Turn Hi Support, I lost my phone and cannot pass the 2FA check. Answer some man church section.",1,1
"Channel: Email | Priority: Medium | Payment failed - Radio Hi Support, I have been trying to update my payment method but it keeps failing. Age subject instead series beat add style rate.",0,0
"Channel: Web Form | Priority: Low | Refund status - Want Hi Support, My subscription renewed automatically, but I wanted to cancel. Whose still reality edge.",0,1
"Channel: Email | Priority: Low | Profile update - Start Hi Support, I want to permanently delete my account and data. Ok cause future citizen with.",1,1
"Channel: Email | Priority: Medium | Data not syncing - Line Hi Support, How do I install the latest patch on Windows 11? Expect everyone necessary right collection table section act.",0,0
"Channel: Email | Priority: Low | Refund status - Yourself Hi Support, I requested a refund 5 days ago, where is it? Available image sure sing meeting.",0,1
"Channel: Web Form | Priority: High | Login failed - Simple Hi Support, How do I install the latest patch on Windows 11? Decade significant serious million write.",0,0
"Channel: Email | Priority: Low | Update credit card - Change Hi Support, I noticed a double charge on my statement for last month. Matter nothing financial the.",0,0
"Channel: Chat | Priority: Medium | Password reset - Those Hi Support, I want to permanently delete my account and data. Record staff civil structure.",0,0
"Channel: Web Form | Priority: Medium | Invoice discrepancy - Black Hi Support, Can you send me the invoice for transaction #99283? Despite those authority friend action so than.",0,0
"Channel: Chat | Priority: Low | 2FA issues - Defense Hi Support, I want to permanently delete my account and data. Course wide point friend worry box.",1,0
"Channel: Email | Priority: Low | 2FA issues - Since Hi Support, How do I upgrade to the Enterprise plan? Those past from resource six deal car size.",0,0
"Channel: Email | Priority: Low | Delete account - Personal Hi Support, How do I upgrade to the Enterprise plan? Network store child step require accept.",0,0
"Channel: Web Form | Priority: High | Update credit card - My Hi Support, Can you send me the invoice for transaction #99283? Newspaper too from late reach matter including charge.",1,1
"Channel: Chat | Priority: Low | Feature request - Shake Hi Support, How does the team pricing tier work? Dark heart instead compare expect speak stay.",0,0
"Channel: Chat | Priority: Low | Update credit card - Drop Hi Support, Can you send me the invoice for transaction #99283? Degree and check artist write produce.",0,0
"Channel: Email | Priority: Low | 2FA issues - Employee Hi Support, I want to permanently delete my account and data. Network light seat front.",0,0
"Channel: Email | Priority: Medium | Screen freezes - Single Hi Support, My data hasn't synced to the cloud for 24 hours. Necessary reach finally both.",0,0
"Channel: Chat | Priority: Medium | Feature request - Quickly Hi Support, How does the team pricing tier work? All major know most game.",0,1
"Channel: Web Form | Priority: High | Data not syncing - Send Hi Support, How do I install the latest patch on Windows 11? Thought piece fight born.",1,1
"Channel: Chat | Priority: Medium | Update credit card - Add Hi Support, I requested a refund 5 days ago, where is it? Themselves now cell player.",0,0
"Channel: Chat | Priority: Low | Login failed - Age Hi Support, We are receiving a 500 Internal Server Error on the API endpoint. With condition question against.",1,1
"Channel: Chat | Priority: Medium | Hours of operation - Kind Hi Support, Where is your headquarters located? Challenge various heart use.",0,0
"Channel: Web Form | Priority: Low | Feature request - Of Hi Support, Is there a roadmap for new features this year? Human station image.",0,0
"Channel: Chat | Priority: Medium | Invoice discrepancy - Life Hi Support, I have been trying to update my payment method but it keeps failing. Central various least record position however.",0,0
"Channel: Email | Priority: Medium | Password reset - Region Hi Support, Please help me change the email address associated with my account. Enter perform talk identify.",0,0
"Channel: Chat | Priority: Low | Change email - Couple Hi Support, I lost my phone and cannot pass the 2FA check. Model fear change.",0,0
"Channel: Chat | Priority: Low | Hours of operation - Beat Hi Support, I would like to request a demo for my team. Good ball some issue where catch.",0,0
"Channel: Web Form | Priority: Low | Password reset - White Hi Support, I am not receiving the password reset email. Apply green simple along include of inside sound.",1,0
"Channel: Email | Priority: Medium | Installation issue - Democratic Hi Support, We are receiving a 500 Internal Server Error on the API endpoint. See television reflect.",0,0
"Channel: Web Form | Priority: Low | Refund status - Door Hi Support, Can you send me the invoice for transaction #99283? Later true market plant every sure.",1,0
"Channel: Web Form | Priority: Low | Hours of operation - Admit Hi Support, What are your support operating hours? Simply adult most rather particular must.",0,0
"Channel: Web Form | Priority: Medium | Product question - Skill Hi Support, Do you offer a discount for non-profits? Sea movie short hot present.",1,1
"Channel: Email | Priority: Low | Charged twice - Fine Hi Support, I requested a refund 5 days ago, where is it? Phone serious really performance.",1,1
"Channel: Chat | Priority: Medium | API Error 500 - Create Hi Support, I cannot log into my account even after resetting the password. Deep certainly him behavior through.",1,1
"Channel: Chat | Priority: Low | Demo request - Ten Hi Support, How does the team pricing tier work? Fight nation cup building military.",0,0
"Channel: Web Form | Priority: Medium | Refund status - Fall Hi Support, Can you send me the invoice for transaction #99283? Second nor author property key join.",0,0
"Channel: Chat | Priority: Low | Profile update - Building Hi Support, I am not receiving the password reset email. Kid very class identify everybody home so.",1,1
"Channel: Chat | Priority: High | Login failed - Some Hi Support, The dashboard is not loading any data, just a spinning wheel. Role perform left.",0,0
"Channel: Web Form | Priority: Low | Update credit card - Together Hi Support, I have been trying to update my payment method but it keeps failing. Money experience also tree usually Republican different.",1,1
"Channel: Web Form | Priority: Medium | Installation issue - Share Hi Support, The application crashes every time I open the settings tab. Throw pressure modern job sing thing.",0,1
"Channel: Web Form | Priority: Low | App crashing - Drive Hi Support, The application crashes every time I open the settings tab. Wrong though town clear.",1,1
"Channel: Email | Priority: Medium | Feature request - Ago Hi Support, Do you offer a discount for non-profits? Into address write issue.",0,1
"Channel: Email | Priority: High | App crashing - Speech Hi Support, My data hasn't synced to the cloud for 24 hours. Player between result yes difference computer care.",0,0
"Channel: Web Form | Priority: High | 2FA issues - Edge Hi Support, Please help me change the email address associated with my account. Stuff different must fill future policy.",1,1
"Channel: Web Form | Priority: Critical | Login failed - Challenge Hi Support, The dashboard is not loading any data, just a spinning wheel. Response of return newspaper growth other single structure.",0,0
"Channel: Email | Priority: Low | Update credit card - Need Hi Support, Why is my bill higher than the agreed amount? Deep director remember base who.",0,0
"Channel: Chat | Priority: Low | Pricing tiers - Present Hi Support, Is there a roadmap for new features this year? Follow particularly though personal.",0,0
"Channel: Email | Priority: Low | Suspicious charge - Project Hi Support, I have been trying to update my payment method but it keeps failing. World because girl white sometimes represent.",0,1
"Channel: Web Form | Priority: Critical | Phishing attempt - Senior Hi Support, I received a suspicious email claiming to be support. Both as economic letter ten event.",1,1
"Channel: Web Form | Priority: Medium | Installation issue - Gas Hi Support, How do I install the latest patch on Windows 11? Happen picture dog none simple.",0,0
"Channel: Email | Priority: Low | App crashing - Pattern Hi Support, How do I install the latest patch on Windows 11? Nearly citizen partner it success another.",0,0
"Channel: Chat | Priority: Medium | Data not syncing - Southern Hi Support, I cannot log into my account even after resetting the password. Recent I old its develop Mrs song growth.",0,0
"Channel: Web Form | Priority: Medium | Password reset - Pattern Hi Support, Please help me change the email address associated with my account. Medical to process sign stand brother.",0,0
"Channel: Web Form | Priority: Low | Change email - A Hi Support, I want to permanently delete my account and data. Hour notice upon.",0,1
"Channel: Web Form | Priority: Low | Change email - Hit Hi Support, Please help me change the email address associated with my account. Away generation next spend.",1,0
"Channel: Chat | Priority: Low | Invoice discrepancy - Later Hi Support, Can you send me the invoice for transaction #99283? Trial Mr check skill toward political part back.",0,0
"Channel: Email | Priority: High | App crashing - Boy Hi Support, How do I install the latest patch on Windows 11? Source some mouth property design society plant.",1,1
"Channel: Chat | Priority: Low | App crashing - Public Hi Support, The dashboard is not loading any data, just a spinning wheel. Property each leader president page newspaper.",1,1
"Channel: Chat | Priority: Critical | Alert notification - Fire Hi Support, Why is there a new device added to my trusted list? Federal debate feel decision know once beat.",1,1
"Channel: Chat | Priority: Low | Update credit card - Foreign Hi Support, I requested a refund 5 days ago, where is it? Or draw above school.",1,0
"Channel: Chat | Priority: Low | Pricing tiers - Face Hi Support, Where is your headquarters located? Crime plant learn.",0,0
"Channel: Web Form | Priority: Low | Payment failed - Subject Hi Support, I noticed a double charge on my statement for last month. Leader serious war left foot artist.",1,1
"Channel: Chat | Priority: High | Charged twice - Several Hi Support, Why is my bill higher than the agreed amount? Attack week voice firm.",1,0
"Channel: Web Form | Priority: High | Pricing tiers - Economic Hi Support, Where is your headquarters located? Rather north science.",1,1
"Channel: Email | Priority: Low | Delete account - Rule Hi Support, I am not receiving the password reset email. Light officer exactly and player believe charge.",1,1
"Channel: Web Form | Priority: Medium | Update credit card - Wear Hi Support, My subscription renewed automatically, but I wanted to cancel. Community teacher stuff four newspaper rich.",0,0
"Channel: Chat | Priority: Low | Subscription upgrade - Car Hi Support, I want to permanently delete my account and data. Establish beautiful man personal tonight its attorney.",0,0
"Channel: Chat | Priority: Medium | Password reset - Candidate Hi Support, My profile picture is not updating. Brother different sound cultural simply.",0,0
"Channel: Web Form | Priority: Medium | App crashing - Rich Hi Support, I cannot log into my account even after resetting the password. Tax front chance major whose although.",0,0
"Channel: Chat | Priority: Medium | Suspicious charge - Difficult Hi Support, Why is my bill higher than the agreed amount? Month create eat candidate one loss.",0,0
"Channel: Email | Priority: Low | Update credit card - Church Hi Support, I requested a refund 5 days ago, where is it? He shoulder set customer improve.",0,1
"Channel: Email | Priority: Critical | API Error 500 - Whether Hi Support, My data hasn't synced to the cloud for 24 hours. Type growth friend audience page seem almost.",1,0
"Channel: Chat | Priority: Critical | Installation issue - Fall Hi Support, The dashboard is not loading any data, just a spinning wheel. With deal support book bad only including.",1,1
"Channel: Email | Priority: Medium | Change email - Hot Hi Support, I lost my phone and cannot pass the 2FA check. Machine read unit manage.",0,0
"Channel: Email | Priority: High | Suspicious activity - Drive Hi Support, Why is there a new device added to my trusted list? Forward attention street partner director factor magazine.",1,1
"Channel: Web Form | Priority: Low | Office location - Right Hi Support, Do you offer a discount for non-profits? Foreign indeed clear international position upon.",0,0
"Channel: Chat | Priority: Critical | Data not syncing - Catch Hi Support, I cannot log into my account even after resetting the password. East successful now fill itself poor.",1,1
"Channel: Chat | Priority: Medium | Subscription upgrade - Sea Hi Support, I am not receiving the password reset email. Their measure season indeed.",0,0
"Channel: Chat | Priority: High | API Error 500 - Republican Hi Support, How do I install the latest patch on Windows 11? How available no see.",0,0
"Channel: Web Form | Priority: Low | Product question - Organization Hi Support, Where is your headquarters located? Democrat weight blue section speak seem town.",0,0
"Channel: Chat | Priority: Low | Invoice discrepancy - Recognize Hi Support, Why is my bill higher than the agreed amount? Piece perform wind to.",0,0
"Channel: Chat | Priority: Medium | API Error 500 - Future Hi Support, The dashboard is not loading any data, just a spinning wheel. Score language or then wide.",0,1
"Channel: Chat | Priority: High | Refund status - Back Hi Support, I noticed a double charge on my statement for last month. History natural small boy check plan data.",1,1
"Channel: Email | Priority: High | App crashing - Budget Hi Support, The dashboard is not loading any data, just a spinning wheel. Among fill government right approach blue.",0,0
"Channel: Web Form | Priority: Medium | Update credit card - Wear Hi Support, My subscription renewed automatically, but I wanted to cancel. Billion hot kitchen do sport.",0,0
"Channel: Chat | Priority: Medium | Feature request - Change Hi Support, Is there a roadmap for new features this year? Baby production right support back create everything.",1,1
"Channel: Email | Priority: Medium | App crashing - Discussion Hi Support, The dashboard is not loading any data, just a spinning wheel. Nice shoulder receive create market quickly.",0,0
"Channel: Chat | Priority: Low | Update credit card - Trade Hi Support, I requested a refund 5 days ago, where is it? Type range land million.",0,0
"Channel: Chat | Priority: High | API Error 500 - Buy Hi Support, The application crashes every time I open the settings tab. Young although image nation.",0,0
"Channel: Email | Priority: Medium | Refund status - Still Hi Support, Can you send me the invoice for transaction #99283? Human only stop their them no instead.",0,0
"Channel: Chat | Priority: High | Installation issue - Bad Hi Support, How do I install the latest patch on Windows 11? You human property.",1,1
"Channel: Chat | Priority: Low | Demo request - Thing Hi Support, Where is your headquarters located? Set hour protect finish whole.",0,0
"Channel: Chat | Priority: High | Login failed - Over Hi Support, How do I install the latest patch on Windows 11? Care protect leader expert.",0,0
"Channel: Chat | Priority: High | Suspicious activity - Success Hi Support, Why is there a new device added to my trusted list? Radio country sense crime shoulder close.",0,1
"Channel: Web Form | Priority: Critical | Alert notification - Understand Hi Support, I received a login alert from a device in Russia, which wasn't me. Employee catch describe marriage.",1,1
"Channel: Chat | Priority: Low | Update credit card - Safe Hi Support, I have been trying to update my payment method but it keeps failing. To Republican right relationship on remember unit.",1,1
"Channel: Chat | Priority: High | Suspicious charge - Able Hi Support, Why is my bill higher than the agreed amount? Investment think blue.",1,1
"Channel: Web Form | Priority: Low | Profile update - Develop Hi Support, I lost my phone and cannot pass the 2FA check. Wind economic performance enough.",1,1
"Channel: Chat | Priority: High | Screen freezes - Suggest Hi Support, How do I install the latest patch on Windows 11? Kitchen middle wide open.",1,1
"Channel: Chat | Priority: High | Installation issue - According Hi Support, The dashboard is not loading any data, just a spinning wheel. Rock our skin hour country doctor under.",0,0
"Channel: Chat | Priority: Medium | Hours of operation - Rate Hi Support, How does the team pricing tier work? Court gun need for three.",0,0
"Channel: Chat | Priority: Low | Profile update - Security Hi Support, Please help me change the email address associated with my account. Those risk easy.",0,1
"Channel: Web Form | Priority: Low | Change email - Member Hi Support, I want to permanently delete my account and data. Force senior present child subject.",1,0
"Channel: Chat | Priority: Medium | Delete account - Task Hi Support, How do I upgrade to the Enterprise plan? Real course none assume do.",1,0
"Channel: Web Form | Priority: Low | Charged twice - Certainly Hi Support, Why is my bill higher than the agreed amount? Long current too act.",0,0
"Channel: Email | Priority: Medium | Feature request - Believe Hi Support, What are your support operating hours? Exist level talk whatever.",0,0
"Channel: Web Form | Priority: Medium | Data not syncing - May Hi Support, The dashboard is not loading any data, just a spinning wheel. Still surface media off want big true.",0,0
"Channel: Chat | Priority: Low | Invoice discrepancy - Modern Hi Support, Can you send me the invoice for transaction #99283? Seven choose few piece voice debate scientist end.",0,0
"Channel: Web Form | Priority: Medium | Installation issue - Event Hi Support, My data hasn't synced to the cloud for 24 hours. Writer only conference style.",0,0
"Channel: Chat | Priority: Medium | Hours of operation - Black Hi Support, Is there a roadmap for new features this year? Him education may onto be worker small.",0,0
"Channel: Web Form | Priority: Low | Invoice discrepancy - Attack Hi Support, Can you send me the invoice for transaction #99283? Area focus then product discover.",0,0
"Channel: Email | Priority: Medium | Profile update - All Hi Support, I lost my phone and cannot pass the 2FA check. Stay try follow another tax push.",0,0
"Channel: Chat | Priority: Medium | App crashing - Anyone Hi Support, The application crashes every time I open the settings tab. Perhaps might sit operation moment often those.",0,1
"Channel: Chat | Priority: Medium | Hours of operation - Sea Hi Support, Where is your headquarters located? Exactly her then instead success dark.",0,0
"Channel: Chat | Priority: Low | Update credit card - At Hi Support, My subscription renewed automatically, but I wanted to cancel. Something set feel find program lead.",0,1
"Channel: Chat | Priority: Medium | Screen freezes - Before Hi Support, The dashboard is not loading any data, just a spinning wheel. When large discussion political cultural action president.",0,0
"Channel: Web Form | Priority: Medium | Feature request - Newspaper Hi Support, How does the team pricing tier work? Finish station traditional begin dream.",1,1
"Channel: Email | Priority: Medium | Pricing tiers - Table Hi Support, What are your support operating hours? Operation garden century poor decide run.",0,0
"Channel: Email | Priority: Low | Profile update - Something Hi Support, My profile picture is not updating. Item look truth important end TV coach.",0,0
"Channel: Chat | Priority: High | Invoice discrepancy - Choose Hi Support, Can you send me the invoice for transaction #99283? Effort marriage clearly experience rule.",1,1
"Channel: Web Form | Priority: Low | Screen freezes - Mission Hi Support, The application crashes every time I open the settings tab. Agent spend traditional look see.",1,1
"Channel: Chat | Priority: Low | Delete account - Moment Hi Support, I am not receiving the password reset email. Mean analysis than no reason.",0,1
"Channel: Chat | Priority: Medium | Data not syncing - Keep Hi Support, We are receiving a 500 Internal Server Error on the API endpoint. True another note talk.",0,0
"Channel: Email | Priority: Low | Change email - Recent Hi Support, I want to permanently delete my account and data. Sea picture rock pay.",0,1
"Channel: Email | Priority: Medium | Installation issue - Among Hi Support, My data hasn't synced to the cloud for 24 hours. Ahead firm woman against.",0,0
"Channel: Email | Priority: Low | Suspicious charge - Language Hi Support, I noticed a double charge on my statement for last month. Else crime sure leg section together and.",0,0
"Channel: Web Form | Priority: Medium | Installation issue - Sign Hi Support, The dashboard is not loading any data, just a spinning wheel. Marriage now lose color save participant vote stop.",0,0
"Channel: Chat | Priority: Critical | Stolen card - Positive Hi Support, Why is there a new device added to my trusted list? While glass unit woman red next defense.",1,1
"Channel: Chat | Priority: Low | API Error 500 - Consider Hi Support, We are receiving a 500 Internal Server Error on the API endpoint. Course in protect life since.",1,1
"Channel: Email | Priority: Medium | Delete account - End Hi Support, Please help me change the email address associated with my account. Reveal return scientist argue reality per every.",0,0
"Channel: Email | Priority: Low | Screen freezes - Part Hi Support, We are receiving a 500 Internal Server Error on the API endpoint. Such evening yard here west.",1,1
"Channel: Web Form | Priority: Low | Update credit card - Plant Hi Support, Can you send me the invoice for transaction #99283? Else and when.",0,0
"Channel: Chat | Priority: High | Password reset - Capital Hi Support, Please help me change the email address associated with my account. Mouth later into.",0,0
"Channel: Chat | Priority: Low | Change email - Organization Hi Support, My profile picture is not updating. Know none develop international force.",0,0
"Channel: Web Form | Priority: High | Login failed - Young Hi Support, The application crashes every time I open the settings tab. Would safe serious.",0,0
"Channel: Chat | Priority: High | Login failed - Perform Hi Support, My data hasn't synced to the cloud for 24 hours. Theory despite father blood recognize staff.",0,0
"Channel: Chat | Priority: Low | Pricing tiers - Member Hi Support, Is there a roadmap for new features this year? Player always although.",0,0
"Channel: Chat | Priority: Critical | Screen freezes - Suddenly Hi Support, The application crashes every time I open the settings tab. Represent itself off choose practice present.",1,0
"Channel: Email | Priority: Low | Login failed - Notice Hi Support, We are receiving a 500 Internal Server Error on the API endpoint. Arm walk friend point environmental.",1,1
"Channel: Web Form | Priority: Medium | Data not syncing - Eat Hi Support, I cannot log into my account even after resetting the password. Information project attack center seem read suddenly.",0,0
"Channel: Web Form | Priority: High | Pricing tiers - Ten Hi Support, Where is your headquarters located? Task require loss white.",1,1
"Channel: Email | Priority: Medium | Product question - Clear Hi Support, How does the team pricing tier work? View television rule.",1,1
"Channel: Web Form | Priority: Low | Update credit card - Second Hi Support, My subscription renewed automatically, but I wanted to cancel. Voice animal guess result forward we.",0,0
"Channel: Web Form | Priority: Low | Change email - Trial Hi Support, I lost my phone and cannot pass the 2FA check. South would four collection trip base provide.",0,0
"Channel: Web Form | Priority: High | App crashing - Put Hi Support, My data hasn't synced to the cloud for 24 hours. Sit shoulder none parent.",0,0
"Channel: Chat | Priority: High | Login failed - Election Hi Support, How do I install the latest patch on Windows 11? Analysis plan gas no.",0,0
"Channel: Chat | Priority: Low | Office location - Rather Hi Support, I would like to request a demo for my team. Degree particular be region director.",0,0
"Channel: Email | Priority: Low | API Error 500 - Until Hi Support, The application crashes every time I open the settings tab. Case create lot two good worker part.",1,1
"Channel: Web Form | Priority: Medium | Feature request - Southern Hi Support, Is there a roadmap for new features this year? Measure hold practice.",1,1
"Channel: Web Form | Priority: Medium | Change email - Production Hi Support, Please help me change the email address associated with my account. Discover make remember.",0,0
"Channel: Web Form | Priority: Medium | Office location - Again Hi Support, Is there a roadmap for new features this year? Left true tax similar.",0,0
"Channel: Email | Priority: Medium | Password reset - View Hi Support, My profile picture is not updating. Training change social entire term professor.",0,0
"Channel: Email | Priority: Low | Product question - Join Hi Support, I would like to request a demo for my team. Five go statement close question animal expert term.",0,0
"Channel: Web Form | Priority: High | Login failed - Help Hi Support, The application crashes every time I open the settings tab. Support fill medical others.",0,0
"Channel: Chat | Priority: Medium | Update credit card - As Hi Support, I have been trying to update my payment method but it keeps failing. Pattern gun stock former guy church.",0,0
"Channel: Web Form | Priority: High | Account hacked - Seat Hi Support, I think my account has been compromised. Until meeting change popular hotel.",0,0
"Channel: Chat | Priority: Medium | Charged twice - Inside Hi Support, I noticed a double charge on my statement for last month. Parent yard treat.",0,0
"Channel: Chat | Priority: Medium | Office location - Standard Hi Support, Where is your headquarters located? Whole billion inside in impact score artist.",0,0
"Channel: Chat | Priority: Medium | Installation issue - Bank Hi Support, The application crashes every time I open the settings tab. Strong raise assume.",1,0
"Channel: Web Form | Priority: Critical | App crashing - Technology Hi Support, I cannot log into my account even after resetting the password. Series major national body certain.",0,1
"Channel: Email | Priority: Medium | App crashing - Without Hi Support, The dashboard is not loading any data, just a spinning wheel. Behavior center message poor.",1,1
"Channel: Web Form | Priority: Medium | App crashing - Research Hi Support, The application crashes every time I open the settings tab. Nor alone machine sign.",0,1
"Channel: Web Form | Priority: Low | Office location - Environment Hi Support, How does the team pricing tier work? Old top rather four toward like.",0,0
"Channel: Email | Priority: Low | Change email - During Hi Support, I am not receiving the password reset email. Drug blood up near soldier fear.",1,1
"Channel: Chat | Priority: High | Refund status - Into Hi Support, I have been trying to update my payment method but it keeps failing. Light somebody high card know quite.",0,0
"Channel: Email | Priority: Medium | Refund status - Play Hi Support, I requested a refund 5 days ago, where is it? Fast final remember tell.",0,0
"Channel: Web Form | Priority: High | Installation issue - Lawyer Hi Support, We are receiving a 500 Internal Server Error on the API endpoint. Dream town southern think push attention part opportunity.",0,0
"Channel: Email | Priority: Medium | Pricing tiers - Any Hi Support, Do you offer a discount for non-profits? Feel agency discover give.",1,1
"Channel: Web Form | Priority: Low | Feature request - Feeling Hi Support, Is there a roadmap for new features this year? Seven west language tonight toward consider week.",0,0
"Channel: Chat | Priority: Low | Update credit card - Marriage Hi Support, I have been trying to update my payment method but it keeps failing. Attention open at raise.",1,1
"Channel: Web Form | Priority: Low | Screen freezes - Nearly Hi Support, We are receiving a 500 Internal Server Error on the API endpoint. Husband staff spring behind happy.",1,1
"Channel: Chat | Priority: Medium | Charged twice - Tree Hi Support, Why is my bill higher than the agreed amount? Baby information food model.",0,0
"Channel: Chat | Priority: Medium | Product question - Today Hi Support, I would like to request a demo for my team. Business never health figure well seek expert effort.",1,1
"Channel: Web Form | Priority: Medium | Refund status - Thought Hi Support, Why is my bill higher than the agreed amount? Own garden make nor wind pretty big.",0,0
"Channel: Chat | Priority: Critical | Screen freezes - Student Hi Support, The application crashes every time I open the settings tab. Public worry response pressure girl likely.",0,1
"Channel: Web Form | Priority: Medium | Product question - Individual Hi Support, Is there a roadmap for new features this year? Skin old nation never man end level.",1,1
"Channel: Chat | Priority: Medium | Screen freezes - Design Hi Support, The dashboard is not loading any data, just a spinning wheel. Traditional firm conference.",0,0
"Channel: Web Form | Priority: High | API Error 500 - Argue Hi Support, The application crashes every time I open the settings tab. System however southern fight.",0,0
"Channel: Web Form | Priority: Low | Office location - Region Hi Support, How does the team pricing tier work? Cut mother interesting speech although.",0,0
"Channel: Web Form | Priority: Medium | App crashing - Traditional Hi Support, The application crashes every time I open the settings tab. Party system sort age.",0,1
"Channel: Chat | Priority: Low | Hours of operation - Visit Hi Support, How does the team pricing tier work? Special energy born from any herself middle interesting.",0,0
"Channel: Web Form | Priority: Critical | Account hacked - Past Hi Support, Lock my account immediately, I see transactions I didn't make. Style person leader surface guy great investment.",0,0
"Channel: Email | Priority: Medium | Password reset - Feeling Hi Support, My profile picture is not updating. Around chance phone follow hotel series certainly.",0,0
"Channel: Chat | Priority: Low | API Error 500 - Fact Hi Support, The dashboard is not loading any data, just a spinning wheel. Degree hard argue evening wind baby.",1,1
"Channel: Email | Priority: High | Installation issue - Another Hi Support, My data hasn't synced to the cloud for 24 hours. Business impact policy street will despite.",0,0
"Channel: Chat | Priority: Medium | Update credit card - Magazine Hi Support, I noticed a double charge on my statement for last month. Realize common field before president whether beautiful.",0,0
"Channel: Chat | Priority: Low | Suspicious charge - News Hi Support, My subscription renewed automatically, but I wanted to cancel. Themselves available opportunity language development whole feel.",0,0
"Channel: Email | Priority: High | Installation issue - New Hi Support, The dashboard is not loading any data, just a spinning wheel. Prove quickly in onto social.",0,0
"Channel: Web Form | Priority: Medium | Feature request - Explain Hi Support, Is there a roadmap for new features this year? If daughter moment.",1,1
"Channel: Chat | Priority: Medium | Charged twice - Likely Hi Support, Can you send me the invoice for transaction #99283? Win baby everybody write during assume.",0,0
"Channel: Email | Priority: Low | Delete account - Table Hi Support, I lost my phone and cannot pass the 2FA check. Religious share tell attack area senior.",1,1
"Channel: Chat | Priority: Low | Update credit card - Bank Hi Support, I have been trying to update my payment method but it keeps failing. Easy together cost record successful.",1,1
"Channel: Web Form | Priority: Low | Change email - Blood Hi Support, I want to permanently delete my account and data. Mention though our goal make.",0,1
"Channel: Web Form | Priority: Critical | Alert notification - Tell Hi Support, I received a login alert from a device in Russia, which wasn't me. Add go open three team.",1,1
"Channel: Web Form | Priority: Medium | 2FA issues - Provide Hi Support, I am not receiving the password reset email. Threat officer opportunity yard message.",0,0
"Channel: Web Form | Priority: High | Login failed - Out Hi Support, I cannot log into my account even after resetting the password. Put success number trial kind.",0,0
"Channel: Web Form | Priority: Low | Subscription upgrade - Window Hi Support, My profile picture is not updating. Since character consider yard oil wind crime.",0,0
"Channel: Email | Priority: High | Stolen card - Two Hi Support, I think my account has been compromised. Tonight surface learn require kitchen practice.",0,0
"Channel: Web Form | Priority: Low | Demo request - Land Hi Support, Do you offer a discount for non-profits? Tax lawyer look family none.",0,0
"Channel: Email | Priority: Low | API Error 500 - Law Hi Support, The dashboard is not loading any data, just a spinning wheel. Last civil laugh wear order international.",1,1
"Channel: Email | Priority: Low | Data not syncing - Class Hi Support, How do I install the latest patch on Windows 11? Avoid couple where experience become.",0,0
"Channel: Email | Priority: Medium | Data not syncing - Including Hi Support, My data hasn't synced to the cloud for 24 hours. Thing city alone growth growth.",0,0
"Channel: Chat | Priority: Critical | Account hacked - Film Hi Support, Someone used my card to make a purchase on your site. Personal study government yes yes huge.",1,1
"Channel: Web Form | Priority: Low | App crashing - Top Hi Support, We are receiving a 500 Internal Server Error on the API endpoint. Would pass shoulder hundred since here man quickly.",1,1
"Channel: Chat | Priority: Low | Login failed - Enjoy Hi Support, How do I install the latest patch on Windows 11? Everyone produce I argue us.",1,1
"Channel: Email | Priority: High | App crashing - Federal Hi Support, The dashboard is not loading any data, just a spinning wheel. Player yourself sign candidate word church successful.",0,0
"Channel: Email | Priority: Low | Refund status - Really Hi Support, I have been trying to update my payment method but it keeps failing. Race message whatever conference describe especially.",1,1
"Channel: Email | Priority: Low | Suspicious charge - Doctor Hi Support, Why is my bill higher than the agreed amount? Throw employee foreign computer.",0,0
"Channel: Web Form | Priority: Low | Office location - Study Hi Support, I would like to request a demo for my team. Technology available attorney window.",0,0
"Channel: Email | Priority: Low | API Error 500 - However Hi Support, I cannot log into my account even after resetting the password. Decision exist easy subject.",1,1
"Channel: Web Form | Priority: High | Refund status - Discussion Hi Support, I have been trying to update my payment method but it keeps failing. Bad cultural site.",0,0
"Channel: Web Form | Priority: Low | Screen freezes - Physical Hi Support, How do I install the latest patch on Windows 11? High up along public.",0,0
"Channel: Chat | Priority: Low | Pricing tiers - Age Hi Support, How does the team pricing tier work? Party series author join mouth.",0,0
"Channel: Chat | Priority: Low | Delete account - Capital Hi Support, I lost my phone and cannot pass the 2FA check. Sort every benefit couple protect cause.",1,1
"Channel: Web Form | Priority: Critical | Alert notification - Happy Hi Support, Lock my account immediately, I see transactions I didn't make. Process easy run as out quality.",1,0
"Channel: Web Form | Priority: Medium | Subscription upgrade - Bag Hi Support, I lost my phone and cannot pass the 2FA check. Television campaign likely through herself care.",0,0
"Channel: Web Form | Priority: Medium | Suspicious charge - Child Hi Support, Why is my bill higher than the agreed amount? Process life summer gas leader dog ago.",0,0
"Channel: Chat | Priority: Critical | Login failed - Court Hi Support, We are receiving a 500 Internal Server Error on the API endpoint. Hair statement our far plan.",0,0
"Channel: Web Form | Priority: Low | Update credit card - Plant Hi Support, My subscription renewed automatically, but I wanted to cancel. Quite next until TV significant.",0,0
"Channel: Chat | Priority: Medium | Invoice discrepancy - Indeed Hi Support, My subscription renewed automatically, but I wanted to cancel. Wrong design professor job poor.",0,0
"Channel: Email | Priority: Low | Charged twice - Seem Hi Support, Can you send me the invoice for transaction #99283? Weight fill poor.",0,0
"Channel: Web Form | Priority: Medium | Pricing tiers - See Hi Support, Where is your headquarters located? Hot drug power various series.",0,0
"Channel: Web Form | Priority: Medium | Demo request - Year Hi Support, I would like to request a demo for my team. Economic traditional save human rather light.",0,1
"Channel: Chat | Priority: Medium | Change email - Believe Hi Support, I am not receiving the password reset email. Receive course tend wind why age.",0,0
"Channel: Chat | Priority: High | 2FA issues - West Hi Support, I want to permanently delete my account and data. Direction phone skill west.",0,1
"Channel: Email | Priority: High | Suspicious activity - Third Hi Support, Someone used my card to make a purchase on your site. Newspaper already support modern nature many.",1,0
"Channel: Chat | Priority: Medium | Login failed - Blood Hi Support, I cannot log into my account even after resetting the password. Game court song such third feel seat.",0,1
"Channel: Web Form | Priority: Critical | Data not syncing - Argue Hi Support, How do I install the latest patch on Windows 11? Local production dream of they.",1,1
"Channel: Web Form | Priority: Medium | Product question - Wrong Hi Support, Is there a roadmap for new features this year? Guy young pull full marriage a course defense.",1,1
"Channel: Chat | Priority: Low | Invoice discrepancy - Woman Hi Support, I have been trying to update my payment method but it keeps failing. Century color their.",0,0
"Channel: Web Form | Priority: Medium | Pricing tiers - Seat Hi Support, What are your support operating hours? Single look claim project college.",0,0
"Channel: Web Form | Priority: Low | Profile update - Including Hi Support, Please help me change the email address associated with my account. Born shake authority.",0,0
"Channel: Web Form | Priority: High | App crashing - Himself Hi Support, We are receiving a 500 Internal Server Error on the API endpoint. Away his rule conference look able.",0,0
"Channel: Web Form | Priority: Medium | Charged twice - Leg Hi Support, Why is my bill higher than the agreed amount? Wish require of bill south myself view.",0,0
"Channel: Chat | Priority: Medium | Hours of operation - Dog Hi Support, What are your support operating hours? Reflect management live class begin.",0,0
"Channel: Web Form | Priority: Critical | Unrecognized login - Walk Hi Support, I think my account has been compromised. Act country feel save.",1,1
"Channel: Web Form | Priority: Medium | Feature request - Pressure Hi Support, I would like to request a demo for my team. Reduce line option car size statement believe.",0,1
"Channel: Web Form | Priority: Low | Data not syncing - Open Hi Support, The application crashes every time I open the settings tab. Over even possible region course agent computer manage.",1,1
"Channel: Web Form | Priority: Low | Payment failed - Piece Hi Support, Can you send me the invoice for transaction #99283? Soldier yeah room box.",1,1
"Channel: Web Form | Priority: Medium | Product question - After Hi Support, What are your support operating hours? Continue maybe air most rate dinner.",0,0
"Channel: Email | Priority: Critical | Installation issue - Wall Hi Support, The dashboard is not loading any data, just a spinning wheel. Collection question assume.",1,1
"Channel: Web Form | Priority: Low | Change email - Ball Hi Support, I lost my phone and cannot pass the 2FA check. Beat more never its.",0,0
"Channel: Chat | Priority: High | Suspicious activity - Beautiful Hi Support, Why is there a new device added to my trusted list? Lose final look chance yet accept.",1,1
"Channel: Chat | Priority: Medium | Screen freezes - Continue Hi Support, My data hasn't synced to the cloud for 24 hours. Citizen real expert.",0,0
"Channel: Web Form | Priority: Low | Screen freezes - Word Hi Support, How do I install the latest patch on Windows 11? Able owner nature.",0,0
"Channel: Email | Priority: High | Screen freezes - Behavior Hi Support, My data hasn't synced to the cloud for 24 hours. Along network position apply word dream later.",0,0
"Channel: Email | Priority: Low | Installation issue - Phone Hi Support, We are receiving a 500 Internal Server Error on the API endpoint. Better stock live out alone team.",1,1
"Channel: Email | Priority: Low | Password reset - Story Hi Support, How do I upgrade to the Enterprise plan? Mention pay reduce effort option some.",0,0
"Channel: Web Form | Priority: Critical | Login failed - Camera Hi Support, How do I install the latest patch on Windows 11? Their strategy subject describe.",1,1
"Channel: Email | Priority: Low | Update credit card - Support Hi Support, I requested a refund 5 days ago, where is it? Partner nor election often brother.",1,0
"Channel: Chat | Priority: Medium | Screen freezes - Southern Hi Support, How do I install the latest patch on Windows 11? In himself drug police everybody social.",0,0
"Channel: Chat | Priority: High | Installation issue - Class Hi Support, I cannot log into my account even after resetting the password. Party consider first him door.",0,0
"Channel: Email | Priority: High | App crashing - Side Hi Support, The dashboard is not loading any data, just a spinning wheel. Chair yourself later successful agency whose.",0,0
"Channel: Web Form | Priority: Medium | Demo request - Produce Hi Support, I would like to request a demo for my team. Student agreement brother memory sell college.",1,0
"Channel: Email | Priority: Medium | Subscription upgrade - Keep Hi Support, Please help me change the email address associated with my account. Clearly employee into school provide available hand.",0,0
"Channel: Chat | Priority: Medium | Product question - Protect Hi Support, Do you offer a discount for non-profits? Describe high tree end in team model book.",1,1
"Channel: Email | Priority: Medium | Demo request - You Hi Support, How does the team pricing tier work? Return speech most really I cold.",0,0
"Channel: Email | Priority: Low | Demo request - American Hi Support, Where is your headquarters located? Author listen today.",0,0
"Channel: Email | Priority: Low | Invoice discrepancy - And Hi Support, Why is my bill higher than the agreed amount? School possible very fire fire to.",0,0
"Channel: Chat | Priority: Low | Payment failed - Before Hi Support, My subscription renewed automatically, but I wanted to cancel. Pull five together similar.",1,1
"Channel: Web Form | Priority: Medium | Invoice discrepancy - Where Hi Support, I have been trying to update my payment method but it keeps failing. Beautiful mouth yourself member Mr success one throw.",0,0
"Channel: Email | Priority: Low | Pricing tiers - Through Hi Support, How does the team pricing tier work? Night east upon loss until ball hear.",0,0
"Channel: Web Form | Priority: High | Installation issue - Film Hi Support, I cannot log into my account even after resetting the password. Agreement per challenge group.",0,0
"Channel: Web Form | Priority: Low | Feature request - Result Hi Support, Where is your headquarters located? Civil how seat would already professor religious year.",0,0
"Channel: Web Form | Priority: Low | Invoice discrepancy - Pattern Hi Support, I have been trying to update my payment method but it keeps failing. Of fire station week.",0,0
"Channel: Web Form | Priority: High | App crashing - Official Hi Support, My data hasn't synced to the cloud for 24 hours. Stand record image generation federal.",0,0
"Channel: Web Form | Priority: Low | Demo request - Sit Hi Support, Is there a roadmap for new features this year? Say any tough.",0,0
"Channel: Web Form | Priority: Low | Charged twice - Ever Hi Support, My subscription renewed automatically, but I wanted to cancel. Direction rate since.",0,0
"Channel: Email | Priority: Medium | Feature request - Final Hi Support, Is there a roadmap for new features this year? Admit authority newspaper wife or car.",1,1
"Channel: Web Form | Priority: High | Suspicious charge - Matter Hi Support, My subscription renewed automatically, but I wanted to cancel. Care left remain medical trial floor.",1,1
"Channel: Chat | Priority: Low | Payment failed - Forget Hi Support, Why is my bill higher than the agreed amount? But vote visit.",1,1
"Channel: Email | Priority: Low | Update credit card - Likely Hi Support, I requested a refund 5 days ago, where is it? Out now both third lay chance specific.",0,1
"Channel: Chat | Priority: Low | Invoice discrepancy - Prevent Hi Support, My subscription renewed automatically, but I wanted to cancel. At live fish share down open leave.",0,0
"Channel: Chat | Priority: Low | Product question - Have Hi Support, Is there a roadmap for new features this year? Certainly age wife magazine.",0,0
"Channel: Email | Priority: Low | 2FA issues - Follow Hi Support, I am not receiving the password reset email. Sort half ago address just radio option series.",0,0
"Channel: Chat | Priority: High | Unrecognized login - Family Hi Support, Why is there a new device added to my trusted list? Free loss leg to yourself miss either.",0,0
"Channel: Email | Priority: High | Login failed - Skill Hi Support, The dashboard is not loading any data, just a spinning wheel. Success team choose manager there including.",0,0
"Channel: Email | Priority: Medium | Suspicious charge - Voice Hi Support, I requested a refund 5 days ago, where is it? Voice boy wall chance.",0,0
"Channel: Chat | Priority: Medium | Suspicious charge - Story Hi Support, My subscription renewed automatically, but I wanted to cancel. Partner scene tell attorney radio.",0,0
"Channel: Chat | Priority: Low | Screen freezes - Cold Hi Support, The dashboard is not loading any data, just a spinning wheel. Plant media series already every face them.",1,1
"Channel: Chat | Priority: Low | Screen freezes - Knowledge Hi Support, My data hasn't synced to the cloud for 24 hours. Success prepare ready clearly represent.",1,1
"Channel: Web Form | Priority: Medium | Password reset - Reality Hi Support, My profile picture is not updating. Nation or easy it.",0,0
"Channel: Email | Priority: Medium | Pricing tiers - Safe Hi Support, I would like to request a demo for my team. Edge indicate despite meet activity include none support.",0,0
"Channel: Chat | Priority: Medium | Screen freezes - Not Hi Support, My data hasn't synced to the cloud for 24 hours. Small road discussion east in save offer.",0,0
"Channel: Email | Priority: Medium | API Error 500 - Market Hi Support, The dashboard is not loading any data, just a spinning wheel. Seven under him forget.",0,1
"Channel: Web Form | Priority: High | Demo request - Old Hi Support, I would like to request a demo for my team. Cover might finish follow plant.",1,1
"Channel: Web Form | Priority: Medium | Feature request - Big Hi Support, What are your support operating hours? Floor finish throw.",0,0
"Channel: Web Form | Priority: Medium | Invoice discrepancy - Second Hi Support, I have been trying to update my payment method but it keeps failing. Various fund old direction adult glass each trial.",0,0
"Channel: Email | Priority: Medium | Pricing tiers - Him Hi Support, What are your support operating hours? College main item.",0,0
"Channel: Chat | Priority: Low | Subscription upgrade - Fall Hi Support, I want to permanently delete my account and data. Value anyone movie four almost half person.",0,0
"Channel: Email | Priority: Medium | Update credit card - Far Hi Support, Why is my bill higher than the agreed amount? Could onto their social pretty to hundred.",0,0
"Channel: Chat | Priority: Critical | App crashing - Radio Hi Support, How do I install the latest patch on Windows 11? Well anyone certainly soldier building along senior.",1,1
"Channel: Web Form | Priority: Low | Update credit card - Forward Hi Support, Why is my bill higher than the agreed amount? Always available account upon road.",0,0
"Channel: Web Form | Priority: Low | Invoice discrepancy - Charge Hi Support, I have been trying to update my payment method but it keeps failing. Myself success look compare technology natural.",0,0
"Channel: Email | Priority: Low | Feature request - Reflect Hi Support, Do you offer a discount for non-profits? Either others east heart.",0,0
"Channel: Chat | Priority: Medium | 2FA issues - Wall Hi Support, I want to permanently delete my account and data. Glass produce down interest kind.",0,0
"Channel: Chat | Priority: Medium | Login failed - For Hi Support, The dashboard is not loading any data, just a spinning wheel. Best herself entire rather officer sure personal.",0,1
"Channel: Web Form | Priority: High | Change email - Mrs Hi Support, Please help me change the email address associated with my account. Prove score go front whose her.",1,1
"Channel: Chat | Priority: Medium | Pricing tiers - Lot Hi Support, Is there a roadmap for new features this year? Music live outside voice with serious.",1,1
"Channel: Email | Priority: High | API Error 500 - Them Hi Support, We are receiving a 500 Internal Server Error on the API endpoint. Pick yard then anyone.",0,0
"Channel: Web Form | Priority: Medium | Installation issue - Take Hi Support, The dashboard is not loading any data, just a spinning wheel. Stand when artist total four report training.",0,0
"Channel: Email | Priority: Medium | Change email - Truth Hi Support, How do I upgrade to the Enterprise plan? Beyond region thought list civil direction anyone.",1,1
"Channel: Web Form | Priority: Low | Password reset - Interesting Hi Support, I want to permanently delete my account and data. Approach effort past education another.",1,1
"Channel: Email | Priority: Medium | Suspicious charge - Off Hi Support, I have been trying to update my payment method but it keeps failing. Million wait speech clearly.",0,0
"Channel: Email | Priority: High | Profile update - Seek Hi Support, I want to permanently delete my account and data. Drop law something mission deep way.",0,0
"Channel: Chat | Priority: Medium | Hours of operation - No Hi Support, Is there a roadmap for new features this year? Wish star ask.",0,0
"Channel: Web Form | Priority: High | Charged twice - Answer Hi Support, Why is my bill higher than the agreed amount? Open note head available.",1,1
"Channel: Email | Priority: Medium | Profile update - But Hi Support, How do I upgrade to the Enterprise plan? Firm public paper century.",1,0
"Channel: Web Form | Priority: High | App crashing - Save Hi Support, We are receiving a 500 Internal Server Error on the API endpoint. Husband yourself industry fact.",0,0
"Channel: Chat | Priority: Low | Product question - Loss Hi Support, Do you offer a discount for non-profits? Style fish still usually.",0,0
"Channel: Web Form | Priority: Low | Charged twice - One Hi Support, I noticed a double charge on my statement for last month. Break look including election fish.",0,0
"Channel: Email | Priority: Low | Refund status - Suffer Hi Support, My subscription renewed automatically, but I wanted to cancel. Each federal soon institution figure number wife.",0,1
"Channel: Web Form | Priority: Medium | Delete account - Step Hi Support, Please help me change the email address associated with my account. Economy mind forget sense raise.",0,0
"Channel: Email | Priority: Medium | Installation issue - Certain Hi Support, How do I install the latest patch on Windows 11? Involve country continue long director major.",0,0
"Channel: Email | Priority: Low | Data not syncing - Good Hi Support, My data hasn't synced to the cloud for 24 hours. Region situation music he happen much.",1,1
"Channel: Web Form | Priority: Medium | App crashing - Get Hi Support, We are receiving a 500 Internal Server Error on the API endpoint. College ground argue happen rich.",0,1
"Channel: Chat | Priority: Medium | API Error 500 - Force Hi Support, My data hasn't synced to the cloud for 24 hours. Peace mention decide wrong campaign choose.",0,0
"Channel: Chat | Priority: Low | Payment failed - Wife Hi Support, I requested a refund 5 days ago, where is it? Resource pass water Mrs investment.",1,1
"Channel: Web Form | Priority: Medium | Screen freezes - Still Hi Support, I cannot log into my account even after resetting the password. Plant area shake send prepare defense probably.",0,0
"Channel: Chat | Priority: High | Change email - Just Hi Support, Please help me change the email address associated with my account. Usually middle pick sister expect record box.",1,1
"Channel: Email | Priority: High | Alert notification - Mrs Hi Support, Someone used my card to make a purchase on your site. Follow physical skill truth just daughter nation radio.",1,1
"Channel: Web Form | Priority: Low | Refund status - Series Hi Support, Can you send me the invoice for transaction #99283? Source music sister difference.",1,0
"Channel: Chat | Priority: Low | Product question - Answer Hi Support, What are your support operating hours? Reach usually fall.",0,0
"Channel: Web Form | Priority: Medium | Demo request - Letter Hi Support, I would like to request a demo for my team. Home art nation officer save any.",0,0
"Channel: Chat | Priority: High | Installation issue - Each Hi Support, My data hasn't synced to the cloud for 24 hours. Item item glass step area.",1,0
"Channel: Chat | Priority: Medium | Demo request - Approach Hi Support, What are your support operating hours? Player behavior series wide.",0,0
"Channel: Chat | Priority: Low | Suspicious charge - Cultural Hi Support, I requested a refund 5 days ago, where is it? Model husband nor.",0,0
"Channel: Email | Priority: High | Suspicious charge - Unit Hi Support, Why is my bill higher than the agreed amount? Marriage reveal difficult daughter.",1,1
"Channel: Web Form | Priority: High | Product question - Vote Hi Support, Is there a roadmap for new features this year? Particularly total rise property or scene realize.",1,1
"Channel: Chat | Priority: Low | Demo request - Move Hi Support, How does the team pricing tier work? Common trip this thank song capital.",0,0
"Channel: Chat | Priority: Low | Pricing tiers - That Hi Support, What are your support operating hours? Bring performance whatever leave market.",0,0
"Channel: Email | Priority: Low | Change email - Success Hi Support, My profile picture is not updating. Price learn music painting wish particular song.",1,0
"Channel: Chat | Priority: High | Installation issue - Many Hi Support, How do I install the latest patch on Windows 11? Man be around me two activity to.",1,1
"Channel: Chat | Priority: Medium | Suspicious charge - Hair Hi Support, I have been trying to update my payment method but it keeps failing. Who garden affect lot lay.",0,0
"Channel: Web Form | Priority: Medium | Change email - Still Hi Support, I lost my phone and cannot pass the 2FA check. Star politics threat.",0,0
"Channel: Chat | Priority: Low | Feature request - Other Hi Support, I would like to request a demo for my team. Hundred have wide prepare set hair.",0,0
"Channel: Email | Priority: Low | Delete account - Table Hi Support, I am not receiving the password reset email. Of leave senior truth answer article.",1,1
"Channel: Email | Priority: Medium | Feature request - Finally Hi Support, Where is your headquarters located? Safe stop back plan.",0,1
"Channel: Web Form | Priority: High | Screen freezes - If Hi Support, My data hasn't synced to the cloud for 24 hours. Ever again news.",0,0
"Channel: Chat | Priority: Low | Payment failed - Up Hi Support, I noticed a double charge on my statement for last month. Win true majority main join sure one east.",1,1
"Channel: Chat | Priority: Low | API Error 500 - First Hi Support, My data hasn't synced to the cloud for 24 hours. Do tree crime thousand talk past responsibility economy.",1,1
"Channel: Web Form | Priority: Medium | Charged twice - Pattern Hi Support, My subscription renewed automatically, but I wanted to cancel. Hospital force nothing stay while career seek.",0,0
"Channel: Web Form | Priority: Medium | Data not syncing - Car Hi Support, My data hasn't synced to the cloud for 24 hours. Special tend computer worker create of thus.",0,0
"Channel: Web Form | Priority: Medium | Screen freezes - Worry Hi Support, I cannot log into my account even after resetting the password. Phone hour even present natural condition.",0,0
"Channel: Chat | Priority: Low | Product question - Focus Hi Support, How does the team pricing tier work? Type tax week example.",0,0
"Channel: Web Form | Priority: High | Delete account - Thousand Hi Support, I lost my phone and cannot pass the 2FA check. Bed TV any tend.",0,0
"Channel: Chat | Priority: Medium | Pricing tiers - Stop Hi Support, What are your support operating hours? Site size fire teach decade property.",0,0
"Channel: Email | Priority: Low | Pricing tiers - Get Hi Support, Is there a roadmap for new features this year? Hear story growth lay.",0,0
"Channel: Chat | Priority: Low | Invoice discrepancy - Least Hi Support, My subscription renewed automatically, but I wanted to cancel. Keep although sea up well maintain.",0,0
"Channel: Email | Priority: High | Charged twice - Off Hi Support, Why is my bill higher than the agreed amount? Of energy admit tonight take inside wind.",1,1
"Channel: Web Form | Priority: Medium | API Error 500 - True Hi Support, I cannot log into my account even after resetting the password. Data national movement color call police.",1,1
"Channel: Web Form | Priority: Low | Hours of operation - Cell Hi Support, Do you offer a discount for non-profits? Chance such less within step coach.",0,0
"Channel: Email | Priority: High | Account hacked - Girl Hi Support, Why is there a new device added to my trusted list? Attention practice think visit force side.",0,0
"Channel: Email | Priority: Medium | Hours of operation - Recently Hi Support, Is there a roadmap for new features this year? Second teach happy store.",0,0
"Channel: Email | Priority: High | Screen freezes - Join Hi Support, We are receiving a 500 Internal Server Error on the API endpoint. Meeting religious spend may born million decade.",0,0
"Channel: Chat | Priority: High | Data not syncing - Card Hi Support, The application crashes every time I open the settings tab. Speech wall six hour book.",0,0
"Channel: Web Form | Priority: High | 2FA issues - Help Hi Support, I lost my phone and cannot pass the 2FA check. Show writer leg personal project campaign.",1,1
"Channel: Email | Priority: Medium | Refund status - Attack Hi Support, I requested a refund 5 days ago, where is it? Color wind administration run determine.",0,0
"Channel: Chat | Priority: Medium | Installation issue - Write Hi Support, We are receiving a 500 Internal Server Error on the API endpoint. Letter draw hold home town charge design.",0,0
"Channel: Email | Priority: Critical | API Error 500 - News Hi Support, How do I install the latest patch on Windows 11? Especially recognize agency bill rate different race.",1,1
"Channel: Web Form | Priority: Medium | Product question - Present Hi Support, Do you offer a discount for non-profits? Worker watch cup lawyer whole.",0,1
"Channel: Chat | Priority: High | Login failed - Deal Hi Support, I cannot log into my account even after resetting the password. Note hour stand move.",0,0
"Channel: Web Form | Priority: Low | Delete account - West Hi Support, How do I upgrade to the Enterprise plan? Time determine gas alone visit guy me.",0,0
"Channel: Web Form | Priority: Medium | Suspicious charge - Perform Hi Support, I have been trying to update my payment method but it keeps failing. Onto remember stand local.",0,0
"Channel: Email | Priority: Low | 2FA issues - Civil Hi Support, I want to permanently delete my account and data. Event charge test though set by prepare.",0,0
"Channel: Email | Priority: Critical | Data not syncing - Find Hi Support, I cannot log into my account even after resetting the password. Find life onto here long staff accept.",1,1
"Channel: Email | Priority: Low | Data not syncing - Put Hi Support, We are receiving a 500 Internal Server Error on the API endpoint. Fly growth baby before maybe impact rich green.",1,1
"Channel: Email | Priority: High | API Error 500 - Travel Hi Support, How do I install the latest patch on Windows 11? Race just tonight again speak player.",0,0
"Channel: Chat | Priority: High | Screen freezes - Recognize Hi Support, My data hasn't synced to the cloud for 24 hours. Lead firm sister position identify society.",0,0
"Channel: Web Form | Priority: High | Change email - Ability Hi Support, I want to permanently delete my account and data. Like police wide control tax scientist.",1,1
"Channel: Chat | Priority: Medium | Invoice discrepancy - Laugh Hi Support, I noticed a double charge on my statement for last month. Civil open near conference indicate.",0,0
"Channel: Web Form | Priority: Medium | Payment failed - High Hi Support, I requested a refund 5 days ago, where is it? None notice trade increase.",0,0
"Channel: Chat | Priority: High | Login failed - Since Hi Support, How do I install the latest patch on Windows 11? Reason chair painting program ability hot sea.",0,0
"Channel: Email | Priority: Medium | Hours of operation - Four Hi Support, Is there a roadmap for new features this year? School herself management television human scientist single deep.",0,0
"Channel: Web Form | Priority: Medium | App crashing - Create Hi Support, My data hasn't synced to the cloud for 24 hours. Because it participant beautiful Mr full.",0,0
"Channel: Chat | Priority: Medium | Feature request - Attack Hi Support, How does the team pricing tier work? Least ten show run key plant firm.",1,1
"Channel: Web Form | Priority: Medium | Feature request - Relationship Hi Support, What are your support operating hours? Lot practice watch.",0,0
"Channel: Chat | Priority: High | Login failed - Home Hi Support, We are receiving a 500 Internal Server Error on the API endpoint. Minute choose writer security.",0,0
"Channel: Chat | Priority: High | Hours of operation - Size Hi Support, How does the team pricing tier work? Where hear none ten whole feeling not.",1,1
"Channel: Email | Priority: Low | Payment failed - Break Hi Support, Can you send me the invoice for transaction #99283? Life us senior collection yard.",1,1
"Channel: Email | Priority: Medium | Suspicious charge - Base Hi Support, Why is my bill higher than the agreed amount? Run management during community century task.",0,0
"Channel: Web Form | Priority: Low | Installation issue - Figure Hi Support, The application crashes every time I open the settings tab. War nice list available manage theory.",1,1
"Channel: Chat | Priority: Low | Password reset - Contain Hi Support, My profile picture is not updating. Certain respond finally room put week.",1,1
"Channel: Email | Priority: Low | Suspicious charge - Yeah Hi Support, My subscription renewed automatically, but I wanted to cancel. To court option in attack movie.",0,0
"Channel: Email | Priority: High | Screen freezes - Wall Hi Support, We are receiving a 500 Internal Server Error on the API endpoint. Hospital though candidate partner.",0,0
"Channel: Chat | Priority: Medium | Payment failed - According Hi Support, Why is my bill higher than the agreed amount? Smile place method offer dinner table occur.",0,0
"Channel: Chat | Priority: Medium | Hours of operation - Feeling Hi Support, I would like to request a demo for my team. Despite quickly arm common land.",0,0
"Channel: Email | Priority: Low | Delete account - Blue Hi Support, I want to permanently delete my account and data. Guy employee page son create great message.",0,1
"Channel: Chat | Priority: Low | Installation issue - Wrong Hi Support, The application crashes every time I open the settings tab. Stage couple issue south degree return around develop.",1,1
"Channel: Chat | Priority: Medium | Feature request - Drop Hi Support, How does the team pricing tier work? Hope body house government place teacher outside reality.",0,1
"Channel: Email | Priority: Low | Payment failed - Read Hi Support, My subscription renewed automatically, but I wanted to cancel. Voice somebody believe early.",1,1
"Channel: Web Form | Priority: Medium | Installation issue - Road Hi Support, The application crashes every time I open the settings tab. Level in society rate.",1,0
"Channel: Chat | Priority: High | Charged twice - Past Hi Support, I noticed a double charge on my statement for last month. Board course throw catch question American.",1,1
"Channel: Chat | Priority: Low | Invoice discrepancy - Office Hi Support, Can you send me the invoice for transaction #99283? South last drop.",0,0
"Channel: Web Form | Priority: Low | Change email - Performance Hi Support, My profile picture is not updating. It modern senior rich society draw trouble.",1,1
"Channel: Chat | Priority: Critical | Screen freezes - Expect Hi Support, My data hasn't synced to the cloud for 24 hours. Huge true despite decision and.",1,1
"Channel: Chat | Priority: Low | Subscription upgrade - Own Hi Support, I lost my phone and cannot pass the 2FA check. Address one she tell daughter.",1,0
"Channel: Email | Priority: Medium | Office location - Republican Hi Support, Do you offer a discount for non-profits? Particularly present marriage lay fact increase.",1,1
"Channel: Web Form | Priority: Low | Delete account - Meet Hi Support, Please help me change the email address associated with my account. Second trouble finish late animal turn air.",0,1
"Channel: Chat | Priority: Low | Refund status - Plan Hi Support, Why is my bill higher than the agreed amount? Personal generation at front.",0,0
"Channel: Web Form | Priority: High | Office location - Middle Hi Support, Is there a roadmap for new features this year? Leg throw research.",1,1
"Channel: Email | Priority: Medium | Refund status - Budget Hi Support, Can you send me the invoice for transaction #99283? Air sign give billion.",0,0
"Channel: Email | Priority: Medium | Charged twice - Writer Hi Support, Can you send me the invoice for transaction #99283? Money trade character short describe debate.",0,0
"Channel: Email | Priority: Low | Installation issue - Glass Hi Support, The application crashes every time I open the settings tab. Reveal position world hope debate glass necessary.",1,1
"Channel: Web Form | Priority: Low | Subscription upgrade - Ready Hi Support, I am not receiving the password reset email. Indicate heart collection available hope.",1,0
"Channel: Email | Priority: Low | API Error 500 - Himself Hi Support, We are receiving a 500 Internal Server Error on the API endpoint. Section necessary line.",1,1
"Channel: Chat | Priority: Medium | Login failed - Truth Hi Support, How do I install the latest patch on Windows 11? Glass only child keep election situation course policy.",0,0
"Channel: Email | Priority: Medium | 2FA issues - Indeed Hi Support, Please help me change the email address associated with my account. Born wait suddenly finally huge deal.",0,0
"Channel: Web Form | Priority: High | Refund status - Within Hi Support, I have been trying to update my payment method but it keeps failing. Leader throw box school area put.",0,0
"Channel: Email | Priority: Low | Refund status - Accept Hi Support, I requested a refund 5 days ago, where is it? Campaign scientist city church raise move.",0,0
"Channel: Chat | Priority: Medium | Data not syncing - Stage Hi Support, How do I install the latest patch on Windows 11? Nice or maybe.",1,0
"Channel: Email | Priority: Low | Refund status - Hold Hi Support, Can you send me the invoice for transaction #99283? Fund social history.",1,0
"Channel: Email | Priority: Medium | Data not syncing - Its Hi Support, We are receiving a 500 Internal Server Error on the API endpoint. Structure resource religious difficult night why performance arrive.",0,0
"Channel: Chat | Priority: Low | Change email - Of Hi Support, I lost my phone and cannot pass the 2FA check. Challenge difficult machine could.",1,1
"Channel: Web Form | Priority: Low | Product question - Option Hi Support, How does the team pricing tier work? Protect find phone.",0,0
"Channel: Chat | Priority: Medium | Login failed - Later Hi Support, We are receiving a 500 Internal Server Error on the API endpoint. From bad try coach past company.",1,1
"Channel: Email | Priority: Low | Hours of operation - Someone Hi Support, Do you offer a discount for non-profits? How simple point dinner various short station.",0,0
"Channel: Email | Priority: Low | Feature request - Play Hi Support, What are your support operating hours? He Democrat land stuff either level catch will.",0,0
"Channel: Chat | Priority: Low | App crashing - Eat Hi Support, The dashboard is not loading any data, just a spinning wheel. Pull action next response ability none.",1,1
"Channel: Chat | Priority: Medium | Subscription upgrade - Life Hi Support, How do I upgrade to the Enterprise plan? Total relate position.",0,1
"Channel: Email | Priority: Low | Login failed - Analysis Hi Support, My data hasn't synced to the cloud for 24 hours. North already instead own.",1,1
"Channel: Chat | Priority: Low | Charged twice - Understand Hi Support, My subscription renewed automatically, but I wanted to cancel. Require history lot want mention.",1,0
"Channel: Email | Priority: Medium | Subscription upgrade - Rest Hi Support, How do I upgrade to the Enterprise plan? Among coach show happy measure student already.",1,1
"Channel: Web Form | Priority: Low | Login failed - Leave Hi Support, We are receiving a 500 Internal Server Error on the API endpoint. Design read analysis exist already front key road.",1,1
"Channel: Chat | Priority: Low | Update credit card - Reflect Hi Support, Why is my bill higher than the agreed amount? Affect clear kind bag much address.",0,0
"Channel: Web Form | Priority: Medium | Suspicious charge - Chair Hi Support, Why is my bill higher than the agreed amount? Treat total quite subject idea traditional likely.",0,0
"Channel: Chat | Priority: Medium | Change email - Upon Hi Support, How do I upgrade to the Enterprise plan? North left sense coach recognize short.",1,0
"Channel: Web Form | Priority: Low | Password reset - Hope Hi Support, My profile picture is not updating. Student management project.",1,1
"Channel: Chat | Priority: Medium | Office location - Court Hi Support, Do you offer a discount for non-profits? Decision future look inside.",1,1
"Channel: Email | Priority: Medium | Demo request - Art Hi Support, I would like to request a demo for my team. Front give should Democrat seek couple.",0,0
"Channel: Chat | Priority: Medium | App crashing - Firm Hi Support, How do I install the latest patch on Windows 11? Cost evidence chair husband.",0,0
"Channel: Email | Priority: Low | Invoice discrepancy - Sing Hi Support, Can you send me the invoice for transaction #99283? Also certainly paper cost result.",0,0
"Channel: Email | Priority: Low | Product question - Question Hi Support, I would like to request a demo for my team. Loss discuss smile professor.",0,0
"Channel: Web Form | Priority: Low | Password reset - Run Hi Support, I am not receiving the password reset email. Lawyer ready response anything provide suggest.",1,1
"Channel: Chat | Priority: Low | Password reset - Whether Hi Support, I am not receiving the password reset email. Care other line class over later.",1,1
"Channel: Chat | Priority: Low | Refund status - Forward Hi Support, Can you send me the invoice for transaction #99283? Floor scene scientist system though.",0,1
"Channel: Email | Priority: Low | Feature request - Suffer Hi Support, What are your support operating hours? North allow style must cell hundred.",0,0
"Channel: Web Form | Priority: Low | Password reset - So Hi Support, My profile picture is not updating. Husband energy natural they.",0,1
"Channel: Chat | Priority: Low | Invoice discrepancy - Who Hi Support, I have been trying to update my payment method but it keeps failing. Various sometimes allow guy.",0,1
"Channel: Email | Priority: Critical | Phishing attempt - Bad Hi Support, Why is there a new device added to my trusted list? Nice easy section fish leg.",1,1
"Channel: Web Form | Priority: Low | Demo request - Maybe Hi Support, Do you offer a discount for non-profits? Marriage value account spend home name indeed region.",0,0
"Channel: Chat | Priority: Medium | Invoice discrepancy - System Hi Support, Why is my bill higher than the agreed amount? For thing service support popular southern.",0,0
"Channel: Chat | Priority: Medium | Change email - Figure Hi Support, My profile picture is not updating. Media sort gas key key chair.",0,0
"Channel: Email | Priority: Low | Password reset - Bar Hi Support, I want to permanently delete my account and data. Ever success business example beautiful election move.",0,0
"Channel: Chat | Priority: Low | Invoice discrepancy - Receive Hi Support, Can you send me the invoice for transaction #99283? Woman candidate discuss investment PM car.",0,0
"Channel: Chat | Priority: Low | Delete account - Beat Hi Support, Please help me change the email address associated with my account. Yeah public sing look team travel next.",0,0
"Channel: Chat | Priority: High | Suspicious charge - Raise Hi Support, Can you send me the invoice for transaction #99283? Forget red cause across common join always.",1,1
"Channel: Email | Priority: Low | Charged twice - Company Hi Support, My subscription renewed automatically, but I wanted to cancel. Appear around lose compare candidate goal.",0,1
"Channel: Chat | Priority: Medium | App crashing - And Hi Support, We are receiving a 500 Internal Server Error on the API endpoint. Reality property officer under.",0,1
"Channel: Email | Priority: Medium | Refund status - Success Hi Support, Why is my bill higher than the agreed amount? Treat drop arm.",0,0
"Channel: Web Form | Priority: Low | Subscription upgrade - Artist Hi Support, I want to permanently delete my account and data. Represent to important late.",0,0
"Channel: Web Form | Priority: Medium | App crashing - Item Hi Support, How do I install the latest patch on Windows 11? Push man mind important ten letter thank.",0,0
"Channel: Chat | Priority: Medium | Pricing tiers - Suffer Hi Support, I would like to request a demo for my team. Without throw behind mother themselves least truth.",0,0
"Channel: Chat | Priority: Medium | Invoice discrepancy - Rest Hi Support, Why is my bill higher than the agreed amount? I could reach.",0,0
"Channel: Email | Priority: Medium | Installation issue - Produce Hi Support, The dashboard is not loading any data, just a spinning wheel. Each knowledge send.",0,0
"Channel: Web Form | Priority: Medium | Payment failed - Major Hi Support, I requested a refund 5 days ago, where is it? Bank pretty deal politics democratic fire meet activity.",0,0
"Channel: Chat | Priority: Medium | 2FA issues - Occur Hi Support, I lost my phone and cannot pass the 2FA check. Enjoy war task make peace.",0,0
"Channel: Chat | Priority: Low | Invoice discrepancy - How Hi Support, Can you send me the invoice for transaction #99283? Case design store.",0,0
"Channel: Email | Priority: High | Change email - Peace Hi Support, I am not receiving the password reset email. Question section ok data great.",1,1
"Channel: Web Form | Priority: Low | Delete account - Worry Hi Support, I am not receiving the password reset email. When hour best media candidate place individual.",1,1
"Channel: Chat | Priority: Medium | Refund status - Culture Hi Support, I noticed a double charge on my statement for last month. Mention herself pay allow west sometimes.",0,0
"Channel: Chat | Priority: Medium | Screen freezes - We Hi Support, How do I install the latest patch on Windows 11? Here admit edge structure position.",0,0
"Channel: Web Form | Priority: Medium | Password reset - Drive Hi Support, Please help me change the email address associated with my account. Pattern why head some up card.",0,0
"Channel: Chat | Priority: Low | Data not syncing - After Hi Support, The application crashes every time I open the settings tab. Assume down stand idea prevent effort now paper.",1,1
"Channel: Email | Priority: Medium | Installation issue - Of Hi Support, We are receiving a 500 Internal Server Error on the API endpoint. Enter action yard represent window camera above.",0,0
"Channel: Web Form | Priority: Medium | Demo request - Degree Hi Support, Is there a roadmap for new features this year? Something ready threat her summer.",1,0
"Channel: Chat | Priority: High | Delete account - Happen Hi Support, My profile picture is not updating. Home my place there hold human.",0,0
"Channel: Email | Priority: Low | Suspicious charge - Too Hi Support, My subscription renewed automatically, but I wanted to cancel. Yard heavy degree street after your admit.",0,0
"Channel: Web Form | Priority: Critical | Installation issue - Deep Hi Support, I cannot log into my account even after resetting the password. Indeed husband candidate sea.",1,1
"Channel: Email | Priority: Medium | Installation issue - Decision Hi Support, I cannot log into my account even after resetting the password. Build age theory actually many.",0,0
"Channel: Chat | Priority: Low | Login failed - Stay Hi Support, The application crashes every time I open the settings tab. Join compare accept audience.",1,1
"Channel: Chat | Priority: Medium | API Error 500 - Word Hi Support, The dashboard is not loading any data, just a spinning wheel. Western prevent whom recognize yard often ok economy.",0,0
"Channel: Web Form | Priority: Critical | Stolen card - Any Hi Support, Why is there a new device added to my trusted list? Away energy this rock edge light.",1,1
"Channel: Chat | Priority: Medium | Subscription upgrade - Health Hi Support, How do I upgrade to the Enterprise plan? Government along training.",1,1
"Channel: Chat | Priority: Medium | Installation issue - Effort Hi Support, The application crashes every time I open the settings tab. Product behavior too yes common amount buy.",1,0
"Channel: Chat | Priority: Low | Suspicious charge - Letter Hi Support, My subscription renewed automatically, but I wanted to cancel. Soon bar relationship.",0,0
"Channel: Web Form | Priority: High | Login failed - Group Hi Support, We are receiving a 500 Internal Server Error on the API endpoint. Avoid enjoy show also water lose.",0,0
"Channel: Chat | Priority: Critical | App crashing - Someone Hi Support, The application crashes every time I open the settings tab. Involve other accept tax system amount turn.",0,1
"Channel: Web Form | Priority: Low | Invoice discrepancy - Someone Hi Support, I requested a refund 5 days ago, where is it? People beat quality rise him many how.",1,0
"Channel: Web Form | Priority: Medium | Office location - Cost Hi Support, Do you offer a discount for non-profits? Enjoy particularly expert culture style particularly.",0,1
"Channel: Chat | Priority: Low | Invoice discrepancy - No Hi Support, I noticed a double charge on my statement for last month. Indicate often tax I.",0,0
"Channel: Email | Priority: Low | Screen freezes - Certain Hi Support, The dashboard is not loading any data, just a spinning wheel. Still sign environmental population.",1,1
"Channel: Email | Priority: Low | Demo request - Their Hi Support, I would like to request a demo for my team. These wind in couple.",0,0
"Channel: Chat | Priority: Low | Update credit card - Pretty Hi Support, I noticed a double charge on my statement for last month. High increase thank show improve good project because.",0,0
"Channel: Web Form | Priority: Low | Hours of operation - Agreement Hi Support, Do you offer a discount for non-profits? Condition environment husband once thing take nice.",0,0
"Channel: Chat | Priority: Medium | Subscription upgrade - Something Hi Support, I want to permanently delete my account and data. Beautiful her program light blood.",0,0
"Channel: Chat | Priority: Medium | Delete account - Two Hi Support, My profile picture is not updating. South body sing could manage.",0,0
"Channel: Chat | Priority: High | Charged twice - Action Hi Support, Can you send me the invoice for transaction #99283? Eat light ago how.",1,1
"Channel: Web Form | Priority: High | Login failed - Save Hi Support, My data hasn't synced to the cloud for 24 hours. Listen hot pass continue reality.",0,0
"Channel: Web Form | Priority: Low | Subscription upgrade - Together Hi Support, My profile picture is not updating. Might defense east thus peace money.",0,0
"Channel: Web Form | Priority: Medium | Password reset - Last Hi Support, I am not receiving the password reset email. Travel visit fight especially.",0,0
"Channel: Chat | Priority: Low | Suspicious charge - Reflect Hi Support, I requested a refund 5 days ago, where is it? Bad Mrs want person agreement.",0,1
"Channel: Email | Priority: Low | Payment failed - Affect Hi Support, Why is my bill higher than the agreed amount? Itself project than operation issue.",1,1
"Channel: Web Form | Priority: High | Data not syncing - Guy Hi Support, The application crashes every time I open the settings tab. Series drop this fight.",0,0
"Channel: Email | Priority: Low | Update credit card - Defense Hi Support, I noticed a double charge on my statement for last month. Available require practice another range ground.",0,0
"Channel: Web Form | Priority: Low | Login failed - Toward Hi Support, How do I install the latest patch on Windows 11? Ever individual writer.",1,1
"Channel: Email | Priority: High | Data not syncing - Side Hi Support, The dashboard is not loading any data, just a spinning wheel. Shoulder since candidate try wonder officer wrong very.",0,0
"Channel: Web Form | Priority: Low | Delete account - Subject Hi Support, I lost my phone and cannot pass the 2FA check. List music new government ok enjoy.",1,0
"Channel: Chat | Priority: Medium | Payment failed - Effect Hi Support, My subscription renewed automatically, but I wanted to cancel. Company hand inside will bank senior.",1,0
"Channel: Email | Priority: High | Product question - Heart Hi Support, Where is your headquarters located? Your think window three key goal need.",1,1
"Channel: Web Form | Priority: Medium | Subscription upgrade - Early Hi Support, My profile picture is not updating. Experience understand church later ready design door another.",0,0
"Channel: Web Form | Priority: Low | Screen freezes - Short Hi Support, My data hasn't synced to the cloud for 24 hours. Major live among relate yeah drug difference.",1,1
"Channel: Email | Priority: Medium | Installation issue - Threat Hi Support, How do I install the latest patch on Windows 11? Future hospital hard to though early.",0,0
"Channel: Chat | Priority: Low | 2FA issues - You Hi Support, Please help me change the email address associated with my account. College surface idea hit garden.",0,0
"Channel: Email | Priority: Medium | Payment failed - Often Hi Support, I requested a refund 5 days ago, where is it? Thought week seem section.",0,0
"Channel: Web Form | Priority: Low | Invoice discrepancy - Respond Hi Support, Why is my bill higher than the agreed amount? Democratic cover maintain discussion seat task.",0,0
"Channel: Web Form | Priority: High | Account hacked - Successful Hi Support, Lock my account immediately, I see transactions I didn't make. Animal yes sit score star wear matter.",0,0
"Channel: Web Form | Priority: High | Charged twice - But Hi Support, I have been trying to update my payment method but it keeps failing. Leader list quickly animal natural which talk.",0,0
"Channel: Chat | Priority: Medium | Invoice discrepancy - South Hi Support, Can you send me the invoice for transaction #99283? Compare down expect least.",0,0
"Channel: Email | Priority: High | App crashing - Military Hi Support, The application crashes every time I open the settings tab. Surface stage finish rich skin ago.",0,0
"Channel: Email | Priority: Low | Charged twice - Father Hi Support, I noticed a double charge on my statement for last month. Idea meeting standard paper campaign community.",0,0
"Channel: Web Form | Priority: Medium | Product question - Deal Hi Support, Is there a roadmap for new features this year? Action six hear site agreement actually.",0,1
"Channel: Web Form | Priority: Critical | Unrecognized login - Simple Hi Support, Why is there a new device added to my trusted list? Program spring establish wind agreement.",1,1
"Channel: Email | Priority: Low | Profile update - While Hi Support, How do I upgrade to the Enterprise plan? Machine vote president thing dinner manager wind.",0,0
"Channel: Web Form | Priority: High | Demo request - That Hi Support, Do you offer a discount for non-profits? Loss different personal sometimes film indeed collection.",1,1
"Channel: Web Form | Priority: Medium | Payment failed - Guess Hi Support, I noticed a double charge on my statement for last month. Today design play particularly new.",0,0
"Channel: Web Form | Priority: Medium | Data not syncing - Decade Hi Support, My data hasn't synced to the cloud for 24 hours. Say difficult over fact consider page education need.",0,0
"Channel: Web Form | Priority: Low | Charged twice - Coach Hi Support, My subscription renewed automatically, but I wanted to cancel. However card own ago expect difference.",0,0
"Channel: Email | Priority: Medium | Screen freezes - Around Hi Support, We are receiving a 500 Internal Server Error on the API endpoint. Last response from wind newspaper.",0,1
"Channel: Web Form | Priority: Medium | Invoice discrepancy - Name Hi Support, Can you send me the invoice for transaction #99283? Process imagine majority character provide less decide.",0,0
"Channel: Web Form | Priority: Low | Installation issue - Trouble Hi Support, How do I install the latest patch on Windows 11? Realize style discussion state whether charge.",0,0
"Channel: Web Form | Priority: Low | Subscription upgrade - Also Hi Support, My profile picture is not updating. Discussion resource large last his major tax media.",0,0
"Channel: Email | Priority: Medium | Feature request - Most Hi Support, Where is your headquarters located? Task late already suddenly stand laugh generation series.",0,1
"Channel: Web Form | Priority: Medium | App crashing - On Hi Support, The application crashes every time I open the settings tab. Future add spend happen per lawyer.",0,0
"Channel: Email | Priority: Low | Hours of operation - Right Hi Support, Do you offer a discount for non-profits? Land condition I compare.",0,0
"Channel: Web Form | Priority: Low | Refund status - Daughter Hi Support, I noticed a double charge on my statement for last month. Moment medical visit now chair change future community.",0,0
"Channel: Web Form | Priority: Low | Profile update - People Hi Support, My profile picture is not updating. Clearly today question treatment of mission.",0,0
"Channel: Chat | Priority: Low | Profile update - Similar Hi Support, How do I upgrade to the Enterprise plan? Head interest family certain front.",0,0
"Channel: Chat | Priority: High | API Error 500 - Center Hi Support, We are receiving a 500 Internal Server Error on the API endpoint. Gun election training mention sell.",0,0
"Channel: Chat | Priority: Medium | API Error 500 - Source Hi Support, How do I install the latest patch on Windows 11? Environmental protect admit rock red catch.",0,0
"Channel: Chat | Priority: Critical | Unrecognized login - Method Hi Support, I received a login alert from a device in Russia, which wasn't me. Claim natural partner.",1,1
"Channel: Email | Priority: Low | Profile update - Especially Hi Support, How do I upgrade to the Enterprise plan? City my behind coach need eye open.",0,0
"Channel: Web Form | Priority: Medium | Installation issue - Ahead Hi Support, The application crashes every time I open the settings tab. Soldier it onto already.",1,1
"Channel: Email | Priority: Low | Pricing tiers - Bank Hi Support, Do you offer a discount for non-profits? Throw adult financial away wide send.",0,0
"Channel: Email | Priority: Low | Delete account - Although Hi Support, I am not receiving the password reset email. Speak source establish suffer firm.",1,1
"Channel: Chat | Priority: High | Office location - Sit Hi Support, What are your support operating hours? Item site draw exactly check.",1,1
"Channel: Web Form | Priority: High | Refund status - Final Hi Support, I requested a refund 5 days ago, where is it? Region benefit determine represent federal.",1,1
"Channel: Web Form | Priority: High | Suspicious charge - Poor Hi Support, I requested a refund 5 days ago, where is it? Back condition win by already.",0,0
"Channel: Email | Priority: High | Installation issue - Baby Hi Support, How do I install the latest patch on Windows 11? Return that modern president pull trial which.",1,1
"Channel: Chat | Priority: Medium | Update credit card - Throughout Hi Support, Why is my bill higher than the agreed amount? Reason apply better sing.",0,0
"Channel: Email | Priority: Medium | Data not syncing - Win Hi Support, The dashboard is not loading any data, just a spinning wheel. Forget major later program control dark should evening.",0,0
"Channel: Email | Priority: Medium | Delete account - Economy Hi Support, How do I upgrade to the Enterprise plan? Decide body fall let.",0,0
"Channel: Email | Priority: Critical | Suspicious activity - Pick Hi Support, I received a suspicious email claiming to be support. Including write office society expect reflect.",1,1
"Channel: Chat | Priority: Medium | Installation issue - Sell Hi Support, The dashboard is not loading any data, just a spinning wheel. Just dream painting perhaps how.",0,0
"Channel: Email | Priority: Low | Refund status - Language Hi Support, Can you send me the invoice for transaction #99283? Deep represent sing team necessary degree rather.",0,0
"Channel: Chat | Priority: High | Login failed - Discover Hi Support, How do I install the latest patch on Windows 11? Sometimes so seven station front.",1,0
"Channel: Email | Priority: High | App crashing - Their Hi Support, We are receiving a 500 Internal Server Error on the API endpoint. Shake head part able begin lose mission.",0,0
"Channel: Email | Priority: Medium | Login failed - Reason Hi Support, We are receiving a 500 Internal Server Error on the API endpoint. Magazine say cost adult set happy.",1,1
"Channel: Chat | Priority: Medium | App crashing - Common Hi Support, We are receiving a 500 Internal Server Error on the API endpoint. Term most deep imagine scientist scientist feeling.",1,1
"Channel: Chat | Priority: Low | 2FA issues - Enjoy Hi Support, Please help me change the email address associated with my account. Reflect that experience house admit foot reduce painting.",0,0
"Channel: Email | Priority: Medium | Suspicious charge - Program Hi Support, Can you send me the invoice for transaction #99283? Benefit leave man.",0,0
"Channel: Chat | Priority: Low | Password reset - Able Hi Support, My profile picture is not updating. Possible enough attention news lead against.",1,1
"Channel: Chat | Priority: Low | Password reset - Program Hi Support, I want to permanently delete my account and data. And born sea.",0,1
"Channel: Chat | Priority: Medium | Invoice discrepancy - Politics Hi Support, I have been trying to update my payment method but it keeps failing. Wind old charge blue ahead state.",0,0
"Channel: Email | Priority: Low | Invoice discrepancy - Would Hi Support, My subscription renewed automatically, but I wanted to cancel. His offer myself maybe or industry call ability.",0,0
"Channel: Email | Priority: Critical | Data not syncing - Back Hi Support, We are receiving a 500 Internal Server Error on the API endpoint. Sport president mouth partner fish building would contain.",1,1
"Channel: Web Form | Priority: High | Feature request - Sometimes Hi Support, How does the team pricing tier work? Decide generation reveal collection leg able pattern.",1,1
"Channel: Chat | Priority: Medium | Login failed - Fine Hi Support, I cannot log into my account even after resetting the password. But free back part.",0,1
"Channel: Chat | Priority: Medium | Screen freezes - Stage Hi Support, The dashboard is not loading any data, just a spinning wheel. Doctor we book stay rule.",0,0
"Channel: Web Form | Priority: Medium | App crashing - A Hi Support, My data hasn't synced to the cloud for 24 hours. Structure art within memory national ahead.",0,0
"Channel: Chat | Priority: High | API Error 500 - Camera Hi Support, The application crashes every time I open the settings tab. Necessary anyone worker save.",0,0
"Channel: Web Form | Priority: Low | Profile update - Lead Hi Support, I want to permanently delete my account and data. You particularly add life my rate.",0,1
"Channel: Email | Priority: Medium | Login failed - Throughout Hi Support, The application crashes every time I open the settings tab. Keep study southern situation growth Mrs during.",1,1
"Channel: Chat | Priority: Low | 2FA issues - Green Hi Support, I lost my phone and cannot pass the 2FA check. Down PM future sit.",0,0
"Channel: Email | Priority: Medium | Charged twice - Very Hi Support, My subscription renewed automatically, but I wanted to cancel. The through face manage wait ok.",0,0
"Channel: Chat | Priority: Low | Suspicious charge - Accept Hi Support, I noticed a double charge on my statement for last month. Hair recognize employee rock surface tonight everything.",0,0
"Channel: Chat | Priority: Low | 2FA issues - Necessary Hi Support, Please help me change the email address associated with my account. Enough put until up memory.",0,1
"Channel: Email | Priority: High | Feature request - Hospital Hi Support, How does the team pricing tier work? Ability source meeting product.",1,1
"Channel: Web Form | Priority: Low | Subscription upgrade - Term Hi Support, I want to permanently delete my account and data. Over professional none imagine offer themselves foreign.",0,0
"Channel: Email | Priority: Low | Delete account - Federal Hi Support, My profile picture is not updating. Give yes reality board cold.",1,1
"Channel: Email | Priority: Medium | Screen freezes - Bring Hi Support, We are receiving a 500 Internal Server Error on the API endpoint. Morning team pull.",0,1
"Channel: Email | Priority: Medium | 2FA issues - Indicate Hi Support, I lost my phone and cannot pass the 2FA check. Say actually fish why career between ever.",0,0
"Channel: Email | Priority: Critical | Data not syncing - Explain Hi Support, The dashboard is not loading any data, just a spinning wheel. Tend me there after every million among.",1,1
"Channel: Web Form | Priority: High | Product question - Practice Hi Support, Where is your headquarters located? Light watch across call.",1,1
"Channel: Chat | Priority: High | App crashing - However Hi Support, I cannot log into my account even after resetting the password. Action get each always you.",0,0
"Channel: Web Form | Priority: Critical | Data not syncing - East Hi Support, We are receiving a 500 Internal Server Error on the API endpoint. Usually child method stock.",1,1
"Channel: Email | Priority: Medium | Delete account - Where Hi Support, I am not receiving the password reset email. Draw allow yourself tend.",0,0
"Channel: Chat | Priority: Critical | Stolen card - Place Hi Support, Someone used my card to make a purchase on your site. Policy first policy leader four range nothing.",1,1
"Channel: Chat | Priority: High | App crashing - Long Hi Support, The dashboard is not loading any data, just a spinning wheel. Bar specific star science.",0,0
"Channel: Chat | Priority: Low | Update credit card - Section Hi Support, I requested a refund 5 days ago, where is it? Summer to book identify deal very.",0,0
"Channel: Web Form | Priority: Low | Subscription upgrade - Beat Hi Support, I want to permanently delete my account and data. Ok anyone herself personal even.",1,0
"Channel: Chat | Priority: Low | Login failed - Like Hi Support, I cannot log into my account even after resetting the password. Political age economy budget center service can.",1,1
"Channel: Chat | Priority: Medium | Demo request - Southern Hi Support, How does the team pricing tier work? Us start start debate effect age top never.",1,0
"Channel: Chat | Priority: Medium | Delete account - Message Hi Support, I am not receiving the password reset email. Artist defense mean six although nice.",0,0
"Channel: Web Form | Priority: Medium | Product question - Fall Hi Support, How does the team pricing tier work? Data will center order bit hundred.",0,1
"Channel: Chat | Priority: Low | Update credit card - Great Hi Support, I have been trying to update my payment method but it keeps failing. Would picture and whether camera remain never.",0,1
"Channel: Email | Priority: Medium | App crashing - Trial Hi Support, My data hasn't synced to the cloud for 24 hours. Plant claim upon call race on.",0,0
"Channel: Web Form | Priority: Low | Demo request - Part Hi Support, I would like to request a demo for my team. Series significant stand exactly oil remain simply second.",0,0
"Channel: Chat | Priority: Medium | Update credit card - Nature Hi Support, Can you send me the invoice for transaction #99283? Just law rest federal goal year yes.",0,0
"Channel: Email | Priority: Low | Change email - Reason Hi Support, My profile picture is not updating. Win site skin country.",0,1
"Channel: Web Form | Priority: Medium | Feature request - Upon Hi Support, What are your support operating hours? Issue make stage.",0,0
"Channel: Web Form | Priority: Medium | Demo request - Painting Hi Support, Do you offer a discount for non-profits? Beyond man read throw.",0,0
"Channel: Web Form | Priority: Low | Delete account - Class Hi Support, My profile picture is not updating. Wish majority sister minute house people.",1,1
"Channel: Email | Priority: Low | Product question - Safe Hi Support, Where is your headquarters located? Trouble Mr two her research.",0,0
"Channel: Chat | Priority: Medium | Feature request - Value Hi Support, How does the team pricing tier work? Wear discover bed upon food beyond.",1,1
"Channel: Chat | Priority: Medium | Pricing tiers - Likely Hi Support, What are your support operating hours? More despite left somebody however.",0,0
"Channel: Web Form | Priority: High | Alert notification - Far Hi Support, Why is there a new device added to my trusted list? Hair city teacher recognize beautiful issue practice represent.",1,1
"Channel: Email | Priority: Low | Change email - The Hi Support, I am not receiving the password reset email. Sometimes society not cover pick black military.",1,1
"Channel: Web Form | Priority: Low | Office location - What Hi Support, I would like to request a demo for my team. Cause produce board expert specific.",0,0
"Channel: Web Form | Priority: High | Login failed - Over Hi Support, How do I install the latest patch on Windows 11? Job price spring.",0,0
"Channel: Chat | Priority: Low | Feature request - Describe Hi Support, I would like to request a demo for my team. To page affect ask rock control teach feel.",0,0
"Channel: Web Form | Priority: Low | Refund status - Always Hi Support, I requested a refund 5 days ago, where is it? Station garden although since total reduce.",1,1
"Channel: Email | Priority: Low | Refund status - Story Hi Support, Can you send me the invoice for transaction #99283? Mrs position sea police full develop air debate.",0,0
"Channel: Email | Priority: Low | Change email - Energy Hi Support, Please help me change the email address associated with my account. Force attention nice share again.",1,0
"Channel: Web Form | Priority: High | Feature request - Then Hi Support, Do you offer a discount for non-profits? Billion operation find they decision part material.",1,1
"Channel: Web Form | Priority: Low | Profile update - Item Hi Support, I am not receiving the password reset email. Card skin knowledge stand member treat movement.",0,0
"Channel: Chat | Priority: High | Login failed - Throughout Hi Support, I cannot log into my account even after resetting the password. Us move first score it charge these.",0,0
"Channel: Chat | Priority: High | Screen freezes - Alone Hi Support, How do I install the latest patch on Windows 11? Spend however individual specific available gun professor.",1,1
"Channel: Email | Priority: Low | Update credit card - Why Hi Support, I have been trying to update my payment method but it keeps failing. Television guy maintain continue check but step candidate.",1,1
"Channel: Email | Priority: Low | 2FA issues - Commercial Hi Support, I lost my phone and cannot pass the 2FA check. Light process of meeting.",1,0
"Channel: Email | Priority: Low | Login failed - Agree Hi Support, The dashboard is not loading any data, just a spinning wheel. Grow ask answer never trade heart.",1,1
"Channel: Chat | Priority: Medium | Charged twice - It Hi Support, My subscription renewed automatically, but I wanted to cancel. However education choose.",0,0
"Channel: Email | Priority: Medium | Invoice discrepancy - Could Hi Support, My subscription renewed automatically, but I wanted to cancel. Civil strategy agree.",0,0
"Channel: Email | Priority: High | Data not syncing - Range Hi Support, How do I install the latest patch on Windows 11? Effect coach yeah.",1,1
"Channel: Email | Priority: Medium | Update credit card - City Hi Support, I have been trying to update my payment method but it keeps failing. Season involve thank.",0,0
"Channel: Email | Priority: Medium | Installation issue - Guy Hi Support, I cannot log into my account even after resetting the password. Set bank whom add between find out.",0,0
"Channel: Email | Priority: Low | Pricing tiers - With Hi Support, I would like to request a demo for my team. And your material help technology.",0,0
"Channel: Chat | Priority: High | Screen freezes - Around Hi Support, How do I install the latest patch on Windows 11? Past others capital eight heart eat.",1,1
"Channel: Web Form | Priority: Medium | Office location - Less Hi Support, Where is your headquarters located? Walk ability control vote sort party last.",0,0
"Channel: Web Form | Priority: High | App crashing - Nor Hi Support, We are receiving a 500 Internal Server Error on the API endpoint. Four seat sort job.",0,0
"Channel: Web Form | Priority: Medium | Feature request - Movement Hi Support, How does the team pricing tier work? Toward modern charge decide deep in exist edge.",1,1
"Channel: Web Form | Priority: Medium | Charged twice - Summer Hi Support, Can you send me the invoice for transaction #99283? Professional defense break ground.",0,0
"Channel: Chat | Priority: Low | Refund status - Discuss Hi Support, I have been trying to update my payment method but it keeps failing. Tax let ground hot.",1,1
"Channel: Web Form | Priority: Medium | Demo request - Audience Hi Support, Is there a roadmap for new features this year? Foot indicate bag job.",1,0
"Channel: Email | Priority: High | App crashing - Perhaps Hi Support, We are receiving a 500 Internal Server Error on the API endpoint. Miss successful by.",0,0
"Channel: Email | Priority: Medium | Invoice discrepancy - Fine Hi Support, My subscription renewed automatically, but I wanted to cancel. Part rule citizen turn air sort.",0,0
"Channel: Chat | Priority: Medium | Installation issue - Agency Hi Support, The dashboard is not loading any data, just a spinning wheel. Operation point look everybody little everything policy.",0,0
"Channel: Web Form | Priority: Medium | Refund status - Reveal Hi Support, I requested a refund 5 days ago, where is it? Evening natural process family.",0,0
"Channel: Email | Priority: Low | Subscription upgrade - Guy Hi Support, I want to permanently delete my account and data. Area religious spring whom return nearly particularly.",0,0
"Channel: Chat | Priority: Medium | Charged twice - Guy Hi Support, I have been trying to update my payment method but it keeps failing. Since with finish expect direction recognize different.",0,0
"Channel: Email | Priority: Medium | Installation issue - Difference Hi Support, My data hasn't synced to the cloud for 24 hours. Tree to career opportunity pay look wonder.",0,0
"Channel: Chat | Priority: High | API Error 500 - Audience Hi Support, We are receiving a 500 Internal Server Error on the API endpoint. Lay begin either.",0,0
"Channel: Email | Priority: Low | Product question - Interesting Hi Support, Is there a roadmap for new features this year? Street success after religious choose Republican include.",0,0
"Channel: Web Form | Priority: Medium | Invoice discrepancy - Enough Hi Support, Can you send me the invoice for transaction #99283? Them all seem next hotel boy.",0,0
"Channel: Chat | Priority: Medium | Invoice discrepancy - Environmental Hi Support, Why is my bill higher than the agreed amount? System area after as several.",0,0
"Channel: Web Form | Priority: Low | Delete account - Service Hi Support, How do I upgrade to the Enterprise plan? Us course adult drop happy.",0,0
"Channel: Email | Priority: Medium | Screen freezes - Policy Hi Support, I cannot log into my account even after resetting the password. Heart happy reveal walk.",0,0
"Channel: Email | Priority: Low | App crashing - Film Hi Support, I cannot log into my account even after resetting the password. Both scientist thank light lawyer nearly.",1,1
"Channel: Email | Priority: Medium | 2FA issues - People Hi Support, My profile picture is not updating. Month machine fear.",0,0
"Channel: Web Form | Priority: Medium | Installation issue - Trouble Hi Support, The dashboard is not loading any data, just a spinning wheel. Specific but month actually everybody mouth cup.",0,0
"Channel: Chat | Priority: Low | Feature request - Fear Hi Support, Do you offer a discount for non-profits? Author somebody follow drive quite young far.",0,0
"Channel: Chat | Priority: Medium | App crashing - Baby Hi Support, My data hasn't synced to the cloud for 24 hours. Throw material method can whom green debate.",0,0
"Channel: Chat | Priority: Critical | Alert notification - Health Hi Support, I received a suspicious email claiming to be support. Church trip against move.",1,1
"Channel: Email | Priority: High | Unrecognized login - Voice Hi Support, Someone used my card to make a purchase on your site. Peace increase lot investment crime hundred amount.",0,0
"Channel: Email | Priority: Medium | Data not syncing - Hear Hi Support, We are receiving a 500 Internal Server Error on the API endpoint. Value head of.",0,0
"Channel: Email | Priority: Low | 2FA issues - Design Hi Support, My profile picture is not updating. Bring concern hot look since.",0,0
"Channel: Chat | Priority: Medium | Change email - Arrive Hi Support, How do I upgrade to the Enterprise plan? Light likely wind American billion myself article.",0,0
"Channel: Chat | Priority: High | Suspicious charge - Enjoy Hi Support, Can you send me the invoice for transaction #99283? Ahead cultural some risk into area meet.",1,1
"Channel: Web Form | Priority: Medium | Pricing tiers - I Hi Support, Do you offer a discount for non-profits? Rather there know trouble his ten training.",0,0
"Channel: Web Form | Priority: High | App crashing - Middle Hi Support, We are receiving a 500 Internal Server Error on the API endpoint. Yet mind what address food follow pick large.",0,0
"Channel: Web Form | Priority: High | Data not syncing - Major Hi Support, How do I install the latest patch on Windows 11? Wrong middle theory quickly amount last heart.",1,1
"Channel: Email | Priority: Low | Change email - Reveal Hi Support, How do I upgrade to the Enterprise plan? Heavy seem data little happy day.",0,0
"Channel: Chat | Priority: Low | Feature request - Toward Hi Support, Do you offer a discount for non-profits? Him each hand already edge remember third.",0,0
"Channel: Chat | Priority: Low | Delete account - Although Hi Support, Please help me change the email address associated with my account. Letter early join bank type church quickly.",0,0
"Channel: Chat | Priority: Low | Suspicious charge - Start Hi Support, Why is my bill higher than the agreed amount? Daughter course occur early dinner.",0,0
"Channel: Chat | Priority: High | App crashing - Herself Hi Support, How do I install the latest patch on Windows 11? Act anyone painting others.",1,1
"Channel: Email | Priority: Low | Product question - Seat Hi Support, Is there a roadmap for new features this year? Beyond help put recognize realize.",0,0
"Channel: Chat | Priority: Low | Screen freezes - Available Hi Support, We are receiving a 500 Internal Server Error on the API endpoint. Well population officer investment serious.",1,1
"Channel: Email | Priority: Medium | Hours of operation - Truth Hi Support, Is there a roadmap for new features this year? Draw forget nice most himself.",0,0
"Channel: Chat | Priority: High | Login failed - Job Hi Support, We are receiving a 500 Internal Server Error on the API endpoint. Agency suddenly energy though place.",0,0
"Channel: Chat | Priority: Medium | Refund status - Event Hi Support, I have been trying to update my payment method but it keeps failing. Stage happy score suffer.",0,0
"Channel: Web Form | Priority: Medium | Delete account - Town Hi Support, I am not receiving the password reset email. Soldier mind plant five dark decide way.",0,0
"Channel: Chat | Priority: Low | Suspicious charge - Five Hi Support, Why is my bill higher than the agreed amount? Another such space protect statement.",0,0
"Channel: Web Form | Priority: Low | Password reset - All Hi Support, I want to permanently delete my account and data. Church black poor drop choose this Republican.",0,1
"Channel: Web Form | Priority: High | API Error 500 - Before Hi Support, I cannot log into my account even after resetting the password. Case government painting maybe several.",0,0
"Channel: Web Form | Priority: Low | Product question - Particularly Hi Support, Where is your headquarters located? Too tell parent blue professor create.",0,0
"Channel: Web Form | Priority: Low | Password reset - Organization Hi Support, I lost my phone and cannot pass the 2FA check. Political base north word new yourself from challenge.",0,0
"Channel: Chat | Priority: Low | Subscription upgrade - Perhaps Hi Support, I am not receiving the password reset email. Idea career almost.",0,1
"Channel: Web Form | Priority: Low | Change email - With Hi Support, I lost my phone and cannot pass the 2FA check. True full from until full each agree.",1,0
